id,node_id,forecast_timestamp,generated_at,horizon_hour,predicted_congestion,risk_level,temp_c,weather_condition,scheduled_trips,top_positive_factors,top_negative_factors,shap_base_value
2401,MAA_CENTRAL_STATION,2026-09-23T21:00:00,2026-09-23T20:00:00,1,75.2,HIGH,29.6,Sunny & Warm,12,"[{""feature_key"": ""lag_168"", ""feature_name"": ""Same Time Last Week Congestion"", ""feature_value"": 78.3, ""shap_value"": 12.78, ""impact"": 12.78}, {""feature_key"": ""lag_1"", ""feature_name"": ""Recent Congestion (1h ago)"", ""feature_value"": 98.5, ""shap_value"": 3.97, ""impact"": 3.97}, {""feature_key"": ""lag_foot_24"", ""feature_name"": ""Yesterday's Foot-Traffic"", ""feature_value"": 9565.0, ""shap_value"": 2.18, ""impact"": 2.18}, {""feature_key"": ""lag_foot_1"", ""feature_name"": ""Recent Foot-Traffic (1h ago)"", ""feature_value"": 13620.0, ""shap_value"": 1.32, ""impact"": 1.32}, {""feature_key"": ""temp_c"", ""feature_name"": ""Ambient Temperature"", ""feature_value"": 29.6, ""shap_value"": 0.76, ""impact"": 0.76}]","[{""feature_key"": ""hour_cos"", ""feature_name"": ""Time of Day (Diurnal Cycle)"", ""feature_value"": 0.71, ""shap_value"": -1.21, ""impact"": -1.21}, {""feature_key"": ""hour_sin"", ""feature_name"": ""Time of Day (Peak Window)"", ""feature_value"": -0.71, ""shap_value"": -1.06, ""impact"": -1.06}, {""feature_key"": ""scheduled_trips"", ""feature_name"": ""Transit Dispatch Frequency"", ""feature_value"": 12.0, ""shap_value"": -1.01, ""impact"": -1.01}, {""feature_key"": ""lag_3"", ""feature_name"": ""Short-term Congestion (3h ago)"", ""feature_value"": 98.5, ""shap_value"": -0.87, ""impact"": -0.87}, {""feature_key"": ""transit_pressure_ratio"", ""feature_name"": ""Transit Demand-to-Supply Ratio"", ""feature_value"": 5.39, ""shap_value"": -0.86, ""impact"": -0.86}]",60.24
2402,MAA_CENTRAL_STATION,2026-09-23T22:00:00,2026-09-23T20:00:00,2,43.1,MODERATE,26.8,Sunny & Warm,12,"[{""feature_key"": ""lag_1"", ""feature_name"": ""Recent Congestion (1h ago)"", ""feature_value"": 75.2, ""shap_value"": 2.23, ""impact"": 2.23}, {""feature_key"": ""lag_foot_1"", ""feature_name"": ""Recent Foot-Traffic (1h ago)"", ""feature_value"": 9024.0, ""shap_value"": 0.71, ""impact"": 0.71}, {""feature_key"": ""dow_cos"", ""feature_name"": ""Day of Week Alignment"", ""feature_value"": -0.22, ""shap_value"": 0.16, ""impact"": 0.16}, {""feature_key"": ""lag_2"", ""feature_name"": ""Short-term Congestion (2h ago)"", ""feature_value"": 98.5, ""shap_value"": 0.11, ""impact"": 0.11}, {""feature_key"": ""roll_mean_3h"", ""feature_name"": ""3-Hour Moving Congestion Trend"", ""feature_value"": 90.73, ""shap_value"": 0.09, ""impact"": 0.09}]","[{""feature_key"": ""lag_168"", ""feature_name"": ""Same Time Last Week Congestion"", ""feature_value"": 58.8, ""shap_value"": -5.34, ""impact"": -5.34}, {""feature_key"": ""hour_cos"", ""feature_name"": ""Time of Day (Diurnal Cycle)"", ""feature_value"": 0.87, ""shap_value"": -3.85, ""impact"": -3.85}, {""feature_key"": ""temp_c"", ""feature_name"": ""Ambient Temperature"", ""feature_value"": 26.8, ""shap_value"": -1.57, ""impact"": -1.57}, {""feature_key"": ""lag_3"", ""feature_name"": ""Short-term Congestion (3h ago)"", ""feature_value"": 98.5, ""shap_value"": -1.28, ""impact"": -1.28}, {""feature_key"": ""hour_sin"", ""feature_name"": ""Time of Day (Peak Window)"", ""feature_value"": -0.5, ""shap_value"": -1.21, ""impact"": -1.21}]",60.24
2403,MAA_CENTRAL_STATION,2026-09-23T23:00:00,2026-09-23T20:00:00,3,22.2,LOW,26.4,Sunny & Warm,12,"[{""feature_key"": ""lag_foot_1"", ""feature_name"": ""Recent Foot-Traffic (1h ago)"", ""feature_value"": 5172.0, ""shap_value"": 0.41, ""impact"": 0.41}, {""feature_key"": ""tourist_weight"", ""feature_name"": ""Tourist Landmark Dominance"", ""feature_value"": 0.65, ""shap_value"": 0.09, ""impact"": 0.09}, {""feature_key"": ""transit_weight"", ""feature_name"": ""Transit Commuter Dominance"", ""feature_value"": 0.9, ""shap_value"": 0.06, ""impact"": 0.06}, {""feature_key"": ""lag_2"", ""feature_name"": ""Short-term Congestion (2h ago)"", ""feature_value"": 75.2, ""shap_value"": 0.03, ""impact"": 0.03}, {""feature_key"": ""dow_cos"", ""feature_name"": ""Day of Week Alignment"", ""feature_value"": -0.22, ""shap_value"": 0.02, ""impact"": 0.02}]","[{""feature_key"": ""lag_168"", ""feature_name"": ""Same Time Last Week Congestion"", ""feature_value"": 27.2, ""shap_value"": -22.45, ""impact"": -22.45}, {""feature_key"": ""lag_24"", ""feature_name"": ""Yesterday's Same-Hour Congestion"", ""feature_value"": 20.3, ""shap_value"": -3.0, ""impact"": -3.0}, {""feature_key"": ""hour_cos"", ""feature_name"": ""Time of Day (Diurnal Cycle)"", ""feature_value"": 0.97, ""shap_value"": -2.88, ""impact"": -2.88}, {""feature_key"": ""lag_1"", ""feature_name"": ""Recent Congestion (1h ago)"", ""feature_value"": 43.1, ""shap_value"": -2.0, ""impact"": -2.0}, {""feature_key"": ""lag_foot_24"", ""feature_name"": ""Yesterday's Foot-Traffic"", ""feature_value"": 1124.0, ""shap_value"": -1.89, ""impact"": -1.89}]",60.24
2404,MAA_CENTRAL_STATION,2026-09-24T00:00:00,2026-09-23T20:00:00,4,20.0,LOW,25.6,Humid / Overcast,8,"[{""feature_key"": ""lag_trips_24"", ""feature_name"": ""Yesterday's Scheduled Transit Trips"", ""feature_value"": 6.0, ""shap_value"": 0.22, ""impact"": 0.22}, {""feature_key"": ""capacity_baseline"", ""feature_name"": ""Station Theoretical Capacity"", ""feature_value"": 12000.0, ""shap_value"": 0.09, ""impact"": 0.09}, {""feature_key"": ""transit_weight"", ""feature_name"": ""Transit Commuter Dominance"", ""feature_value"": 0.9, ""shap_value"": 0.06, ""impact"": 0.06}, {""feature_key"": ""tourist_weight"", ""feature_name"": ""Tourist Landmark Dominance"", ""feature_value"": 0.65, ""shap_value"": 0.06, ""impact"": 0.06}]","[{""feature_key"": ""lag_168"", ""feature_name"": ""Same Time Last Week Congestion"", ""feature_value"": 28.2, ""shap_value"": -23.42, ""impact"": -23.42}, {""feature_key"": ""lag_foot_24"", ""feature_name"": ""Yesterday's Foot-Traffic"", ""feature_value"": 591.0, ""shap_value"": -4.49, ""impact"": -4.49}, {""feature_key"": ""lag_24"", ""feature_name"": ""Yesterday's Same-Hour Congestion"", ""feature_value"": 18.4, ""shap_value"": -3.01, ""impact"": -3.01}, {""feature_key"": ""lag_1"", ""feature_name"": ""Recent Congestion (1h ago)"", ""feature_value"": 22.2, ""shap_value"": -2.68, ""impact"": -2.68}, {""feature_key"": ""hour_cos"", ""feature_name"": ""Time of Day (Diurnal Cycle)"", ""feature_value"": 1.0, ""shap_value"": -2.29, ""impact"": -2.29}]",60.24
2405,MAA_CENTRAL_STATION,2026-09-24T01:00:00,2026-09-23T20:00:00,5,24.5,LOW,26.0,Humid / Overcast,8,"[{""feature_key"": ""lag_trips_24"", ""feature_name"": ""Yesterday's Scheduled Transit Trips"", ""feature_value"": 6.0, ""shap_value"": 0.26, ""impact"": 0.26}, {""feature_key"": ""lag_3"", ""feature_name"": ""Short-term Congestion (3h ago)"", ""feature_value"": 43.1, ""shap_value"": 0.23, ""impact"": 0.23}, {""feature_key"": ""transit_weight"", ""feature_name"": ""Transit Commuter Dominance"", ""feature_value"": 0.9, ""shap_value"": 0.06, ""impact"": 0.06}, {""feature_key"": ""tourist_weight"", ""feature_name"": ""Tourist Landmark Dominance"", ""feature_value"": 0.65, ""shap_value"": 0.06, ""impact"": 0.06}, {""feature_key"": ""roll_mean_6h"", ""feature_name"": ""6-Hour Moving Congestion Trend"", ""feature_value"": 59.58, ""shap_value"": 0.06, ""impact"": 0.06}]","[{""feature_key"": ""lag_168"", ""feature_name"": ""Same Time Last Week Congestion"", ""feature_value"": 30.0, ""shap_value"": -21.47, ""impact"": -21.47}, {""feature_key"": ""lag_1"", ""feature_name"": ""Recent Congestion (1h ago)"", ""feature_value"": 20.0, ""shap_value"": -2.91, ""impact"": -2.91}, {""feature_key"": ""lag_foot_24"", ""feature_name"": ""Yesterday's Foot-Traffic"", ""feature_value"": 799.0, ""shap_value"": -2.91, ""impact"": -2.91}, {""feature_key"": ""hour_cos"", ""feature_name"": ""Time of Day (Diurnal Cycle)"", ""feature_value"": 0.97, ""shap_value"": -2.12, ""impact"": -2.12}, {""feature_key"": ""lag_24"", ""feature_name"": ""Yesterday's Same-Hour Congestion"", ""feature_value"": 25.0, ""shap_value"": -2.07, ""impact"": -2.07}]",60.24
2406,MAA_CENTRAL_STATION,2026-09-24T02:00:00,2026-09-23T20:00:00,6,26.4,LOW,24.6,Humid / Overcast,8,"[{""feature_key"": ""lag_trips_24"", ""feature_name"": ""Yesterday's Scheduled Transit Trips"", ""feature_value"": 6.0, ""shap_value"": 0.27, ""impact"": 0.27}, {""feature_key"": ""lag_3"", ""feature_name"": ""Short-term Congestion (3h ago)"", ""feature_value"": 22.2, ""shap_value"": 0.2, ""impact"": 0.2}, {""feature_key"": ""roll_mean_6h"", ""feature_name"": ""6-Hour Moving Congestion Trend"", ""feature_value"": 47.25, ""shap_value"": 0.12, ""impact"": 0.12}, {""feature_key"": ""temp_c"", ""feature_name"": ""Ambient Temperature"", ""feature_value"": 24.6, ""shap_value"": 0.07, ""impact"": 0.07}, {""feature_key"": ""tourist_weight"", ""feature_name"": ""Tourist Landmark Dominance"", ""feature_value"": 0.65, ""shap_value"": 0.07, ""impact"": 0.07}]","[{""feature_key"": ""lag_168"", ""feature_name"": ""Same Time Last Week Congestion"", ""feature_value"": 34.9, ""shap_value"": -18.19, ""impact"": -18.19}, {""feature_key"": ""lag_foot_24"", ""feature_name"": ""Yesterday's Foot-Traffic"", ""feature_value"": 812.0, ""shap_value"": -4.09, ""impact"": -4.09}, {""feature_key"": ""lag_1"", ""feature_name"": ""Recent Congestion (1h ago)"", ""feature_value"": 24.5, ""shap_value"": -2.89, ""impact"": -2.89}, {""feature_key"": ""lag_24"", ""feature_name"": ""Yesterday's Same-Hour Congestion"", ""feature_value"": 25.3, ""shap_value"": -2.4, ""impact"": -2.4}, {""feature_key"": ""hour_cos"", ""feature_name"": ""Time of Day (Diurnal Cycle)"", ""feature_value"": 0.87, ""shap_value"": -1.87, ""impact"": -1.87}]",60.24
2407,MAA_CENTRAL_STATION,2026-09-24T03:00:00,2026-09-23T20:00:00,7,37.6,MODERATE,24.9,Monsoon Downpour,8,"[{""feature_key"": ""weather_transit_surge"", ""feature_name"": ""Rainfall Transit Inflow Surge"", ""feature_value"": 1.44, ""shap_value"": 3.38, ""impact"": 3.38}, {""feature_key"": ""precip_mm"", ""feature_name"": ""Rainfall Intensity"", ""feature_value"": 12.63, ""shap_value"": 2.44, ""impact"": 2.44}, {""feature_key"": ""weather_tourism_suppression"", ""feature_name"": ""Weather Tourist Dampening Index"", ""feature_value"": 1.17, ""shap_value"": 1.29, ""impact"": 1.29}, {""feature_key"": ""is_rain"", ""feature_name"": ""Rain Weather Friction"", ""feature_value"": 1.0, ""shap_value"": 0.44, ""impact"": 0.44}, {""feature_key"": ""roll_mean_6h"", ""feature_name"": ""6-Hour Moving Congestion Trend"", ""feature_value"": 35.23, ""shap_value"": 0.39, ""impact"": 0.39}]","[{""feature_key"": ""lag_168"", ""feature_name"": ""Same Time Last Week Congestion"", ""feature_value"": 26.9, ""shap_value"": -21.48, ""impact"": -21.48}, {""feature_key"": ""lag_1"", ""feature_name"": ""Recent Congestion (1h ago)"", ""feature_value"": 26.4, ""shap_value"": -2.36, ""impact"": -2.36}, {""feature_key"": ""lag_foot_24"", ""feature_name"": ""Yesterday's Foot-Traffic"", ""feature_value"": 937.0, ""shap_value"": -2.32, ""impact"": -2.32}, {""feature_key"": ""lag_24"", ""feature_name"": ""Yesterday's Same-Hour Congestion"", ""feature_value"": 29.3, ""shap_value"": -1.28, ""impact"": -1.28}, {""feature_key"": ""hour_cos"", ""feature_name"": ""Time of Day (Diurnal Cycle)"", ""feature_value"": 0.71, ""shap_value"": -1.27, ""impact"": -1.27}]",60.24
2408,MAA_CENTRAL_STATION,2026-09-24T04:00:00,2026-09-23T20:00:00,8,44.1,MODERATE,27.2,Monsoon Downpour,8,"[{""feature_key"": ""weather_transit_surge"", ""feature_name"": ""Rainfall Transit Inflow Surge"", ""feature_value"": 1.44, ""shap_value"": 2.94, ""impact"": 2.94}, {""feature_key"": ""precip_mm"", ""feature_name"": ""Rainfall Intensity"", ""feature_value"": 13.93, ""shap_value"": 2.89, ""impact"": 2.89}, {""feature_key"": ""weather_tourism_suppression"", ""feature_name"": ""Weather Tourist Dampening Index"", ""feature_value"": 1.17, ""shap_value"": 1.42, ""impact"": 1.42}, {""feature_key"": ""roll_mean_6h"", ""feature_name"": ""6-Hour Moving Congestion Trend"", ""feature_value"": 28.97, ""shap_value"": 0.52, ""impact"": 0.52}, {""feature_key"": ""is_rain"", ""feature_name"": ""Rain Weather Friction"", ""feature_value"": 1.0, ""shap_value"": 0.47, ""impact"": 0.47}]","[{""feature_key"": ""lag_168"", ""feature_name"": ""Same Time Last Week Congestion"", ""feature_value"": 32.5, ""shap_value"": -19.05, ""impact"": -19.05}, {""feature_key"": ""lag_1"", ""feature_name"": ""Recent Congestion (1h ago)"", ""feature_value"": 37.6, ""shap_value"": -2.21, ""impact"": -2.21}, {""feature_key"": ""lag_foot_24"", ""feature_name"": ""Yesterday's Foot-Traffic"", ""feature_value"": 1029.0, ""shap_value"": -1.77, ""impact"": -1.77}, {""feature_key"": ""lag_24"", ""feature_name"": ""Yesterday's Same-Hour Congestion"", ""feature_value"": 28.9, ""shap_value"": -1.01, ""impact"": -1.01}, {""feature_key"": ""hour_cos"", ""feature_name"": ""Time of Day (Diurnal Cycle)"", ""feature_value"": 0.5, ""shap_value"": -0.8, ""impact"": -0.8}]",60.24
2409,MAA_CENTRAL_STATION,2026-09-24T05:00:00,2026-09-23T20:00:00,9,45.1,MODERATE,25.6,Monsoon Downpour,12,"[{""feature_key"": ""precip_mm"", ""feature_name"": ""Rainfall Intensity"", ""feature_value"": 9.92, ""shap_value"": 3.04, ""impact"": 3.04}, {""feature_key"": ""weather_transit_surge"", ""feature_name"": ""Rainfall Transit Inflow Surge"", ""feature_value"": 1.44, ""shap_value"": 2.95, ""impact"": 2.95}, {""feature_key"": ""weather_tourism_suppression"", ""feature_name"": ""Weather Tourist Dampening Index"", ""feature_value"": 1.17, ""shap_value"": 1.29, ""impact"": 1.29}, {""feature_key"": ""lag_foot_1"", ""feature_name"": ""Recent Foot-Traffic (1h ago)"", ""feature_value"": 5292.0, ""shap_value"": 0.93, ""impact"": 0.93}, {""feature_key"": ""hour_sin"", ""feature_name"": ""Time of Day (Peak Window)"", ""feature_value"": 0.97, ""shap_value"": 0.68, ""impact"": 0.68}]","[{""feature_key"": ""lag_168"", ""feature_name"": ""Same Time Last Week Congestion"", ""feature_value"": 29.5, ""shap_value"": -20.77, ""impact"": -20.77}, {""feature_key"": ""lag_1"", ""feature_name"": ""Recent Congestion (1h ago)"", ""feature_value"": 44.1, ""shap_value"": -1.62, ""impact"": -1.62}, {""feature_key"": ""lag_24"", ""feature_name"": ""Yesterday's Same-Hour Congestion"", ""feature_value"": 28.4, ""shap_value"": -1.32, ""impact"": -1.32}, {""feature_key"": ""lag_foot_24"", ""feature_name"": ""Yesterday's Foot-Traffic"", ""feature_value"": 1575.0, ""shap_value"": -0.85, ""impact"": -0.85}, {""feature_key"": ""transit_pressure_ratio"", ""feature_name"": ""Transit Demand-to-Supply Ratio"", ""feature_value"": 5.44, ""shap_value"": -0.6, ""impact"": -0.6}]",60.24
2410,MAA_CENTRAL_STATION,2026-09-24T06:00:00,2026-09-23T20:00:00,10,68.3,HIGH,28.9,Monsoon Downpour,12,"[{""feature_key"": ""weather_transit_surge"", ""feature_name"": ""Rainfall Transit Inflow Surge"", ""feature_value"": 1.44, ""shap_value"": 4.31, ""impact"": 4.31}, {""feature_key"": ""lag_foot_24"", ""feature_name"": ""Yesterday's Foot-Traffic"", ""feature_value"": 4769.0, ""shap_value"": 3.31, ""impact"": 3.31}, {""feature_key"": ""precip_mm"", ""feature_name"": ""Rainfall Intensity"", ""feature_value"": 13.58, ""shap_value"": 2.79, ""impact"": 2.79}, {""feature_key"": ""hour_cos"", ""feature_name"": ""Time of Day (Diurnal Cycle)"", ""feature_value"": 0.0, ""shap_value"": 1.38, ""impact"": 1.38}, {""feature_key"": ""weather_tourism_suppression"", ""feature_name"": ""Weather Tourist Dampening Index"", ""feature_value"": 1.17, ""shap_value"": 1.15, ""impact"": 1.15}]","[{""feature_key"": ""lag_168"", ""feature_name"": ""Same Time Last Week Congestion"", ""feature_value"": 50.2, ""shap_value"": -5.07, ""impact"": -5.07}, {""feature_key"": ""lag_1"", ""feature_name"": ""Recent Congestion (1h ago)"", ""feature_value"": 45.1, ""shap_value"": -2.28, ""impact"": -2.28}, {""feature_key"": ""lag_24"", ""feature_name"": ""Yesterday's Same-Hour Congestion"", ""feature_value"": 48.0, ""shap_value"": -1.6, ""impact"": -1.6}, {""feature_key"": ""scheduled_trips"", ""feature_name"": ""Transit Dispatch Frequency"", ""feature_value"": 12.0, ""shap_value"": -0.66, ""impact"": -0.66}, {""feature_key"": ""transit_pressure_ratio"", ""feature_name"": ""Transit Demand-to-Supply Ratio"", ""feature_value"": 5.5, ""shap_value"": -0.49, ""impact"": -0.49}]",60.24
2411,MAA_CENTRAL_STATION,2026-09-24T07:00:00,2026-09-23T20:00:00,11,92.3,SEVERE,29.8,Monsoon Downpour,12,"[{""feature_key"": ""lag_168"", ""feature_name"": ""Same Time Last Week Congestion"", ""feature_value"": 96.6, ""shap_value"": 20.64, ""impact"": 20.64}, {""feature_key"": ""weather_transit_surge"", ""feature_name"": ""Rainfall Transit Inflow Surge"", ""feature_value"": 1.44, ""shap_value"": 4.69, ""impact"": 4.69}, {""feature_key"": ""lag_foot_24"", ""feature_name"": ""Yesterday's Foot-Traffic"", ""feature_value"": 10062.0, ""shap_value"": 2.15, ""impact"": 2.15}, {""feature_key"": ""hour_cos"", ""feature_name"": ""Time of Day (Diurnal Cycle)"", ""feature_value"": -0.26, ""shap_value"": 1.62, ""impact"": 1.62}, {""feature_key"": ""lag_foot_1"", ""feature_name"": ""Recent Foot-Traffic (1h ago)"", ""feature_value"": 8196.0, ""shap_value"": 1.04, ""impact"": 1.04}]","[{""feature_key"": ""lag_1"", ""feature_name"": ""Recent Congestion (1h ago)"", ""feature_value"": 68.3, ""shap_value"": -0.99, ""impact"": -0.99}, {""feature_key"": ""scheduled_trips"", ""feature_name"": ""Transit Dispatch Frequency"", ""feature_value"": 12.0, ""shap_value"": -0.59, ""impact"": -0.59}, {""feature_key"": ""transit_pressure_ratio"", ""feature_name"": ""Transit Demand-to-Supply Ratio"", ""feature_value"": 5.57, ""shap_value"": -0.33, ""impact"": -0.33}, {""feature_key"": ""lag_24"", ""feature_name"": ""Yesterday's Same-Hour Congestion"", ""feature_value"": 76.3, ""shap_value"": -0.28, ""impact"": -0.28}, {""feature_key"": ""roll_std_24h"", ""feature_name"": ""24-Hour Crowd Volatility"", ""feature_value"": 26.95, ""shap_value"": -0.11, ""impact"": -0.11}]",60.24
2412,MAA_CENTRAL_STATION,2026-09-24T08:00:00,2026-09-23T20:00:00,12,94.5,SEVERE,31.0,Sunny & Warm,32,"[{""feature_key"": ""lag_168"", ""feature_name"": ""Same Time Last Week Congestion"", ""feature_value"": 98.5, ""shap_value"": 24.11, ""impact"": 24.11}, {""feature_key"": ""lag_1"", ""feature_name"": ""Recent Congestion (1h ago)"", ""feature_value"": 92.3, ""shap_value"": 2.94, ""impact"": 2.94}, {""feature_key"": ""lag_foot_24"", ""feature_name"": ""Yesterday's Foot-Traffic"", ""feature_value"": 12129.0, ""shap_value"": 2.62, ""impact"": 2.62}, {""feature_key"": ""hour_cos"", ""feature_name"": ""Time of Day (Diurnal Cycle)"", ""feature_value"": -0.5, ""shap_value"": 1.39, ""impact"": 1.39}, {""feature_key"": ""lag_foot_1"", ""feature_name"": ""Recent Foot-Traffic (1h ago)"", ""feature_value"": 11076.0, ""shap_value"": 1.24, ""impact"": 1.24}]","[{""feature_key"": ""hour_sin"", ""feature_name"": ""Time of Day (Peak Window)"", ""feature_value"": 0.87, ""shap_value"": -0.75, ""impact"": -0.75}, {""feature_key"": ""weather_transit_surge"", ""feature_name"": ""Rainfall Transit Inflow Surge"", ""feature_value"": 0.0, ""shap_value"": -0.42, ""impact"": -0.42}, {""feature_key"": ""lag_trips_24"", ""feature_name"": ""Yesterday's Scheduled Transit Trips"", ""feature_value"": 32.0, ""shap_value"": -0.27, ""impact"": -0.27}, {""feature_key"": ""dow_sin"", ""feature_name"": ""Weekly Schedule Cycle"", ""feature_value"": 0.43, ""shap_value"": -0.22, ""impact"": -0.22}, {""feature_key"": ""precip_mm"", ""feature_name"": ""Rainfall Intensity"", ""feature_value"": 0.0, ""shap_value"": -0.11, ""impact"": -0.11}]",60.24
2413,MAA_CENTRAL_STATION,2026-09-24T09:00:00,2026-09-23T20:00:00,13,97.2,SEVERE,31.6,Sunny & Warm,32,"[{""feature_key"": ""lag_168"", ""feature_name"": ""Same Time Last Week Congestion"", ""feature_value"": 98.5, ""shap_value"": 24.71, ""impact"": 24.71}, {""feature_key"": ""lag_1"", ""feature_name"": ""Recent Congestion (1h ago)"", ""feature_value"": 94.5, ""shap_value"": 3.08, ""impact"": 3.08}, {""feature_key"": ""lag_foot_24"", ""feature_name"": ""Yesterday's Foot-Traffic"", ""feature_value"": 16051.0, ""shap_value"": 2.64, ""impact"": 2.64}, {""feature_key"": ""lag_24"", ""feature_name"": ""Yesterday's Same-Hour Congestion"", ""feature_value"": 98.5, ""shap_value"": 2.22, ""impact"": 2.22}, {""feature_key"": ""lag_foot_1"", ""feature_name"": ""Recent Foot-Traffic (1h ago)"", ""feature_value"": 11340.0, ""shap_value"": 1.49, ""impact"": 1.49}]","[{""feature_key"": ""hour_sin"", ""feature_name"": ""Time of Day (Peak Window)"", ""feature_value"": 0.71, ""shap_value"": -0.4, ""impact"": -0.4}, {""feature_key"": ""weather_transit_surge"", ""feature_name"": ""Rainfall Transit Inflow Surge"", ""feature_value"": 0.0, ""shap_value"": -0.35, ""impact"": -0.35}, {""feature_key"": ""lag_trips_24"", ""feature_name"": ""Yesterday's Scheduled Transit Trips"", ""feature_value"": 32.0, ""shap_value"": -0.24, ""impact"": -0.24}, {""feature_key"": ""dow_sin"", ""feature_name"": ""Weekly Schedule Cycle"", ""feature_value"": 0.43, ""shap_value"": -0.2, ""impact"": -0.2}, {""feature_key"": ""roll_mean_24h"", ""feature_name"": ""24-Hour Average Baseline"", ""feature_value"": 67.85, ""shap_value"": -0.17, ""impact"": -0.17}]",60.24
2414,MAA_CENTRAL_STATION,2026-09-24T10:00:00,2026-09-23T20:00:00,14,89.4,SEVERE,34.0,Sunny & Warm,32,"[{""feature_key"": ""lag_168"", ""feature_name"": ""Same Time Last Week Congestion"", ""feature_value"": 98.5, ""shap_value"": 22.27, ""impact"": 22.27}, {""feature_key"": ""lag_1"", ""feature_name"": ""Recent Congestion (1h ago)"", ""feature_value"": 97.2, ""shap_value"": 3.16, ""impact"": 3.16}, {""feature_key"": ""lag_foot_24"", ""feature_name"": ""Yesterday's Foot-Traffic"", ""feature_value"": 13270.0, ""shap_value"": 2.61, ""impact"": 2.61}, {""feature_key"": ""lag_foot_1"", ""feature_name"": ""Recent Foot-Traffic (1h ago)"", ""feature_value"": 11664.0, ""shap_value"": 1.47, ""impact"": 1.47}, {""feature_key"": ""lag_24"", ""feature_name"": ""Yesterday's Same-Hour Congestion"", ""feature_value"": 94.8, ""shap_value"": 1.44, ""impact"": 1.44}]","[{""feature_key"": ""hour_cos"", ""feature_name"": ""Time of Day (Diurnal Cycle)"", ""feature_value"": -0.87, ""shap_value"": -2.19, ""impact"": -2.19}, {""feature_key"": ""hour_sin"", ""feature_name"": ""Time of Day (Peak Window)"", ""feature_value"": 0.5, ""shap_value"": -1.08, ""impact"": -1.08}, {""feature_key"": ""weather_transit_surge"", ""feature_name"": ""Rainfall Transit Inflow Surge"", ""feature_value"": 0.0, ""shap_value"": -0.46, ""impact"": -0.46}, {""feature_key"": ""dow_sin"", ""feature_name"": ""Weekly Schedule Cycle"", ""feature_value"": 0.43, ""shap_value"": -0.36, ""impact"": -0.36}, {""feature_key"": ""lag_3"", ""feature_name"": ""Short-term Congestion (3h ago)"", ""feature_value"": 92.3, ""shap_value"": -0.34, ""impact"": -0.34}]",60.24
2415,MAA_CENTRAL_STATION,2026-09-24T11:00:00,2026-09-23T20:00:00,15,74.3,HIGH,33.3,Sunny & Warm,20,"[{""feature_key"": ""lag_168"", ""feature_name"": ""Same Time Last Week Congestion"", ""feature_value"": 89.3, ""shap_value"": 16.58, ""impact"": 16.58}, {""feature_key"": ""lag_1"", ""feature_name"": ""Recent Congestion (1h ago)"", ""feature_value"": 89.4, ""shap_value"": 2.7, ""impact"": 2.7}, {""feature_key"": ""lag_foot_24"", ""feature_name"": ""Yesterday's Foot-Traffic"", ""feature_value"": 9757.0, ""shap_value"": 2.1, ""impact"": 2.1}, {""feature_key"": ""lag_foot_1"", ""feature_name"": ""Recent Foot-Traffic (1h ago)"", ""feature_value"": 10728.0, ""shap_value"": 1.24, ""impact"": 1.24}, {""feature_key"": ""scheduled_trips"", ""feature_name"": ""Transit Dispatch Frequency"", ""feature_value"": 20.0, ""shap_value"": 0.47, ""impact"": 0.47}]","[{""feature_key"": ""hour_cos"", ""feature_name"": ""Time of Day (Diurnal Cycle)"", ""feature_value"": -0.97, ""shap_value"": -4.91, ""impact"": -4.91}, {""feature_key"": ""hour_sin"", ""feature_name"": ""Time of Day (Peak Window)"", ""feature_value"": 0.26, ""shap_value"": -1.96, ""impact"": -1.96}, {""feature_key"": ""roll_mean_6h"", ""feature_name"": ""6-Hour Moving Congestion Trend"", ""feature_value"": 81.13, ""shap_value"": -0.74, ""impact"": -0.74}, {""feature_key"": ""weather_transit_surge"", ""feature_name"": ""Rainfall Transit Inflow Surge"", ""feature_value"": 0.0, ""shap_value"": -0.74, ""impact"": -0.74}, {""feature_key"": ""lag_3"", ""feature_name"": ""Short-term Congestion (3h ago)"", ""feature_value"": 94.5, ""shap_value"": -0.68, ""impact"": -0.68}]",60.24
2416,MAA_CENTRAL_STATION,2026-09-24T12:00:00,2026-09-23T20:00:00,16,64.3,HIGH,35.5,Hot Summer Spell,20,"[{""feature_key"": ""lag_168"", ""feature_name"": ""Same Time Last Week Congestion"", ""feature_value"": 66.4, ""shap_value"": 5.6, ""impact"": 5.6}, {""feature_key"": ""lag_foot_24"", ""feature_name"": ""Yesterday's Foot-Traffic"", ""feature_value"": 7694.0, ""shap_value"": 2.28, ""impact"": 2.28}, {""feature_key"": ""lag_foot_1"", ""feature_name"": ""Recent Foot-Traffic (1h ago)"", ""feature_value"": 8916.0, ""shap_value"": 0.92, ""impact"": 0.92}, {""feature_key"": ""temp_c"", ""feature_name"": ""Ambient Temperature"", ""feature_value"": 35.5, ""shap_value"": 0.75, ""impact"": 0.75}, {""feature_key"": ""lag_1"", ""feature_name"": ""Recent Congestion (1h ago)"", ""feature_value"": 74.3, ""shap_value"": 0.5, ""impact"": 0.5}]","[{""feature_key"": ""hour_cos"", ""feature_name"": ""Time of Day (Diurnal Cycle)"", ""feature_value"": -1.0, ""shap_value"": -2.04, ""impact"": -2.04}, {""feature_key"": ""hour_sin"", ""feature_name"": ""Time of Day (Peak Window)"", ""feature_value"": 0.0, ""shap_value"": -1.92, ""impact"": -1.92}, {""feature_key"": ""lag_3"", ""feature_name"": ""Short-term Congestion (3h ago)"", ""feature_value"": 97.2, ""shap_value"": -1.32, ""impact"": -1.32}, {""feature_key"": ""dow_sin"", ""feature_name"": ""Weekly Schedule Cycle"", ""feature_value"": 0.43, ""shap_value"": -0.75, ""impact"": -0.75}, {""feature_key"": ""roll_mean_6h"", ""feature_name"": ""6-Hour Moving Congestion Trend"", ""feature_value"": 86.0, ""shap_value"": -0.72, ""impact"": -0.72}]",60.24
2417,MAA_CENTRAL_STATION,2026-09-24T13:00:00,2026-09-23T20:00:00,17,62.4,HIGH,34.2,Sunny & Warm,20,"[{""feature_key"": ""lag_168"", ""feature_name"": ""Same Time Last Week Congestion"", ""feature_value"": 67.1, ""shap_value"": 5.31, ""impact"": 5.31}, {""feature_key"": ""lag_foot_24"", ""feature_name"": ""Yesterday's Foot-Traffic"", ""feature_value"": 7739.0, ""shap_value"": 2.2, ""impact"": 2.2}, {""feature_key"": ""lag_foot_1"", ""feature_name"": ""Recent Foot-Traffic (1h ago)"", ""feature_value"": 7716.0, ""shap_value"": 0.88, ""impact"": 0.88}, {""feature_key"": ""temp_c"", ""feature_name"": ""Ambient Temperature"", ""feature_value"": 34.2, ""shap_value"": 0.54, ""impact"": 0.54}, {""feature_key"": ""lag_trips_1"", ""feature_name"": ""Recent Transit Trips Count"", ""feature_value"": 20.0, ""shap_value"": 0.41, ""impact"": 0.41}]","[{""feature_key"": ""hour_sin"", ""feature_name"": ""Time of Day (Peak Window)"", ""feature_value"": -0.26, ""shap_value"": -2.05, ""impact"": -2.05}, {""feature_key"": ""hour_cos"", ""feature_name"": ""Time of Day (Diurnal Cycle)"", ""feature_value"": -0.97, ""shap_value"": -1.44, ""impact"": -1.44}, {""feature_key"": ""lag_3"", ""feature_name"": ""Short-term Congestion (3h ago)"", ""feature_value"": 89.4, ""shap_value"": -1.09, ""impact"": -1.09}, {""feature_key"": ""lag_24"", ""feature_name"": ""Yesterday's Same-Hour Congestion"", ""feature_value"": 63.3, ""shap_value"": -1.09, ""impact"": -1.09}, {""feature_key"": ""roll_mean_6h"", ""feature_name"": ""6-Hour Moving Congestion Trend"", ""feature_value"": 85.33, ""shap_value"": -0.71, ""impact"": -0.71}]",60.24
2418,MAA_CENTRAL_STATION,2026-09-24T14:00:00,2026-09-23T20:00:00,18,71.6,HIGH,35.2,Coastal Sea Breeze,20,"[{""feature_key"": ""lag_168"", ""feature_name"": ""Same Time Last Week Congestion"", ""feature_value"": 77.7, ""shap_value"": 12.91, ""impact"": 12.91}, {""feature_key"": ""lag_foot_24"", ""feature_name"": ""Yesterday's Foot-Traffic"", ""feature_value"": 6500.0, ""shap_value"": 2.3, ""impact"": 2.3}, {""feature_key"": ""temp_c"", ""feature_name"": ""Ambient Temperature"", ""feature_value"": 35.2, ""shap_value"": 1.31, ""impact"": 1.31}, {""feature_key"": ""lag_foot_1"", ""feature_name"": ""Recent Foot-Traffic (1h ago)"", ""feature_value"": 7488.0, ""shap_value"": 1.0, ""impact"": 1.0}, {""feature_key"": ""humidity_pct"", ""feature_name"": ""Marine Layer / Humidity"", ""feature_value"": 63.0, ""shap_value"": 0.34, ""impact"": 0.34}]","[{""feature_key"": ""lag_1"", ""feature_name"": ""Recent Congestion (1h ago)"", ""feature_value"": 62.4, ""shap_value"": -2.23, ""impact"": -2.23}, {""feature_key"": ""hour_sin"", ""feature_name"": ""Time of Day (Peak Window)"", ""feature_value"": -0.5, ""shap_value"": -1.5, ""impact"": -1.5}, {""feature_key"": ""hour_cos"", ""feature_name"": ""Time of Day (Diurnal Cycle)"", ""feature_value"": -0.87, ""shap_value"": -1.19, ""impact"": -1.19}, {""feature_key"": ""lag_24"", ""feature_name"": ""Yesterday's Same-Hour Congestion"", ""feature_value"": 66.8, ""shap_value"": -0.82, ""impact"": -0.82}, {""feature_key"": ""dow_sin"", ""feature_name"": ""Weekly Schedule Cycle"", ""feature_value"": 0.43, ""shap_value"": -0.78, ""impact"": -0.78}]",60.24
2419,MAA_CENTRAL_STATION,2026-09-24T15:00:00,2026-09-23T20:00:00,19,82.7,SEVERE,33.7,Coastal Sea Breeze,20,"[{""feature_key"": ""lag_168"", ""feature_name"": ""Same Time Last Week Congestion"", ""feature_value"": 89.6, ""shap_value"": 19.03, ""impact"": 19.03}, {""feature_key"": ""lag_foot_24"", ""feature_name"": ""Yesterday's Foot-Traffic"", ""feature_value"": 8416.0, ""shap_value"": 2.38, ""impact"": 2.38}, {""feature_key"": ""hour_cos"", ""feature_name"": ""Time of Day (Diurnal Cycle)"", ""feature_value"": -0.71, ""shap_value"": 1.2, ""impact"": 1.2}, {""feature_key"": ""temp_c"", ""feature_name"": ""Ambient Temperature"", ""feature_value"": 33.7, ""shap_value"": 0.9, ""impact"": 0.9}, {""feature_key"": ""lag_foot_1"", ""feature_name"": ""Recent Foot-Traffic (1h ago)"", ""feature_value"": 8592.0, ""shap_value"": 0.77, ""impact"": 0.77}]","[{""feature_key"": ""hour_sin"", ""feature_name"": ""Time of Day (Peak Window)"", ""feature_value"": -0.71, ""shap_value"": -1.01, ""impact"": -1.01}, {""feature_key"": ""lag_24"", ""feature_name"": ""Yesterday's Same-Hour Congestion"", ""feature_value"": 74.4, ""shap_value"": -0.83, ""impact"": -0.83}, {""feature_key"": ""roll_mean_6h"", ""feature_name"": ""6-Hour Moving Congestion Trend"", ""feature_value"": 76.53, ""shap_value"": -0.66, ""impact"": -0.66}, {""feature_key"": ""dow_sin"", ""feature_name"": ""Weekly Schedule Cycle"", ""feature_value"": 0.43, ""shap_value"": -0.62, ""impact"": -0.62}, {""feature_key"": ""weather_transit_surge"", ""feature_name"": ""Rainfall Transit Inflow Surge"", ""feature_value"": 0.0, ""shap_value"": -0.45, ""impact"": -0.45}]",60.24
2420,MAA_CENTRAL_STATION,2026-09-24T16:00:00,2026-09-23T20:00:00,20,96.9,SEVERE,33.9,Coastal Sea Breeze,20,"[{""feature_key"": ""lag_168"", ""feature_name"": ""Same Time Last Week Congestion"", ""feature_value"": 98.5, ""shap_value"": 25.47, ""impact"": 25.47}, {""feature_key"": ""lag_foot_24"", ""feature_name"": ""Yesterday's Foot-Traffic"", ""feature_value"": 11577.0, ""shap_value"": 2.66, ""impact"": 2.66}, {""feature_key"": ""lag_24"", ""feature_name"": ""Yesterday's Same-Hour Congestion"", ""feature_value"": 94.6, ""shap_value"": 1.82, ""impact"": 1.82}, {""feature_key"": ""hour_sin"", ""feature_name"": ""Time of Day (Peak Window)"", ""feature_value"": -0.87, ""shap_value"": 1.72, ""impact"": 1.72}, {""feature_key"": ""lag_1"", ""feature_name"": ""Recent Congestion (1h ago)"", ""feature_value"": 82.7, ""shap_value"": 1.69, ""impact"": 1.69}]","[{""feature_key"": ""dow_sin"", ""feature_name"": ""Weekly Schedule Cycle"", ""feature_value"": 0.43, ""shap_value"": -0.37, ""impact"": -0.37}, {""feature_key"": ""weather_transit_surge"", ""feature_name"": ""Rainfall Transit Inflow Surge"", ""feature_value"": 0.0, ""shap_value"": -0.24, ""impact"": -0.24}, {""feature_key"": ""lag_trips_24"", ""feature_name"": ""Yesterday's Scheduled Transit Trips"", ""feature_value"": 20.0, ""shap_value"": -0.23, ""impact"": -0.23}, {""feature_key"": ""humidity_pct"", ""feature_name"": ""Marine Layer / Humidity"", ""feature_value"": 77.0, ""shap_value"": -0.11, ""impact"": -0.11}, {""feature_key"": ""roll_mean_24h"", ""feature_name"": ""24-Hour Average Baseline"", ""feature_value"": 67.66, ""shap_value"": -0.08, ""impact"": -0.08}]",60.24
2421,MAA_CENTRAL_STATION,2026-09-24T17:00:00,2026-09-23T20:00:00,21,98.5,SEVERE,33.4,Coastal Sea Breeze,32,"[{""feature_key"": ""lag_168"", ""feature_name"": ""Same Time Last Week Congestion"", ""feature_value"": 98.5, ""shap_value"": 24.24, ""impact"": 24.24}, {""feature_key"": ""lag_foot_24"", ""feature_name"": ""Yesterday's Foot-Traffic"", ""feature_value"": 18850.0, ""shap_value"": 2.74, ""impact"": 2.74}, {""feature_key"": ""lag_24"", ""feature_name"": ""Yesterday's Same-Hour Congestion"", ""feature_value"": 98.5, ""shap_value"": 2.29, ""impact"": 2.29}, {""feature_key"": ""lag_1"", ""feature_name"": ""Recent Congestion (1h ago)"", ""feature_value"": 96.9, ""shap_value"": 2.15, ""impact"": 2.15}, {""feature_key"": ""hour_sin"", ""feature_name"": ""Time of Day (Peak Window)"", ""feature_value"": -0.97, ""shap_value"": 2.1, ""impact"": 2.1}]","[{""feature_key"": ""dow_sin"", ""feature_name"": ""Weekly Schedule Cycle"", ""feature_value"": 0.43, ""shap_value"": -0.26, ""impact"": -0.26}, {""feature_key"": ""weather_transit_surge"", ""feature_name"": ""Rainfall Transit Inflow Surge"", ""feature_value"": 0.0, ""shap_value"": -0.21, ""impact"": -0.21}, {""feature_key"": ""lag_trips_24"", ""feature_name"": ""Yesterday's Scheduled Transit Trips"", ""feature_value"": 32.0, ""shap_value"": -0.2, ""impact"": -0.2}, {""feature_key"": ""roll_mean_24h"", ""feature_name"": ""24-Hour Average Baseline"", ""feature_value"": 67.75, ""shap_value"": -0.07, ""impact"": -0.07}, {""feature_key"": ""is_weekend"", ""feature_name"": ""Weekend Tourist Surge"", ""feature_value"": 0.0, ""shap_value"": -0.02, ""impact"": -0.02}]",60.24
2422,MAA_CENTRAL_STATION,2026-09-24T18:00:00,2026-09-23T20:00:00,22,98.2,SEVERE,33.0,Sunny & Warm,32,"[{""feature_key"": ""lag_168"", ""feature_name"": ""Same Time Last Week Congestion"", ""feature_value"": 98.5, ""shap_value"": 24.27, ""impact"": 24.27}, {""feature_key"": ""lag_foot_24"", ""feature_name"": ""Yesterday's Foot-Traffic"", ""feature_value"": 19377.0, ""shap_value"": 2.71, ""impact"": 2.71}, {""feature_key"": ""lag_1"", ""feature_name"": ""Recent Congestion (1h ago)"", ""feature_value"": 98.5, ""shap_value"": 2.56, ""impact"": 2.56}, {""feature_key"": ""lag_24"", ""feature_name"": ""Yesterday's Same-Hour Congestion"", ""feature_value"": 98.5, ""shap_value"": 2.36, ""impact"": 2.36}, {""feature_key"": ""hour_sin"", ""feature_name"": ""Time of Day (Peak Window)"", ""feature_value"": -1.0, ""shap_value"": 2.08, ""impact"": 2.08}]","[{""feature_key"": ""dow_sin"", ""feature_name"": ""Weekly Schedule Cycle"", ""feature_value"": 0.43, ""shap_value"": -0.24, ""impact"": -0.24}, {""feature_key"": ""weather_transit_surge"", ""feature_name"": ""Rainfall Transit Inflow Surge"", ""feature_value"": 0.0, ""shap_value"": -0.23, ""impact"": -0.23}, {""feature_key"": ""lag_trips_24"", ""feature_name"": ""Yesterday's Scheduled Transit Trips"", ""feature_value"": 32.0, ""shap_value"": -0.2, ""impact"": -0.2}, {""feature_key"": ""roll_mean_6h"", ""feature_name"": ""6-Hour Moving Congestion Trend"", ""feature_value"": 79.4, ""shap_value"": -0.14, ""impact"": -0.14}, {""feature_key"": ""lag_3"", ""feature_name"": ""Short-term Congestion (3h ago)"", ""feature_value"": 82.7, ""shap_value"": -0.12, ""impact"": -0.12}]",60.24
2423,MAA_CENTRAL_STATION,2026-09-24T19:00:00,2026-09-23T20:00:00,23,98.0,SEVERE,31.6,Sunny & Warm,32,"[{""feature_key"": ""lag_168"", ""feature_name"": ""Same Time Last Week Congestion"", ""feature_value"": 98.5, ""shap_value"": 24.09, ""impact"": 24.09}, {""feature_key"": ""lag_1"", ""feature_name"": ""Recent Congestion (1h ago)"", ""feature_value"": 98.2, ""shap_value"": 2.71, ""impact"": 2.71}, {""feature_key"": ""lag_foot_24"", ""feature_name"": ""Yesterday's Foot-Traffic"", ""feature_value"": 19332.0, ""shap_value"": 2.7, ""impact"": 2.7}, {""feature_key"": ""lag_24"", ""feature_name"": ""Yesterday's Same-Hour Congestion"", ""feature_value"": 98.5, ""shap_value"": 2.38, ""impact"": 2.38}, {""feature_key"": ""hour_sin"", ""feature_name"": ""Time of Day (Peak Window)"", ""feature_value"": -0.97, ""shap_value"": 2.16, ""impact"": 2.16}]","[{""feature_key"": ""lag_3"", ""feature_name"": ""Short-term Congestion (3h ago)"", ""feature_value"": 96.9, ""shap_value"": -0.36, ""impact"": -0.36}, {""feature_key"": ""dow_sin"", ""feature_name"": ""Weekly Schedule Cycle"", ""feature_value"": 0.43, ""shap_value"": -0.27, ""impact"": -0.27}, {""feature_key"": ""weather_transit_surge"", ""feature_name"": ""Rainfall Transit Inflow Surge"", ""feature_value"": 0.0, ""shap_value"": -0.23, ""impact"": -0.23}, {""feature_key"": ""lag_trips_24"", ""feature_name"": ""Yesterday's Scheduled Transit Trips"", ""feature_value"": 32.0, ""shap_value"": -0.21, ""impact"": -0.21}, {""feature_key"": ""roll_mean_6h"", ""feature_name"": ""6-Hour Moving Congestion Trend"", ""feature_value"": 85.05, ""shap_value"": -0.21, ""impact"": -0.21}]",60.24
2424,MAA_CENTRAL_STATION,2026-09-24T20:00:00,2026-09-23T20:00:00,24,96.8,SEVERE,31.2,Sunny & Warm,32,"[{""feature_key"": ""lag_168"", ""feature_name"": ""Same Time Last Week Congestion"", ""feature_value"": 98.5, ""shap_value"": 24.21, ""impact"": 24.21}, {""feature_key"": ""lag_foot_24"", ""feature_name"": ""Yesterday's Foot-Traffic"", ""feature_value"": 13620.0, ""shap_value"": 2.76, ""impact"": 2.76}, {""feature_key"": ""lag_1"", ""feature_name"": ""Recent Congestion (1h ago)"", ""feature_value"": 98.0, ""shap_value"": 2.64, ""impact"": 2.64}, {""feature_key"": ""lag_24"", ""feature_name"": ""Yesterday's Same-Hour Congestion"", ""feature_value"": 98.5, ""shap_value"": 2.32, ""impact"": 2.32}, {""feature_key"": ""hour_sin"", ""feature_name"": ""Time of Day (Peak Window)"", ""feature_value"": -0.87, ""shap_value"": 1.52, ""impact"": 1.52}]","[{""feature_key"": ""lag_3"", ""feature_name"": ""Short-term Congestion (3h ago)"", ""feature_value"": 98.5, ""shap_value"": -0.38, ""impact"": -0.38}, {""feature_key"": ""dow_sin"", ""feature_name"": ""Weekly Schedule Cycle"", ""feature_value"": 0.43, ""shap_value"": -0.34, ""impact"": -0.34}, {""feature_key"": ""roll_mean_6h"", ""feature_name"": ""6-Hour Moving Congestion Trend"", ""feature_value"": 90.98, ""shap_value"": -0.28, ""impact"": -0.28}, {""feature_key"": ""weather_transit_surge"", ""feature_name"": ""Rainfall Transit Inflow Surge"", ""feature_value"": 0.0, ""shap_value"": -0.25, ""impact"": -0.25}, {""feature_key"": ""lag_trips_24"", ""feature_name"": ""Yesterday's Scheduled Transit Trips"", ""feature_value"": 32.0, ""shap_value"": -0.24, ""impact"": -0.24}]",60.24
2425,MAA_CENTRAL_STATION,2026-09-24T21:00:00,2026-09-23T20:00:00,25,69.3,HIGH,27.7,Sunny & Warm,12,"[{""feature_key"": ""lag_168"", ""feature_name"": ""Same Time Last Week Congestion"", ""feature_value"": 70.8, ""shap_value"": 7.75, ""impact"": 7.75}, {""feature_key"": ""lag_1"", ""feature_name"": ""Recent Congestion (1h ago)"", ""feature_value"": 96.8, ""shap_value"": 3.45, ""impact"": 3.45}, {""feature_key"": ""lag_foot_24"", ""feature_name"": ""Yesterday's Foot-Traffic"", ""feature_value"": 9024.0, ""shap_value"": 2.22, ""impact"": 2.22}, {""feature_key"": ""temp_c"", ""feature_name"": ""Ambient Temperature"", ""feature_value"": 27.7, ""shap_value"": 1.42, ""impact"": 1.42}, {""feature_key"": ""lag_foot_1"", ""feature_name"": ""Recent Foot-Traffic (1h ago)"", ""feature_value"": 11616.0, ""shap_value"": 1.37, ""impact"": 1.37}]","[{""feature_key"": ""hour_cos"", ""feature_name"": ""Time of Day (Diurnal Cycle)"", ""feature_value"": 0.71, ""shap_value"": -1.34, ""impact"": -1.34}, {""feature_key"": ""scheduled_trips"", ""feature_name"": ""Transit Dispatch Frequency"", ""feature_value"": 12.0, ""shap_value"": -1.07, ""impact"": -1.07}, {""feature_key"": ""transit_pressure_ratio"", ""feature_name"": ""Transit Demand-to-Supply Ratio"", ""feature_value"": 5.64, ""shap_value"": -1.0, ""impact"": -1.0}, {""feature_key"": ""lag_3"", ""feature_name"": ""Short-term Congestion (3h ago)"", ""feature_value"": 98.2, ""shap_value"": -0.97, ""impact"": -0.97}, {""feature_key"": ""roll_mean_6h"", ""feature_name"": ""6-Hour Moving Congestion Trend"", ""feature_value"": 95.18, ""shap_value"": -0.89, ""impact"": -0.89}]",60.24
2426,MAA_CENTRAL_STATION,2026-09-24T22:00:00,2026-09-23T20:00:00,26,46.5,MODERATE,27.6,Sunny & Warm,12,"[{""feature_key"": ""lag_foot_24"", ""feature_name"": ""Yesterday's Foot-Traffic"", ""feature_value"": 5172.0, ""shap_value"": 2.81, ""impact"": 2.81}, {""feature_key"": ""lag_1"", ""feature_name"": ""Recent Congestion (1h ago)"", ""feature_value"": 69.3, ""shap_value"": 1.03, ""impact"": 1.03}, {""feature_key"": ""temp_c"", ""feature_name"": ""Ambient Temperature"", ""feature_value"": 27.6, ""shap_value"": 0.92, ""impact"": 0.92}, {""feature_key"": ""lag_foot_1"", ""feature_name"": ""Recent Foot-Traffic (1h ago)"", ""feature_value"": 8316.0, ""shap_value"": 0.79, ""impact"": 0.79}, {""feature_key"": ""dow_cos"", ""feature_name"": ""Day of Week Alignment"", ""feature_value"": -0.9, ""shap_value"": 0.13, ""impact"": 0.13}]","[{""feature_key"": ""lag_168"", ""feature_name"": ""Same Time Last Week Congestion"", ""feature_value"": 45.8, ""shap_value"": -9.08, ""impact"": -9.08}, {""feature_key"": ""hour_cos"", ""feature_name"": ""Time of Day (Diurnal Cycle)"", ""feature_value"": 0.87, ""shap_value"": -2.75, ""impact"": -2.75}, {""feature_key"": ""lag_24"", ""feature_name"": ""Yesterday's Same-Hour Congestion"", ""feature_value"": 43.1, ""shap_value"": -1.51, ""impact"": -1.51}, {""feature_key"": ""hour_sin"", ""feature_name"": ""Time of Day (Peak Window)"", ""feature_value"": -0.5, ""shap_value"": -1.17, ""impact"": -1.17}, {""feature_key"": ""lag_3"", ""feature_name"": ""Short-term Congestion (3h ago)"", ""feature_value"": 98.0, ""shap_value"": -1.03, ""impact"": -1.03}]",60.24
2427,MAA_CENTRAL_STATION,2026-09-24T23:00:00,2026-09-23T20:00:00,27,22.1,LOW,28.6,Sunny & Warm,12,"[{""feature_key"": ""lag_foot_1"", ""feature_name"": ""Recent Foot-Traffic (1h ago)"", ""feature_value"": 5580.0, ""shap_value"": 1.15, ""impact"": 1.15}, {""feature_key"": ""temp_c"", ""feature_name"": ""Ambient Temperature"", ""feature_value"": 28.6, ""shap_value"": 0.6, ""impact"": 0.6}, {""feature_key"": ""transit_weight"", ""feature_name"": ""Transit Commuter Dominance"", ""feature_value"": 0.9, ""shap_value"": 0.16, ""impact"": 0.16}, {""feature_key"": ""capacity_baseline"", ""feature_name"": ""Station Theoretical Capacity"", ""feature_value"": 12000.0, ""shap_value"": 0.12, ""impact"": 0.12}, {""feature_key"": ""dow_cos"", ""feature_name"": ""Day of Week Alignment"", ""feature_value"": -0.9, ""shap_value"": 0.1, ""impact"": 0.1}]","[{""feature_key"": ""lag_168"", ""feature_name"": ""Same Time Last Week Congestion"", ""feature_value"": 19.9, ""shap_value"": -28.43, ""impact"": -28.43}, {""feature_key"": ""hour_cos"", ""feature_name"": ""Time of Day (Diurnal Cycle)"", ""feature_value"": 0.97, ""shap_value"": -2.59, ""impact"": -2.59}, {""feature_key"": ""lag_1"", ""feature_name"": ""Recent Congestion (1h ago)"", ""feature_value"": 46.5, ""shap_value"": -1.96, ""impact"": -1.96}, {""feature_key"": ""lag_24"", ""feature_name"": ""Yesterday's Same-Hour Congestion"", ""feature_value"": 22.2, ""shap_value"": -1.84, ""impact"": -1.84}, {""feature_key"": ""hour_sin"", ""feature_name"": ""Time of Day (Peak Window)"", ""feature_value"": -0.26, ""shap_value"": -1.17, ""impact"": -1.17}]",60.24
2428,MAA_CENTRAL_STATION,2026-09-25T00:00:00,2026-09-23T20:00:00,28,20.9,LOW,27.0,Humid / Overcast,8,"[{""feature_key"": ""lag_trips_24"", ""feature_name"": ""Yesterday's Scheduled Transit Trips"", ""feature_value"": 8.0, ""shap_value"": 0.25, ""impact"": 0.25}, {""feature_key"": ""capacity_baseline"", ""feature_name"": ""Station Theoretical Capacity"", ""feature_value"": 12000.0, ""shap_value"": 0.18, ""impact"": 0.18}, {""feature_key"": ""transit_weight"", ""feature_name"": ""Transit Commuter Dominance"", ""feature_value"": 0.9, ""shap_value"": 0.12, ""impact"": 0.12}, {""feature_key"": ""dow_cos"", ""feature_name"": ""Day of Week Alignment"", ""feature_value"": -0.9, ""shap_value"": 0.08, ""impact"": 0.08}, {""feature_key"": ""temp_c"", ""feature_name"": ""Ambient Temperature"", ""feature_value"": 27.0, ""shap_value"": 0.08, ""impact"": 0.08}]","[{""feature_key"": ""lag_168"", ""feature_name"": ""Same Time Last Week Congestion"", ""feature_value"": 19.3, ""shap_value"": -28.38, ""impact"": -28.38}, {""feature_key"": ""lag_1"", ""feature_name"": ""Recent Congestion (1h ago)"", ""feature_value"": 22.1, ""shap_value"": -2.77, ""impact"": -2.77}, {""feature_key"": ""hour_cos"", ""feature_name"": ""Time of Day (Diurnal Cycle)"", ""feature_value"": 1.0, ""shap_value"": -2.39, ""impact"": -2.39}, {""feature_key"": ""lag_24"", ""feature_name"": ""Yesterday's Same-Hour Congestion"", ""feature_value"": 20.0, ""shap_value"": -2.03, ""impact"": -2.03}, {""feature_key"": ""hour_sin"", ""feature_name"": ""Time of Day (Peak Window)"", ""feature_value"": 0.0, ""shap_value"": -0.99, ""impact"": -0.99}]",60.24
2429,MAA_CENTRAL_STATION,2026-09-25T01:00:00,2026-09-23T20:00:00,29,24.8,LOW,25.2,Humid / Overcast,8,"[{""feature_key"": ""lag_foot_24"", ""feature_name"": ""Yesterday's Foot-Traffic"", ""feature_value"": 2940.0, ""shap_value"": 0.5, ""impact"": 0.5}, {""feature_key"": ""lag_trips_24"", ""feature_name"": ""Yesterday's Scheduled Transit Trips"", ""feature_value"": 8.0, ""shap_value"": 0.29, ""impact"": 0.29}, {""feature_key"": ""lag_3"", ""feature_name"": ""Short-term Congestion (3h ago)"", ""feature_value"": 46.5, ""shap_value"": 0.27, ""impact"": 0.27}, {""feature_key"": ""roll_mean_6h"", ""feature_name"": ""6-Hour Moving Congestion Trend"", ""feature_value"": 58.93, ""shap_value"": 0.13, ""impact"": 0.13}, {""feature_key"": ""temp_c"", ""feature_name"": ""Ambient Temperature"", ""feature_value"": 25.2, ""shap_value"": 0.12, ""impact"": 0.12}]","[{""feature_key"": ""lag_168"", ""feature_name"": ""Same Time Last Week Congestion"", ""feature_value"": 23.0, ""shap_value"": -24.98, ""impact"": -24.98}, {""feature_key"": ""lag_1"", ""feature_name"": ""Recent Congestion (1h ago)"", ""feature_value"": 20.9, ""shap_value"": -2.88, ""impact"": -2.88}, {""feature_key"": ""hour_cos"", ""feature_name"": ""Time of Day (Diurnal Cycle)"", ""feature_value"": 0.97, ""shap_value"": -2.27, ""impact"": -2.27}, {""feature_key"": ""lag_24"", ""feature_name"": ""Yesterday's Same-Hour Congestion"", ""feature_value"": 24.5, ""shap_value"": -1.77, ""impact"": -1.77}, {""feature_key"": ""lag_foot_1"", ""feature_name"": ""Recent Foot-Traffic (1h ago)"", ""feature_value"": 2508.0, ""shap_value"": -1.31, ""impact"": -1.31}]",60.24
2430,MAA_CENTRAL_STATION,2026-09-25T02:00:00,2026-09-23T20:00:00,30,30.5,LOW,25.6,Humid / Overcast,8,"[{""feature_key"": ""lag_foot_24"", ""feature_name"": ""Yesterday's Foot-Traffic"", ""feature_value"": 3168.0, ""shap_value"": 1.08, ""impact"": 1.08}, {""feature_key"": ""lag_trips_24"", ""feature_name"": ""Yesterday's Scheduled Transit Trips"", ""feature_value"": 8.0, ""shap_value"": 0.31, ""impact"": 0.31}, {""feature_key"": ""lag_3"", ""feature_name"": ""Short-term Congestion (3h ago)"", ""feature_value"": 22.1, ""shap_value"": 0.23, ""impact"": 0.23}, {""feature_key"": ""roll_mean_6h"", ""feature_name"": ""6-Hour Moving Congestion Trend"", ""feature_value"": 46.73, ""shap_value"": 0.18, ""impact"": 0.18}, {""feature_key"": ""tourist_weight"", ""feature_name"": ""Tourist Landmark Dominance"", ""feature_value"": 0.65, ""shap_value"": 0.07, ""impact"": 0.07}]","[{""feature_key"": ""lag_168"", ""feature_name"": ""Same Time Last Week Congestion"", ""feature_value"": 34.1, ""shap_value"": -19.11, ""impact"": -19.11}, {""feature_key"": ""lag_1"", ""feature_name"": ""Recent Congestion (1h ago)"", ""feature_value"": 24.8, ""shap_value"": -2.93, ""impact"": -2.93}, {""feature_key"": ""hour_cos"", ""feature_name"": ""Time of Day (Diurnal Cycle)"", ""feature_value"": 0.87, ""shap_value"": -2.31, ""impact"": -2.31}, {""feature_key"": ""lag_24"", ""feature_name"": ""Yesterday's Same-Hour Congestion"", ""feature_value"": 26.4, ""shap_value"": -2.07, ""impact"": -2.07}, {""feature_key"": ""lag_foot_1"", ""feature_name"": ""Recent Foot-Traffic (1h ago)"", ""feature_value"": 2976.0, ""shap_value"": -1.18, ""impact"": -1.18}]",60.24
2431,MAA_CENTRAL_STATION,2026-09-25T03:00:00,2026-09-23T20:00:00,31,40.3,MODERATE,24.9,Humid / Overcast,8,"[{""feature_key"": ""lag_foot_24"", ""feature_name"": ""Yesterday's Foot-Traffic"", ""feature_value"": 4512.0, ""shap_value"": 3.0, ""impact"": 3.0}, {""feature_key"": ""lag_3"", ""feature_name"": ""Short-term Congestion (3h ago)"", ""feature_value"": 20.9, ""shap_value"": 0.39, ""impact"": 0.39}, {""feature_key"": ""temp_c"", ""feature_name"": ""Ambient Temperature"", ""feature_value"": 24.9, ""shap_value"": 0.34, ""impact"": 0.34}, {""feature_key"": ""lag_trips_24"", ""feature_name"": ""Yesterday's Scheduled Transit Trips"", ""feature_value"": 8.0, ""shap_value"": 0.32, ""impact"": 0.32}, {""feature_key"": ""roll_mean_6h"", ""feature_name"": ""6-Hour Moving Congestion Trend"", ""feature_value"": 35.68, ""shap_value"": 0.19, ""impact"": 0.19}]","[{""feature_key"": ""lag_168"", ""feature_name"": ""Same Time Last Week Congestion"", ""feature_value"": 38.4, ""shap_value"": -11.93, ""impact"": -11.93}, {""feature_key"": ""lag_1"", ""feature_name"": ""Recent Congestion (1h ago)"", ""feature_value"": 30.5, ""shap_value"": -3.51, ""impact"": -3.51}, {""feature_key"": ""hour_cos"", ""feature_name"": ""Time of Day (Diurnal Cycle)"", ""feature_value"": 0.71, ""shap_value"": -2.08, ""impact"": -2.08}, {""feature_key"": ""lag_24"", ""feature_name"": ""Yesterday's Same-Hour Congestion"", ""feature_value"": 37.6, ""shap_value"": -1.56, ""impact"": -1.56}, {""feature_key"": ""hour_sin"", ""feature_name"": ""Time of Day (Peak Window)"", ""feature_value"": 0.71, ""shap_value"": -0.77, ""impact"": -0.77}]",60.24
2432,MAA_CENTRAL_STATION,2026-09-25T04:00:00,2026-09-23T20:00:00,32,43.0,MODERATE,26.4,Sunny & Warm,8,"[{""feature_key"": ""lag_foot_24"", ""feature_name"": ""Yesterday's Foot-Traffic"", ""feature_value"": 5292.0, ""shap_value"": 3.17, ""impact"": 3.17}, {""feature_key"": ""temp_c"", ""feature_name"": ""Ambient Temperature"", ""feature_value"": 26.4, ""shap_value"": 0.57, ""impact"": 0.57}, {""feature_key"": ""lag_3"", ""feature_name"": ""Short-term Congestion (3h ago)"", ""feature_value"": 24.8, ""shap_value"": 0.44, ""impact"": 0.44}, {""feature_key"": ""lag_trips_24"", ""feature_name"": ""Yesterday's Scheduled Transit Trips"", ""feature_value"": 8.0, ""shap_value"": 0.37, ""impact"": 0.37}, {""feature_key"": ""roll_mean_6h"", ""feature_name"": ""6-Hour Moving Congestion Trend"", ""feature_value"": 30.85, ""shap_value"": 0.31, ""impact"": 0.31}]","[{""feature_key"": ""lag_168"", ""feature_name"": ""Same Time Last Week Congestion"", ""feature_value"": 39.2, ""shap_value"": -10.61, ""impact"": -10.61}, {""feature_key"": ""lag_1"", ""feature_name"": ""Recent Congestion (1h ago)"", ""feature_value"": 40.3, ""shap_value"": -3.7, ""impact"": -3.7}, {""feature_key"": ""hour_cos"", ""feature_name"": ""Time of Day (Diurnal Cycle)"", ""feature_value"": 0.5, ""shap_value"": -1.65, ""impact"": -1.65}, {""feature_key"": ""lag_24"", ""feature_name"": ""Yesterday's Same-Hour Congestion"", ""feature_value"": 44.1, ""shap_value"": -1.47, ""impact"": -1.47}, {""feature_key"": ""hour_sin"", ""feature_name"": ""Time of Day (Peak Window)"", ""feature_value"": 0.87, ""shap_value"": -0.96, ""impact"": -0.96}]",60.24
2433,MAA_CENTRAL_STATION,2026-09-25T05:00:00,2026-09-23T20:00:00,33,62.2,HIGH,27.4,Monsoon Downpour,12,"[{""feature_key"": ""lag_foot_24"", ""feature_name"": ""Yesterday's Foot-Traffic"", ""feature_value"": 5412.0, ""shap_value"": 3.94, ""impact"": 3.94}, {""feature_key"": ""precip_mm"", ""feature_name"": ""Rainfall Intensity"", ""feature_value"": 7.81, ""shap_value"": 3.88, ""impact"": 3.88}, {""feature_key"": ""weather_transit_surge"", ""feature_name"": ""Rainfall Transit Inflow Surge"", ""feature_value"": 1.44, ""shap_value"": 3.31, ""impact"": 3.31}, {""feature_key"": ""weather_tourism_suppression"", ""feature_name"": ""Weather Tourist Dampening Index"", ""feature_value"": 1.17, ""shap_value"": 1.16, ""impact"": 1.16}, {""feature_key"": ""lag_foot_1"", ""feature_name"": ""Recent Foot-Traffic (1h ago)"", ""feature_value"": 5160.0, ""shap_value"": 1.03, ""impact"": 1.03}]","[{""feature_key"": ""lag_168"", ""feature_name"": ""Same Time Last Week Congestion"", ""feature_value"": 40.6, ""shap_value"": -9.25, ""impact"": -9.25}, {""feature_key"": ""lag_1"", ""feature_name"": ""Recent Congestion (1h ago)"", ""feature_value"": 43.0, ""shap_value"": -2.54, ""impact"": -2.54}, {""feature_key"": ""lag_24"", ""feature_name"": ""Yesterday's Same-Hour Congestion"", ""feature_value"": 45.1, ""shap_value"": -1.16, ""impact"": -1.16}, {""feature_key"": ""hour_cos"", ""feature_name"": ""Time of Day (Diurnal Cycle)"", ""feature_value"": 0.26, ""shap_value"": -0.86, ""impact"": -0.86}, {""feature_key"": ""scheduled_trips"", ""feature_name"": ""Transit Dispatch Frequency"", ""feature_value"": 12.0, ""shap_value"": -0.59, ""impact"": -0.59}]",60.24
2434,MAA_CENTRAL_STATION,2026-09-25T06:00:00,2026-09-23T20:00:00,34,77.0,HIGH,28.5,Monsoon Downpour,12,"[{""feature_key"": ""weather_transit_surge"", ""feature_name"": ""Rainfall Transit Inflow Surge"", ""feature_value"": 1.44, ""shap_value"": 5.28, ""impact"": 5.28}, {""feature_key"": ""lag_foot_24"", ""feature_name"": ""Yesterday's Foot-Traffic"", ""feature_value"": 8196.0, ""shap_value"": 2.93, ""impact"": 2.93}, {""feature_key"": ""precip_mm"", ""feature_name"": ""Rainfall Intensity"", ""feature_value"": 6.03, ""shap_value"": 2.21, ""impact"": 2.21}, {""feature_key"": ""lag_168"", ""feature_name"": ""Same Time Last Week Congestion"", ""feature_value"": 60.7, ""shap_value"": 2.12, ""impact"": 2.12}, {""feature_key"": ""lag_foot_1"", ""feature_name"": ""Recent Foot-Traffic (1h ago)"", ""feature_value"": 7464.0, ""shap_value"": 1.11, ""impact"": 1.11}]","[{""feature_key"": ""lag_1"", ""feature_name"": ""Recent Congestion (1h ago)"", ""feature_value"": 62.2, ""shap_value"": -0.93, ""impact"": -0.93}, {""feature_key"": ""scheduled_trips"", ""feature_name"": ""Transit Dispatch Frequency"", ""feature_value"": 12.0, ""shap_value"": -0.43, ""impact"": -0.43}, {""feature_key"": ""transit_pressure_ratio"", ""feature_name"": ""Transit Demand-to-Supply Ratio"", ""feature_value"": 5.71, ""shap_value"": -0.37, ""impact"": -0.37}, {""feature_key"": ""lag_2"", ""feature_name"": ""Short-term Congestion (2h ago)"", ""feature_value"": 43.0, ""shap_value"": -0.15, ""impact"": -0.15}, {""feature_key"": ""dow_cos"", ""feature_name"": ""Day of Week Alignment"", ""feature_value"": -0.9, ""shap_value"": -0.13, ""impact"": -0.13}]",60.24
2435,MAA_CENTRAL_STATION,2026-09-25T07:00:00,2026-09-23T20:00:00,35,95.5,SEVERE,29.1,Monsoon Downpour,12,"[{""feature_key"": ""lag_168"", ""feature_name"": ""Same Time Last Week Congestion"", ""feature_value"": 98.5, ""shap_value"": 22.83, ""impact"": 22.83}, {""feature_key"": ""weather_transit_surge"", ""feature_name"": ""Rainfall Transit Inflow Surge"", ""feature_value"": 1.44, ""shap_value"": 3.27, ""impact"": 3.27}, {""feature_key"": ""lag_foot_24"", ""feature_name"": ""Yesterday's Foot-Traffic"", ""feature_value"": 11076.0, ""shap_value"": 2.42, ""impact"": 2.42}, {""feature_key"": ""hour_cos"", ""feature_name"": ""Time of Day (Diurnal Cycle)"", ""feature_value"": -0.26, ""shap_value"": 1.48, ""impact"": 1.48}, {""feature_key"": ""lag_foot_1"", ""feature_name"": ""Recent Foot-Traffic (1h ago)"", ""feature_value"": 9240.0, ""shap_value"": 1.21, ""impact"": 1.21}]","[{""feature_key"": ""scheduled_trips"", ""feature_name"": ""Transit Dispatch Frequency"", ""feature_value"": 12.0, ""shap_value"": -0.79, ""impact"": -0.79}, {""feature_key"": ""transit_pressure_ratio"", ""feature_name"": ""Transit Demand-to-Supply Ratio"", ""feature_value"": 5.74, ""shap_value"": -0.39, ""impact"": -0.39}, {""feature_key"": ""roll_mean_3h"", ""feature_name"": ""3-Hour Moving Congestion Trend"", ""feature_value"": 60.73, ""shap_value"": -0.12, ""impact"": -0.12}, {""feature_key"": ""dow_cos"", ""feature_name"": ""Day of Week Alignment"", ""feature_value"": -0.9, ""shap_value"": -0.09, ""impact"": -0.09}, {""feature_key"": ""roll_std_24h"", ""feature_name"": ""24-Hour Crowd Volatility"", ""feature_value"": 26.51, ""shap_value"": -0.08, ""impact"": -0.08}]",60.24
2436,MAA_CENTRAL_STATION,2026-09-25T08:00:00,2026-09-23T20:00:00,36,98.4,SEVERE,30.8,Monsoon Downpour,32,"[{""feature_key"": ""lag_168"", ""feature_name"": ""Same Time Last Week Congestion"", ""feature_value"": 84.4, ""shap_value"": 18.55, ""impact"": 18.55}, {""feature_key"": ""weather_transit_surge"", ""feature_name"": ""Rainfall Transit Inflow Surge"", ""feature_value"": 1.44, ""shap_value"": 5.32, ""impact"": 5.32}, {""feature_key"": ""lag_foot_24"", ""feature_name"": ""Yesterday's Foot-Traffic"", ""feature_value"": 11340.0, ""shap_value"": 2.69, ""impact"": 2.69}, {""feature_key"": ""lag_1"", ""feature_name"": ""Recent Congestion (1h ago)"", ""feature_value"": 95.5, ""shap_value"": 2.48, ""impact"": 2.48}, {""feature_key"": ""lag_24"", ""feature_name"": ""Yesterday's Same-Hour Congestion"", ""feature_value"": 94.5, ""shap_value"": 1.79, ""impact"": 1.79}]","[{""feature_key"": ""lag_trips_24"", ""feature_name"": ""Yesterday's Scheduled Transit Trips"", ""feature_value"": 32.0, ""shap_value"": -0.21, ""impact"": -0.21}, {""feature_key"": ""roll_mean_24h"", ""feature_name"": ""24-Hour Average Baseline"", ""feature_value"": 69.04, ""shap_value"": -0.16, ""impact"": -0.16}, {""feature_key"": ""humidity_pct"", ""feature_name"": ""Marine Layer / Humidity"", ""feature_value"": 80.0, ""shap_value"": -0.15, ""impact"": -0.15}, {""feature_key"": ""dow_sin"", ""feature_name"": ""Weekly Schedule Cycle"", ""feature_value"": -0.43, ""shap_value"": -0.12, ""impact"": -0.12}, {""feature_key"": ""roll_std_24h"", ""feature_name"": ""24-Hour Crowd Volatility"", ""feature_value"": 26.64, ""shap_value"": -0.04, ""impact"": -0.04}]",60.24
2437,MAA_CENTRAL_STATION,2026-09-25T09:00:00,2026-09-23T20:00:00,37,99.0,SEVERE,31.7,Monsoon Downpour,32,"[{""feature_key"": ""lag_168"", ""feature_name"": ""Same Time Last Week Congestion"", ""feature_value"": 98.5, ""shap_value"": 23.11, ""impact"": 23.11}, {""feature_key"": ""weather_transit_surge"", ""feature_name"": ""Rainfall Transit Inflow Surge"", ""feature_value"": 1.44, ""shap_value"": 3.07, ""impact"": 3.07}, {""feature_key"": ""lag_1"", ""feature_name"": ""Recent Congestion (1h ago)"", ""feature_value"": 98.4, ""shap_value"": 2.74, ""impact"": 2.74}, {""feature_key"": ""lag_foot_24"", ""feature_name"": ""Yesterday's Foot-Traffic"", ""feature_value"": 11664.0, ""shap_value"": 2.56, ""impact"": 2.56}, {""feature_key"": ""lag_24"", ""feature_name"": ""Yesterday's Same-Hour Congestion"", ""feature_value"": 97.2, ""shap_value"": 1.75, ""impact"": 1.75}]","[{""feature_key"": ""lag_trips_24"", ""feature_name"": ""Yesterday's Scheduled Transit Trips"", ""feature_value"": 32.0, ""shap_value"": -0.18, ""impact"": -0.18}, {""feature_key"": ""dow_sin"", ""feature_name"": ""Weekly Schedule Cycle"", ""feature_value"": -0.43, ""shap_value"": -0.1, ""impact"": -0.1}, {""feature_key"": ""roll_mean_24h"", ""feature_name"": ""24-Hour Average Baseline"", ""feature_value"": 69.2, ""shap_value"": -0.1, ""impact"": -0.1}, {""feature_key"": ""humidity_pct"", ""feature_name"": ""Marine Layer / Humidity"", ""feature_value"": 77.0, ""shap_value"": -0.07, ""impact"": -0.07}, {""feature_key"": ""roll_mean_6h"", ""feature_name"": ""6-Hour Moving Congestion Trend"", ""feature_value"": 69.4, ""shap_value"": -0.05, ""impact"": -0.05}]",60.24
2438,MAA_CENTRAL_STATION,2026-09-25T10:00:00,2026-09-23T20:00:00,38,95.9,SEVERE,31.3,Monsoon Downpour,32,"[{""feature_key"": ""lag_168"", ""feature_name"": ""Same Time Last Week Congestion"", ""feature_value"": 84.1, ""shap_value"": 17.29, ""impact"": 17.29}, {""feature_key"": ""weather_transit_surge"", ""feature_name"": ""Rainfall Transit Inflow Surge"", ""feature_value"": 1.44, ""shap_value"": 5.29, ""impact"": 5.29}, {""feature_key"": ""lag_1"", ""feature_name"": ""Recent Congestion (1h ago)"", ""feature_value"": 99.0, ""shap_value"": 3.76, ""impact"": 3.76}, {""feature_key"": ""lag_foot_24"", ""feature_name"": ""Yesterday's Foot-Traffic"", ""feature_value"": 10728.0, ""shap_value"": 2.57, ""impact"": 2.57}, {""feature_key"": ""lag_24"", ""feature_name"": ""Yesterday's Same-Hour Congestion"", ""feature_value"": 89.4, ""shap_value"": 1.68, ""impact"": 1.68}]","[{""feature_key"": ""roll_mean_6h"", ""feature_name"": ""6-Hour Moving Congestion Trend"", ""feature_value"": 79.18, ""shap_value"": -0.51, ""impact"": -0.51}, {""feature_key"": ""lag_3"", ""feature_name"": ""Short-term Congestion (3h ago)"", ""feature_value"": 95.5, ""shap_value"": -0.4, ""impact"": -0.4}, {""feature_key"": ""hour_sin"", ""feature_name"": ""Time of Day (Peak Window)"", ""feature_value"": 0.5, ""shap_value"": -0.27, ""impact"": -0.27}, {""feature_key"": ""lag_trips_24"", ""feature_name"": ""Yesterday's Scheduled Transit Trips"", ""feature_value"": 32.0, ""shap_value"": -0.22, ""impact"": -0.22}, {""feature_key"": ""hour_cos"", ""feature_name"": ""Time of Day (Diurnal Cycle)"", ""feature_value"": -0.87, ""shap_value"": -0.19, ""impact"": -0.19}]",60.24
2439,MAA_CENTRAL_STATION,2026-09-25T11:00:00,2026-09-23T20:00:00,39,73.5,HIGH,33.2,Sunny & Warm,20,"[{""feature_key"": ""lag_168"", ""feature_name"": ""Same Time Last Week Congestion"", ""feature_value"": 71.7, ""shap_value"": 10.33, ""impact"": 10.33}, {""feature_key"": ""lag_1"", ""feature_name"": ""Recent Congestion (1h ago)"", ""feature_value"": 95.9, ""shap_value"": 3.02, ""impact"": 3.02}, {""feature_key"": ""lag_foot_24"", ""feature_name"": ""Yesterday's Foot-Traffic"", ""feature_value"": 8916.0, ""shap_value"": 2.14, ""impact"": 2.14}, {""feature_key"": ""lag_foot_1"", ""feature_name"": ""Recent Foot-Traffic (1h ago)"", ""feature_value"": 11508.0, ""shap_value"": 1.78, ""impact"": 1.78}, {""feature_key"": ""temp_c"", ""feature_name"": ""Ambient Temperature"", ""feature_value"": 33.2, ""shap_value"": 0.66, ""impact"": 0.66}]","[{""feature_key"": ""hour_cos"", ""feature_name"": ""Time of Day (Diurnal Cycle)"", ""feature_value"": -0.97, ""shap_value"": -1.67, ""impact"": -1.67}, {""feature_key"": ""hour_sin"", ""feature_name"": ""Time of Day (Peak Window)"", ""feature_value"": 0.26, ""shap_value"": -1.3, ""impact"": -1.3}, {""feature_key"": ""weather_transit_surge"", ""feature_name"": ""Rainfall Transit Inflow Surge"", ""feature_value"": 0.0, ""shap_value"": -0.96, ""impact"": -0.96}, {""feature_key"": ""lag_3"", ""feature_name"": ""Short-term Congestion (3h ago)"", ""feature_value"": 98.4, ""shap_value"": -0.8, ""impact"": -0.8}, {""feature_key"": ""roll_mean_6h"", ""feature_name"": ""6-Hour Moving Congestion Trend"", ""feature_value"": 88.0, ""shap_value"": -0.5, ""impact"": -0.5}]",60.24
2440,MAA_CENTRAL_STATION,2026-09-25T12:00:00,2026-09-23T20:00:00,40,63.4,HIGH,34.1,Sunny & Warm,20,"[{""feature_key"": ""lag_168"", ""feature_name"": ""Same Time Last Week Congestion"", ""feature_value"": 61.8, ""shap_value"": 3.21, ""impact"": 3.21}, {""feature_key"": ""lag_foot_24"", ""feature_name"": ""Yesterday's Foot-Traffic"", ""feature_value"": 7716.0, ""shap_value"": 2.4, ""impact"": 2.4}, {""feature_key"": ""lag_foot_1"", ""feature_name"": ""Recent Foot-Traffic (1h ago)"", ""feature_value"": 8820.0, ""shap_value"": 1.07, ""impact"": 1.07}, {""feature_key"": ""lag_1"", ""feature_name"": ""Recent Congestion (1h ago)"", ""feature_value"": 73.5, ""shap_value"": 0.94, ""impact"": 0.94}, {""feature_key"": ""lag_trips_1"", ""feature_name"": ""Recent Transit Trips Count"", ""feature_value"": 20.0, ""shap_value"": 0.57, ""impact"": 0.57}]","[{""feature_key"": ""hour_sin"", ""feature_name"": ""Time of Day (Peak Window)"", ""feature_value"": 0.0, ""shap_value"": -1.99, ""impact"": -1.99}, {""feature_key"": ""hour_cos"", ""feature_name"": ""Time of Day (Diurnal Cycle)"", ""feature_value"": -1.0, ""shap_value"": -1.55, ""impact"": -1.55}, {""feature_key"": ""lag_3"", ""feature_name"": ""Short-term Congestion (3h ago)"", ""feature_value"": 99.0, ""shap_value"": -1.05, ""impact"": -1.05}, {""feature_key"": ""weather_transit_surge"", ""feature_name"": ""Rainfall Transit Inflow Surge"", ""feature_value"": 0.0, ""shap_value"": -0.62, ""impact"": -0.62}, {""feature_key"": ""roll_mean_6h"", ""feature_name"": ""6-Hour Moving Congestion Trend"", ""feature_value"": 89.88, ""shap_value"": -0.55, ""impact"": -0.55}]",60.24
2441,MAA_CENTRAL_STATION,2026-09-25T13:00:00,2026-09-23T20:00:00,41,63.3,HIGH,34.0,Sunny & Warm,20,"[{""feature_key"": ""lag_168"", ""feature_name"": ""Same Time Last Week Congestion"", ""feature_value"": 68.3, ""shap_value"": 7.43, ""impact"": 7.43}, {""feature_key"": ""lag_foot_24"", ""feature_name"": ""Yesterday's Foot-Traffic"", ""feature_value"": 7488.0, ""shap_value"": 2.28, ""impact"": 2.28}, {""feature_key"": ""lag_foot_1"", ""feature_name"": ""Recent Foot-Traffic (1h ago)"", ""feature_value"": 7608.0, ""shap_value"": 0.87, ""impact"": 0.87}, {""feature_key"": ""temp_c"", ""feature_name"": ""Ambient Temperature"", ""feature_value"": 34.0, ""shap_value"": 0.52, ""impact"": 0.52}, {""feature_key"": ""lag_trips_1"", ""feature_name"": ""Recent Transit Trips Count"", ""feature_value"": 20.0, ""shap_value"": 0.38, ""impact"": 0.38}]","[{""feature_key"": ""hour_sin"", ""feature_name"": ""Time of Day (Peak Window)"", ""feature_value"": -0.26, ""shap_value"": -1.98, ""impact"": -1.98}, {""feature_key"": ""hour_cos"", ""feature_name"": ""Time of Day (Diurnal Cycle)"", ""feature_value"": -0.97, ""shap_value"": -1.54, ""impact"": -1.54}, {""feature_key"": ""lag_3"", ""feature_name"": ""Short-term Congestion (3h ago)"", ""feature_value"": 95.9, ""shap_value"": -1.37, ""impact"": -1.37}, {""feature_key"": ""lag_1"", ""feature_name"": ""Recent Congestion (1h ago)"", ""feature_value"": 63.4, ""shap_value"": -1.36, ""impact"": -1.36}, {""feature_key"": ""lag_24"", ""feature_name"": ""Yesterday's Same-Hour Congestion"", ""feature_value"": 62.4, ""shap_value"": -1.03, ""impact"": -1.03}]",60.24
2442,MAA_CENTRAL_STATION,2026-09-25T14:00:00,2026-09-23T20:00:00,42,75.3,HIGH,33.6,Monsoon Downpour,20,"[{""feature_key"": ""lag_168"", ""feature_name"": ""Same Time Last Week Congestion"", ""feature_value"": 77.7, ""shap_value"": 12.74, ""impact"": 12.74}, {""feature_key"": ""weather_transit_surge"", ""feature_name"": ""Rainfall Transit Inflow Surge"", ""feature_value"": 1.44, ""shap_value"": 3.88, ""impact"": 3.88}, {""feature_key"": ""lag_foot_24"", ""feature_name"": ""Yesterday's Foot-Traffic"", ""feature_value"": 8592.0, ""shap_value"": 2.22, ""impact"": 2.22}, {""feature_key"": ""precip_mm"", ""feature_name"": ""Rainfall Intensity"", ""feature_value"": 6.56, ""shap_value"": 1.0, ""impact"": 1.0}, {""feature_key"": ""lag_foot_1"", ""feature_name"": ""Recent Foot-Traffic (1h ago)"", ""feature_value"": 7596.0, ""shap_value"": 0.96, ""impact"": 0.96}]","[{""feature_key"": ""hour_sin"", ""feature_name"": ""Time of Day (Peak Window)"", ""feature_value"": -0.5, ""shap_value"": -2.63, ""impact"": -2.63}, {""feature_key"": ""lag_1"", ""feature_name"": ""Recent Congestion (1h ago)"", ""feature_value"": 63.3, ""shap_value"": -2.37, ""impact"": -2.37}, {""feature_key"": ""hour_cos"", ""feature_name"": ""Time of Day (Diurnal Cycle)"", ""feature_value"": -0.87, ""shap_value"": -1.25, ""impact"": -1.25}, {""feature_key"": ""dow_sin"", ""feature_name"": ""Weekly Schedule Cycle"", ""feature_value"": -0.43, ""shap_value"": -0.99, ""impact"": -0.99}, {""feature_key"": ""roll_mean_6h"", ""feature_name"": ""6-Hour Moving Congestion Trend"", ""feature_value"": 82.25, ""shap_value"": -0.75, ""impact"": -0.75}]",60.24
2443,MAA_CENTRAL_STATION,2026-09-25T15:00:00,2026-09-23T20:00:00,43,87.0,SEVERE,34.1,Monsoon Downpour,20,"[{""feature_key"": ""lag_168"", ""feature_name"": ""Same Time Last Week Congestion"", ""feature_value"": 86.0, ""shap_value"": 17.8, ""impact"": 17.8}, {""feature_key"": ""weather_transit_surge"", ""feature_name"": ""Rainfall Transit Inflow Surge"", ""feature_value"": 1.44, ""shap_value"": 3.1, ""impact"": 3.1}, {""feature_key"": ""lag_foot_24"", ""feature_name"": ""Yesterday's Foot-Traffic"", ""feature_value"": 9924.0, ""shap_value"": 2.16, ""impact"": 2.16}, {""feature_key"": ""hour_cos"", ""feature_name"": ""Time of Day (Diurnal Cycle)"", ""feature_value"": -0.71, ""shap_value"": 0.98, ""impact"": 0.98}, {""feature_key"": ""lag_1"", ""feature_name"": ""Recent Congestion (1h ago)"", ""feature_value"": 75.3, ""shap_value"": 0.84, ""impact"": 0.84}]","[{""feature_key"": ""hour_sin"", ""feature_name"": ""Time of Day (Peak Window)"", ""feature_value"": -0.71, ""shap_value"": -1.28, ""impact"": -1.28}, {""feature_key"": ""dow_sin"", ""feature_name"": ""Weekly Schedule Cycle"", ""feature_value"": -0.43, ""shap_value"": -0.66, ""impact"": -0.66}, {""feature_key"": ""roll_mean_6h"", ""feature_name"": ""6-Hour Moving Congestion Trend"", ""feature_value"": 78.4, ""shap_value"": -0.6, ""impact"": -0.6}, {""feature_key"": ""lag_trips_24"", ""feature_name"": ""Yesterday's Scheduled Transit Trips"", ""feature_value"": 20.0, ""shap_value"": -0.18, ""impact"": -0.18}, {""feature_key"": ""lag_2"", ""feature_name"": ""Short-term Congestion (2h ago)"", ""feature_value"": 63.3, ""shap_value"": -0.05, ""impact"": -0.05}]",60.24
2444,MAA_CENTRAL_STATION,2026-09-25T16:00:00,2026-09-23T20:00:00,44,96.5,SEVERE,33.2,Monsoon Downpour,20,"[{""feature_key"": ""lag_168"", ""feature_name"": ""Same Time Last Week Congestion"", ""feature_value"": 96.3, ""shap_value"": 22.44, ""impact"": 22.44}, {""feature_key"": ""lag_foot_24"", ""feature_name"": ""Yesterday's Foot-Traffic"", ""feature_value"": 11628.0, ""shap_value"": 2.49, ""impact"": 2.49}, {""feature_key"": ""lag_24"", ""feature_name"": ""Yesterday's Same-Hour Congestion"", ""feature_value"": 96.9, ""shap_value"": 2.22, ""impact"": 2.22}, {""feature_key"": ""weather_transit_surge"", ""feature_name"": ""Rainfall Transit Inflow Surge"", ""feature_value"": 1.44, ""shap_value"": 2.03, ""impact"": 2.03}, {""feature_key"": ""lag_1"", ""feature_name"": ""Recent Congestion (1h ago)"", ""feature_value"": 87.0, ""shap_value"": 1.84, ""impact"": 1.84}]","[{""feature_key"": ""dow_sin"", ""feature_name"": ""Weekly Schedule Cycle"", ""feature_value"": -0.43, ""shap_value"": -0.31, ""impact"": -0.31}, {""feature_key"": ""lag_trips_24"", ""feature_name"": ""Yesterday's Scheduled Transit Trips"", ""feature_value"": 20.0, ""shap_value"": -0.18, ""impact"": -0.18}, {""feature_key"": ""roll_mean_6h"", ""feature_name"": ""6-Hour Moving Congestion Trend"", ""feature_value"": 76.4, ""shap_value"": -0.14, ""impact"": -0.14}, {""feature_key"": ""roll_std_24h"", ""feature_name"": ""24-Hour Crowd Volatility"", ""feature_value"": 27.23, ""shap_value"": -0.05, ""impact"": -0.05}, {""feature_key"": ""is_weekend"", ""feature_name"": ""Weekend Tourist Surge"", ""feature_value"": 0.0, ""shap_value"": -0.03, ""impact"": -0.03}]",60.24
2445,MAA_CENTRAL_STATION,2026-09-25T17:00:00,2026-09-23T20:00:00,45,98.6,SEVERE,33.7,Thunderstorm / Rain,32,"[{""feature_key"": ""lag_168"", ""feature_name"": ""Same Time Last Week Congestion"", ""feature_value"": 98.5, ""shap_value"": 23.09, ""impact"": 23.09}, {""feature_key"": ""lag_foot_24"", ""feature_name"": ""Yesterday's Foot-Traffic"", ""feature_value"": 11820.0, ""shap_value"": 2.51, ""impact"": 2.51}, {""feature_key"": ""lag_1"", ""feature_name"": ""Recent Congestion (1h ago)"", ""feature_value"": 96.5, ""shap_value"": 1.98, ""impact"": 1.98}, {""feature_key"": ""lag_24"", ""feature_name"": ""Yesterday's Same-Hour Congestion"", ""feature_value"": 98.5, ""shap_value"": 1.95, ""impact"": 1.95}, {""feature_key"": ""weather_transit_surge"", ""feature_name"": ""Rainfall Transit Inflow Surge"", ""feature_value"": 1.44, ""shap_value"": 1.78, ""impact"": 1.78}]","[{""feature_key"": ""dow_sin"", ""feature_name"": ""Weekly Schedule Cycle"", ""feature_value"": -0.43, ""shap_value"": -0.25, ""impact"": -0.25}, {""feature_key"": ""lag_trips_24"", ""feature_name"": ""Yesterday's Scheduled Transit Trips"", ""feature_value"": 32.0, ""shap_value"": -0.18, ""impact"": -0.18}, {""feature_key"": ""roll_mean_6h"", ""feature_name"": ""6-Hour Moving Congestion Trend"", ""feature_value"": 76.5, ""shap_value"": -0.11, ""impact"": -0.11}, {""feature_key"": ""roll_mean_24h"", ""feature_name"": ""24-Hour Average Baseline"", ""feature_value"": 69.83, ""shap_value"": -0.07, ""impact"": -0.07}, {""feature_key"": ""is_weekend"", ""feature_name"": ""Weekend Tourist Surge"", ""feature_value"": 0.0, ""shap_value"": -0.02, ""impact"": -0.02}]",60.24
2446,MAA_CENTRAL_STATION,2026-09-25T18:00:00,2026-09-23T20:00:00,46,98.6,SEVERE,32.6,Monsoon Downpour,32,"[{""feature_key"": ""lag_168"", ""feature_name"": ""Same Time Last Week Congestion"", ""feature_value"": 98.5, ""shap_value"": 23.07, ""impact"": 23.07}, {""feature_key"": ""lag_foot_24"", ""feature_name"": ""Yesterday's Foot-Traffic"", ""feature_value"": 11784.0, ""shap_value"": 2.55, ""impact"": 2.55}, {""feature_key"": ""lag_1"", ""feature_name"": ""Recent Congestion (1h ago)"", ""feature_value"": 98.6, ""shap_value"": 2.44, ""impact"": 2.44}, {""feature_key"": ""lag_24"", ""feature_name"": ""Yesterday's Same-Hour Congestion"", ""feature_value"": 98.2, ""shap_value"": 2.01, ""impact"": 2.01}, {""feature_key"": ""weather_transit_surge"", ""feature_name"": ""Rainfall Transit Inflow Surge"", ""feature_value"": 1.44, ""shap_value"": 1.76, ""impact"": 1.76}]","[{""feature_key"": ""dow_sin"", ""feature_name"": ""Weekly Schedule Cycle"", ""feature_value"": -0.43, ""shap_value"": -0.24, ""impact"": -0.24}, {""feature_key"": ""roll_mean_6h"", ""feature_name"": ""6-Hour Moving Congestion Trend"", ""feature_value"": 80.68, ""shap_value"": -0.23, ""impact"": -0.23}, {""feature_key"": ""lag_3"", ""feature_name"": ""Short-term Congestion (3h ago)"", ""feature_value"": 87.0, ""shap_value"": -0.22, ""impact"": -0.22}, {""feature_key"": ""lag_trips_24"", ""feature_name"": ""Yesterday's Scheduled Transit Trips"", ""feature_value"": 32.0, ""shap_value"": -0.19, ""impact"": -0.19}, {""feature_key"": ""roll_mean_24h"", ""feature_name"": ""24-Hour Average Baseline"", ""feature_value"": 69.83, ""shap_value"": -0.05, ""impact"": -0.05}]",60.24
2447,MAA_CENTRAL_STATION,2026-09-25T19:00:00,2026-09-23T20:00:00,47,98.3,SEVERE,31.3,Monsoon Downpour,32,"[{""feature_key"": ""lag_168"", ""feature_name"": ""Same Time Last Week Congestion"", ""feature_value"": 98.5, ""shap_value"": 23.21, ""impact"": 23.21}, {""feature_key"": ""lag_1"", ""feature_name"": ""Recent Congestion (1h ago)"", ""feature_value"": 98.6, ""shap_value"": 2.84, ""impact"": 2.84}, {""feature_key"": ""lag_foot_24"", ""feature_name"": ""Yesterday's Foot-Traffic"", ""feature_value"": 11760.0, ""shap_value"": 2.58, ""impact"": 2.58}, {""feature_key"": ""lag_24"", ""feature_name"": ""Yesterday's Same-Hour Congestion"", ""feature_value"": 98.0, ""shap_value"": 1.99, ""impact"": 1.99}, {""feature_key"": ""weather_transit_surge"", ""feature_name"": ""Rainfall Transit Inflow Surge"", ""feature_value"": 1.44, ""shap_value"": 1.96, ""impact"": 1.96}]","[{""feature_key"": ""lag_3"", ""feature_name"": ""Short-term Congestion (3h ago)"", ""feature_value"": 96.5, ""shap_value"": -0.3, ""impact"": -0.3}, {""feature_key"": ""dow_sin"", ""feature_name"": ""Weekly Schedule Cycle"", ""feature_value"": -0.43, ""shap_value"": -0.24, ""impact"": -0.24}, {""feature_key"": ""roll_mean_6h"", ""feature_name"": ""6-Hour Moving Congestion Trend"", ""feature_value"": 86.55, ""shap_value"": -0.22, ""impact"": -0.22}, {""feature_key"": ""lag_trips_24"", ""feature_name"": ""Yesterday's Scheduled Transit Trips"", ""feature_value"": 32.0, ""shap_value"": -0.18, ""impact"": -0.18}, {""feature_key"": ""feels_like_c"", ""feature_name"": ""Apparent Feels-Like Temperature"", ""feature_value"": 30.9, ""shap_value"": -0.04, ""impact"": -0.04}]",60.24
2448,MAA_CENTRAL_STATION,2026-09-25T20:00:00,2026-09-23T20:00:00,48,97.9,SEVERE,30.0,Thunderstorm / Rain,32,"[{""feature_key"": ""lag_168"", ""feature_name"": ""Same Time Last Week Congestion"", ""feature_value"": 98.5, ""shap_value"": 23.04, ""impact"": 23.04}, {""feature_key"": ""lag_1"", ""feature_name"": ""Recent Congestion (1h ago)"", ""feature_value"": 98.3, ""shap_value"": 2.53, ""impact"": 2.53}, {""feature_key"": ""lag_foot_24"", ""feature_name"": ""Yesterday's Foot-Traffic"", ""feature_value"": 11616.0, ""shap_value"": 2.46, ""impact"": 2.46}, {""feature_key"": ""lag_24"", ""feature_name"": ""Yesterday's Same-Hour Congestion"", ""feature_value"": 96.8, ""shap_value"": 1.87, ""impact"": 1.87}, {""feature_key"": ""weather_transit_surge"", ""feature_name"": ""Rainfall Transit Inflow Surge"", ""feature_value"": 1.44, ""shap_value"": 1.85, ""impact"": 1.85}]","[{""feature_key"": ""lag_3"", ""feature_name"": ""Short-term Congestion (3h ago)"", ""feature_value"": 98.6, ""shap_value"": -0.36, ""impact"": -0.36}, {""feature_key"": ""dow_sin"", ""feature_name"": ""Weekly Schedule Cycle"", ""feature_value"": -0.43, ""shap_value"": -0.32, ""impact"": -0.32}, {""feature_key"": ""roll_mean_6h"", ""feature_name"": ""6-Hour Moving Congestion Trend"", ""feature_value"": 92.38, ""shap_value"": -0.28, ""impact"": -0.28}, {""feature_key"": ""lag_trips_24"", ""feature_name"": ""Yesterday's Scheduled Transit Trips"", ""feature_value"": 32.0, ""shap_value"": -0.23, ""impact"": -0.23}, {""feature_key"": ""roll_mean_24h"", ""feature_name"": ""24-Hour Average Baseline"", ""feature_value"": 69.86, ""shap_value"": -0.14, ""impact"": -0.14}]",60.24
2449,MAA_MARINA_BEACH,2026-09-23T21:00:00,2026-09-23T20:00:00,1,74.5,HIGH,29.6,Sunny & Warm,6,"[{""feature_key"": ""lag_168"", ""feature_name"": ""Same Time Last Week Congestion"", ""feature_value"": 80.2, ""shap_value"": 12.8, ""impact"": 12.8}, {""feature_key"": ""lag_foot_24"", ""feature_name"": ""Yesterday's Foot-Traffic"", ""feature_value"": 12801.0, ""shap_value"": 2.5, ""impact"": 2.5}, {""feature_key"": ""lag_1"", ""feature_name"": ""Recent Congestion (1h ago)"", ""feature_value"": 79.9, ""shap_value"": 2.31, ""impact"": 2.31}, {""feature_key"": ""temp_c"", ""feature_name"": ""Ambient Temperature"", ""feature_value"": 29.6, ""shap_value"": 0.79, ""impact"": 0.79}, {""feature_key"": ""lag_foot_1"", ""feature_name"": ""Recent Foot-Traffic (1h ago)"", ""feature_value"": 10410.0, ""shap_value"": 0.51, ""impact"": 0.51}]","[{""feature_key"": ""hour_cos"", ""feature_name"": ""Time of Day (Diurnal Cycle)"", ""feature_value"": 0.71, ""shap_value"": -1.2, ""impact"": -1.2}, {""feature_key"": ""hour_sin"", ""feature_name"": ""Time of Day (Peak Window)"", ""feature_value"": -0.71, ""shap_value"": -1.03, ""impact"": -1.03}, {""feature_key"": ""dow_sin"", ""feature_name"": ""Weekly Schedule Cycle"", ""feature_value"": 0.97, ""shap_value"": -0.83, ""impact"": -0.83}, {""feature_key"": ""transit_pressure_ratio"", ""feature_name"": ""Transit Demand-to-Supply Ratio"", ""feature_value"": 8.76, ""shap_value"": -0.82, ""impact"": -0.82}, {""feature_key"": ""scheduled_trips"", ""feature_name"": ""Transit Dispatch Frequency"", ""feature_value"": 6.0, ""shap_value"": -0.66, ""impact"": -0.66}]",60.24
2450,MAA_MARINA_BEACH,2026-09-23T22:00:00,2026-09-23T20:00:00,2,47.0,MODERATE,26.8,Sunny & Warm,6,"[{""feature_key"": ""lag_foot_24"", ""feature_name"": ""Yesterday's Foot-Traffic"", ""feature_value"": 5647.0, ""shap_value"": 2.53, ""impact"": 2.53}, {""feature_key"": ""lag_1"", ""feature_name"": ""Recent Congestion (1h ago)"", ""feature_value"": 74.5, ""shap_value"": 2.21, ""impact"": 2.21}, {""feature_key"": ""lag_foot_1"", ""feature_name"": ""Recent Foot-Traffic (1h ago)"", ""feature_value"": 11175.0, ""shap_value"": 0.69, ""impact"": 0.69}, {""feature_key"": ""lag_trips_24"", ""feature_name"": ""Yesterday's Scheduled Transit Trips"", ""feature_value"": 6.0, ""shap_value"": 0.26, ""impact"": 0.26}, {""feature_key"": ""roll_mean_24h"", ""feature_name"": ""24-Hour Average Baseline"", ""feature_value"": 52.35, ""shap_value"": 0.14, ""impact"": 0.14}]","[{""feature_key"": ""lag_168"", ""feature_name"": ""Same Time Last Week Congestion"", ""feature_value"": 52.5, ""shap_value"": -6.13, ""impact"": -6.13}, {""feature_key"": ""hour_cos"", ""feature_name"": ""Time of Day (Diurnal Cycle)"", ""feature_value"": 0.87, ""shap_value"": -2.77, ""impact"": -2.77}, {""feature_key"": ""lag_24"", ""feature_name"": ""Yesterday's Same-Hour Congestion"", ""feature_value"": 45.8, ""shap_value"": -2.37, ""impact"": -2.37}, {""feature_key"": ""hour_sin"", ""feature_name"": ""Time of Day (Peak Window)"", ""feature_value"": -0.5, ""shap_value"": -1.18, ""impact"": -1.18}, {""feature_key"": ""temp_c"", ""feature_name"": ""Ambient Temperature"", ""feature_value"": 26.8, ""shap_value"": -0.96, ""impact"": -0.96}]",60.24
2451,MAA_MARINA_BEACH,2026-09-23T23:00:00,2026-09-23T20:00:00,3,29.4,LOW,26.4,Sunny & Warm,6,"[{""feature_key"": ""lag_foot_1"", ""feature_name"": ""Recent Foot-Traffic (1h ago)"", ""feature_value"": 7050.0, ""shap_value"": 0.43, ""impact"": 0.43}, {""feature_key"": ""lag_trips_24"", ""feature_name"": ""Yesterday's Scheduled Transit Trips"", ""feature_value"": 6.0, ""shap_value"": 0.23, ""impact"": 0.23}, {""feature_key"": ""roll_mean_24h"", ""feature_name"": ""24-Hour Average Baseline"", ""feature_value"": 52.4, ""shap_value"": 0.11, ""impact"": 0.11}, {""feature_key"": ""dow_cos"", ""feature_name"": ""Day of Week Alignment"", ""feature_value"": -0.22, ""shap_value"": 0.07, ""impact"": 0.07}, {""feature_key"": ""lag_2"", ""feature_name"": ""Short-term Congestion (2h ago)"", ""feature_value"": 74.5, ""shap_value"": 0.05, ""impact"": 0.05}]","[{""feature_key"": ""lag_168"", ""feature_name"": ""Same Time Last Week Congestion"", ""feature_value"": 32.8, ""shap_value"": -19.11, ""impact"": -19.11}, {""feature_key"": ""hour_cos"", ""feature_name"": ""Time of Day (Diurnal Cycle)"", ""feature_value"": 0.97, ""shap_value"": -2.24, ""impact"": -2.24}, {""feature_key"": ""lag_foot_24"", ""feature_name"": ""Yesterday's Foot-Traffic"", ""feature_value"": 1004.0, ""shap_value"": -1.84, ""impact"": -1.84}, {""feature_key"": ""lag_1"", ""feature_name"": ""Recent Congestion (1h ago)"", ""feature_value"": 47.0, ""shap_value"": -1.77, ""impact"": -1.77}, {""feature_key"": ""lag_24"", ""feature_name"": ""Yesterday's Same-Hour Congestion"", ""feature_value"": 27.9, ""shap_value"": -1.53, ""impact"": -1.53}]",60.24
2452,MAA_MARINA_BEACH,2026-09-24T00:00:00,2026-09-23T20:00:00,4,24.9,LOW,25.6,Humid / Overcast,8,"[{""feature_key"": ""lag_trips_24"", ""feature_name"": ""Yesterday's Scheduled Transit Trips"", ""feature_value"": 6.0, ""shap_value"": 0.23, ""impact"": 0.23}, {""feature_key"": ""roll_mean_24h"", ""feature_name"": ""24-Hour Average Baseline"", ""feature_value"": 52.46, ""shap_value"": 0.11, ""impact"": 0.11}, {""feature_key"": ""humidity_pct"", ""feature_name"": ""Marine Layer / Humidity"", ""feature_value"": 95.0, ""shap_value"": 0.02, ""impact"": 0.02}, {""feature_key"": ""roll_mean_6h"", ""feature_name"": ""6-Hour Moving Congestion Trend"", ""feature_value"": 67.4, ""shap_value"": 0.02, ""impact"": 0.02}, {""feature_key"": ""roll_std_24h"", ""feature_name"": ""24-Hour Crowd Volatility"", ""feature_value"": 22.07, ""shap_value"": 0.01, ""impact"": 0.01}]","[{""feature_key"": ""lag_168"", ""feature_name"": ""Same Time Last Week Congestion"", ""feature_value"": 27.3, ""shap_value"": -22.22, ""impact"": -22.22}, {""feature_key"": ""lag_foot_24"", ""feature_name"": ""Yesterday's Foot-Traffic"", ""feature_value"": 754.0, ""shap_value"": -2.6, ""impact"": -2.6}, {""feature_key"": ""lag_24"", ""feature_name"": ""Yesterday's Same-Hour Congestion"", ""feature_value"": 22.8, ""shap_value"": -2.39, ""impact"": -2.39}, {""feature_key"": ""lag_1"", ""feature_name"": ""Recent Congestion (1h ago)"", ""feature_value"": 29.4, ""shap_value"": -2.37, ""impact"": -2.37}, {""feature_key"": ""hour_cos"", ""feature_name"": ""Time of Day (Diurnal Cycle)"", ""feature_value"": 1.0, ""shap_value"": -2.18, ""impact"": -2.18}]",60.24
2453,MAA_MARINA_BEACH,2026-09-24T01:00:00,2026-09-23T20:00:00,5,25.8,LOW,26.0,Humid / Overcast,8,"[{""feature_key"": ""lag_trips_24"", ""feature_name"": ""Yesterday's Scheduled Transit Trips"", ""feature_value"": 6.0, ""shap_value"": 0.25, ""impact"": 0.25}, {""feature_key"": ""lag_3"", ""feature_name"": ""Short-term Congestion (3h ago)"", ""feature_value"": 47.0, ""shap_value"": 0.24, ""impact"": 0.24}, {""feature_key"": ""roll_mean_24h"", ""feature_name"": ""24-Hour Average Baseline"", ""feature_value"": 52.55, ""shap_value"": 0.12, ""impact"": 0.12}, {""feature_key"": ""roll_mean_6h"", ""feature_name"": ""6-Hour Moving Congestion Trend"", ""feature_value"": 57.57, ""shap_value"": 0.1, ""impact"": 0.1}, {""feature_key"": ""temp_c"", ""feature_name"": ""Ambient Temperature"", ""feature_value"": 26.0, ""shap_value"": 0.01, ""impact"": 0.01}]","[{""feature_key"": ""lag_168"", ""feature_name"": ""Same Time Last Week Congestion"", ""feature_value"": 31.0, ""shap_value"": -20.81, ""impact"": -20.81}, {""feature_key"": ""lag_foot_24"", ""feature_name"": ""Yesterday's Foot-Traffic"", ""feature_value"": 778.0, ""shap_value"": -2.84, ""impact"": -2.84}, {""feature_key"": ""lag_1"", ""feature_name"": ""Recent Congestion (1h ago)"", ""feature_value"": 24.9, ""shap_value"": -2.32, ""impact"": -2.32}, {""feature_key"": ""lag_24"", ""feature_name"": ""Yesterday's Same-Hour Congestion"", ""feature_value"": 23.5, ""shap_value"": -2.32, ""impact"": -2.32}, {""feature_key"": ""hour_cos"", ""feature_name"": ""Time of Day (Diurnal Cycle)"", ""feature_value"": 0.97, ""shap_value"": -2.15, ""impact"": -2.15}]",60.24
2454,MAA_MARINA_BEACH,2026-09-24T02:00:00,2026-09-23T20:00:00,6,27.0,LOW,24.6,Humid / Overcast,8,"[{""feature_key"": ""lag_trips_24"", ""feature_name"": ""Yesterday's Scheduled Transit Trips"", ""feature_value"": 6.0, ""shap_value"": 0.24, ""impact"": 0.24}, {""feature_key"": ""lag_3"", ""feature_name"": ""Short-term Congestion (3h ago)"", ""feature_value"": 29.4, ""shap_value"": 0.22, ""impact"": 0.22}, {""feature_key"": ""roll_mean_6h"", ""feature_name"": ""6-Hour Moving Congestion Trend"", ""feature_value"": 46.92, ""shap_value"": 0.18, ""impact"": 0.18}, {""feature_key"": ""roll_mean_24h"", ""feature_name"": ""24-Hour Average Baseline"", ""feature_value"": 52.65, ""shap_value"": 0.13, ""impact"": 0.13}, {""feature_key"": ""lag_2"", ""feature_name"": ""Short-term Congestion (2h ago)"", ""feature_value"": 24.9, ""shap_value"": 0.03, ""impact"": 0.03}]","[{""feature_key"": ""lag_168"", ""feature_name"": ""Same Time Last Week Congestion"", ""feature_value"": 30.7, ""shap_value"": -21.03, ""impact"": -21.03}, {""feature_key"": ""lag_foot_24"", ""feature_name"": ""Yesterday's Foot-Traffic"", ""feature_value"": 817.0, ""shap_value"": -2.88, ""impact"": -2.88}, {""feature_key"": ""lag_1"", ""feature_name"": ""Recent Congestion (1h ago)"", ""feature_value"": 25.8, ""shap_value"": -2.25, ""impact"": -2.25}, {""feature_key"": ""lag_24"", ""feature_name"": ""Yesterday's Same-Hour Congestion"", ""feature_value"": 24.7, ""shap_value"": -2.23, ""impact"": -2.23}, {""feature_key"": ""hour_cos"", ""feature_name"": ""Time of Day (Diurnal Cycle)"", ""feature_value"": 0.87, ""shap_value"": -1.44, ""impact"": -1.44}]",60.24
2455,MAA_MARINA_BEACH,2026-09-24T03:00:00,2026-09-23T20:00:00,7,32.9,LOW,24.9,Monsoon Downpour,8,"[{""feature_key"": ""precip_mm"", ""feature_name"": ""Rainfall Intensity"", ""feature_value"": 12.63, ""shap_value"": 2.11, ""impact"": 2.11}, {""feature_key"": ""weather_tourism_suppression"", ""feature_name"": ""Weather Tourist Dampening Index"", ""feature_value"": 1.76, ""shap_value"": 1.0, ""impact"": 1.0}, {""feature_key"": ""is_rain"", ""feature_name"": ""Rain Weather Friction"", ""feature_value"": 1.0, ""shap_value"": 0.42, ""impact"": 0.42}, {""feature_key"": ""lag_trips_24"", ""feature_name"": ""Yesterday's Scheduled Transit Trips"", ""feature_value"": 6.0, ""shap_value"": 0.2, ""impact"": 0.2}, {""feature_key"": ""roll_mean_6h"", ""feature_name"": ""6-Hour Moving Congestion Trend"", ""feature_value"": 38.1, ""shap_value"": 0.18, ""impact"": 0.18}]","[{""feature_key"": ""lag_168"", ""feature_name"": ""Same Time Last Week Congestion"", ""feature_value"": 26.4, ""shap_value"": -20.55, ""impact"": -20.55}, {""feature_key"": ""lag_foot_24"", ""feature_name"": ""Yesterday's Foot-Traffic"", ""feature_value"": 859.0, ""shap_value"": -2.42, ""impact"": -2.42}, {""feature_key"": ""lag_1"", ""feature_name"": ""Recent Congestion (1h ago)"", ""feature_value"": 27.0, ""shap_value"": -2.24, ""impact"": -2.24}, {""feature_key"": ""lag_24"", ""feature_name"": ""Yesterday's Same-Hour Congestion"", ""feature_value"": 26.0, ""shap_value"": -1.77, ""impact"": -1.77}, {""feature_key"": ""hour_cos"", ""feature_name"": ""Time of Day (Diurnal Cycle)"", ""feature_value"": 0.71, ""shap_value"": -1.22, ""impact"": -1.22}]",60.24
2456,MAA_MARINA_BEACH,2026-09-24T04:00:00,2026-09-23T20:00:00,8,35.8,MODERATE,27.2,Monsoon Downpour,8,"[{""feature_key"": ""precip_mm"", ""feature_name"": ""Rainfall Intensity"", ""feature_value"": 13.93, ""shap_value"": 2.2, ""impact"": 2.2}, {""feature_key"": ""weather_tourism_suppression"", ""feature_name"": ""Weather Tourist Dampening Index"", ""feature_value"": 1.76, ""shap_value"": 0.89, ""impact"": 0.89}, {""feature_key"": ""lag_foot_1"", ""feature_name"": ""Recent Foot-Traffic (1h ago)"", ""feature_value"": 4934.0, ""shap_value"": 0.85, ""impact"": 0.85}, {""feature_key"": ""is_rain"", ""feature_name"": ""Rain Weather Friction"", ""feature_value"": 1.0, ""shap_value"": 0.41, ""impact"": 0.41}, {""feature_key"": ""roll_mean_6h"", ""feature_name"": ""6-Hour Moving Congestion Trend"", ""feature_value"": 31.17, ""shap_value"": 0.4, ""impact"": 0.4}]","[{""feature_key"": ""lag_168"", ""feature_name"": ""Same Time Last Week Congestion"", ""feature_value"": 27.3, ""shap_value"": -20.35, ""impact"": -20.35}, {""feature_key"": ""lag_foot_24"", ""feature_name"": ""Yesterday's Foot-Traffic"", ""feature_value"": 922.0, ""shap_value"": -2.38, ""impact"": -2.38}, {""feature_key"": ""lag_1"", ""feature_name"": ""Recent Congestion (1h ago)"", ""feature_value"": 32.9, ""shap_value"": -2.15, ""impact"": -2.15}, {""feature_key"": ""lag_24"", ""feature_name"": ""Yesterday's Same-Hour Congestion"", ""feature_value"": 27.9, ""shap_value"": -1.49, ""impact"": -1.49}, {""feature_key"": ""hour_cos"", ""feature_name"": ""Time of Day (Diurnal Cycle)"", ""feature_value"": 0.5, ""shap_value"": -0.62, ""impact"": -0.62}]",60.24
2457,MAA_MARINA_BEACH,2026-09-24T05:00:00,2026-09-23T20:00:00,9,41.6,MODERATE,25.6,Monsoon Downpour,6,"[{""feature_key"": ""precip_mm"", ""feature_name"": ""Rainfall Intensity"", ""feature_value"": 9.92, ""shap_value"": 2.66, ""impact"": 2.66}, {""feature_key"": ""weather_tourism_suppression"", ""feature_name"": ""Weather Tourist Dampening Index"", ""feature_value"": 1.76, ""shap_value"": 0.96, ""impact"": 0.96}, {""feature_key"": ""lag_foot_1"", ""feature_name"": ""Recent Foot-Traffic (1h ago)"", ""feature_value"": 5370.0, ""shap_value"": 0.84, ""impact"": 0.84}, {""feature_key"": ""is_rain"", ""feature_name"": ""Rain Weather Friction"", ""feature_value"": 1.0, ""shap_value"": 0.53, ""impact"": 0.53}, {""feature_key"": ""roll_mean_6h"", ""feature_name"": ""6-Hour Moving Congestion Trend"", ""feature_value"": 29.3, ""shap_value"": 0.45, ""impact"": 0.45}]","[{""feature_key"": ""lag_168"", ""feature_name"": ""Same Time Last Week Congestion"", ""feature_value"": 29.9, ""shap_value"": -18.06, ""impact"": -18.06}, {""feature_key"": ""lag_1"", ""feature_name"": ""Recent Congestion (1h ago)"", ""feature_value"": 35.8, ""shap_value"": -2.24, ""impact"": -2.24}, {""feature_key"": ""lag_24"", ""feature_name"": ""Yesterday's Same-Hour Congestion"", ""feature_value"": 28.4, ""shap_value"": -1.4, ""impact"": -1.4}, {""feature_key"": ""lag_foot_24"", ""feature_name"": ""Yesterday's Foot-Traffic"", ""feature_value"": 1489.0, ""shap_value"": -0.54, ""impact"": -0.54}, {""feature_key"": ""transit_pressure_ratio"", ""feature_name"": ""Transit Demand-to-Supply Ratio"", ""feature_value"": 8.89, ""shap_value"": -0.48, ""impact"": -0.48}]",60.24
2458,MAA_MARINA_BEACH,2026-09-24T06:00:00,2026-09-23T20:00:00,10,59.1,MODERATE,28.9,Monsoon Downpour,6,"[{""feature_key"": ""lag_foot_24"", ""feature_name"": ""Yesterday's Foot-Traffic"", ""feature_value"": 7569.0, ""shap_value"": 2.65, ""impact"": 2.65}, {""feature_key"": ""precip_mm"", ""feature_name"": ""Rainfall Intensity"", ""feature_value"": 13.58, ""shap_value"": 2.05, ""impact"": 2.05}, {""feature_key"": ""temp_c"", ""feature_name"": ""Ambient Temperature"", ""feature_value"": 28.9, ""shap_value"": 0.73, ""impact"": 0.73}, {""feature_key"": ""hour_cos"", ""feature_name"": ""Time of Day (Diurnal Cycle)"", ""feature_value"": 0.0, ""shap_value"": 0.72, ""impact"": 0.72}, {""feature_key"": ""lag_foot_1"", ""feature_name"": ""Recent Foot-Traffic (1h ago)"", ""feature_value"": 6240.0, ""shap_value"": 0.53, ""impact"": 0.53}]","[{""feature_key"": ""lag_1"", ""feature_name"": ""Recent Congestion (1h ago)"", ""feature_value"": 41.6, ""shap_value"": -3.56, ""impact"": -3.56}, {""feature_key"": ""lag_168"", ""feature_name"": ""Same Time Last Week Congestion"", ""feature_value"": 50.3, ""shap_value"": -3.1, ""impact"": -3.1}, {""feature_key"": ""transit_pressure_ratio"", ""feature_name"": ""Transit Demand-to-Supply Ratio"", ""feature_value"": 8.98, ""shap_value"": -0.75, ""impact"": -0.75}, {""feature_key"": ""scheduled_trips"", ""feature_name"": ""Transit Dispatch Frequency"", ""feature_value"": 6.0, ""shap_value"": -0.7, ""impact"": -0.7}, {""feature_key"": ""capacity_baseline"", ""feature_name"": ""Station Theoretical Capacity"", ""feature_value"": 15000.0, ""shap_value"": -0.61, ""impact"": -0.61}]",60.24
2459,MAA_MARINA_BEACH,2026-09-24T07:00:00,2026-09-23T20:00:00,11,70.8,HIGH,29.8,Monsoon Downpour,6,"[{""feature_key"": ""lag_168"", ""feature_name"": ""Same Time Last Week Congestion"", ""feature_value"": 75.5, ""shap_value"": 10.67, ""impact"": 10.67}, {""feature_key"": ""lag_foot_24"", ""feature_name"": ""Yesterday's Foot-Traffic"", ""feature_value"": 9942.0, ""shap_value"": 2.15, ""impact"": 2.15}, {""feature_key"": ""hour_cos"", ""feature_name"": ""Time of Day (Diurnal Cycle)"", ""feature_value"": -0.26, ""shap_value"": 1.73, ""impact"": 1.73}, {""feature_key"": ""temp_c"", ""feature_name"": ""Ambient Temperature"", ""feature_value"": 29.8, ""shap_value"": 0.76, ""impact"": 0.76}, {""feature_key"": ""lag_foot_1"", ""feature_name"": ""Recent Foot-Traffic (1h ago)"", ""feature_value"": 8865.0, ""shap_value"": 0.69, ""impact"": 0.69}]","[{""feature_key"": ""lag_1"", ""feature_name"": ""Recent Congestion (1h ago)"", ""feature_value"": 59.1, ""shap_value"": -1.81, ""impact"": -1.81}, {""feature_key"": ""capacity_baseline"", ""feature_name"": ""Station Theoretical Capacity"", ""feature_value"": 15000.0, ""shap_value"": -1.19, ""impact"": -1.19}, {""feature_key"": ""weather_transit_surge"", ""feature_name"": ""Rainfall Transit Inflow Surge"", ""feature_value"": 0.56, ""shap_value"": -1.12, ""impact"": -1.12}, {""feature_key"": ""transit_pressure_ratio"", ""feature_name"": ""Transit Demand-to-Supply Ratio"", ""feature_value"": 8.97, ""shap_value"": -0.7, ""impact"": -0.7}, {""feature_key"": ""lag_24"", ""feature_name"": ""Yesterday's Same-Hour Congestion"", ""feature_value"": 67.8, ""shap_value"": -0.54, ""impact"": -0.54}]",60.24
2460,MAA_MARINA_BEACH,2026-09-24T08:00:00,2026-09-23T20:00:00,12,63.5,HIGH,31.0,Sunny & Warm,16,"[{""feature_key"": ""lag_168"", ""feature_name"": ""Same Time Last Week Congestion"", ""feature_value"": 63.9, ""shap_value"": 2.67, ""impact"": 2.67}, {""feature_key"": ""lag_foot_24"", ""feature_name"": ""Yesterday's Foot-Traffic"", ""feature_value"": 7790.0, ""shap_value"": 2.53, ""impact"": 2.53}, {""feature_key"": ""hour_cos"", ""feature_name"": ""Time of Day (Diurnal Cycle)"", ""feature_value"": -0.5, ""shap_value"": 1.13, ""impact"": 1.13}, {""feature_key"": ""lag_foot_1"", ""feature_name"": ""Recent Foot-Traffic (1h ago)"", ""feature_value"": 10620.0, ""shap_value"": 1.12, ""impact"": 1.12}, {""feature_key"": ""lag_1"", ""feature_name"": ""Recent Congestion (1h ago)"", ""feature_value"": 70.8, ""shap_value"": 0.69, ""impact"": 0.69}]","[{""feature_key"": ""hour_sin"", ""feature_name"": ""Time of Day (Peak Window)"", ""feature_value"": 0.87, ""shap_value"": -1.56, ""impact"": -1.56}, {""feature_key"": ""lag_24"", ""feature_name"": ""Yesterday's Same-Hour Congestion"", ""feature_value"": 59.3, ""shap_value"": -1.38, ""impact"": -1.38}, {""feature_key"": ""capacity_baseline"", ""feature_name"": ""Station Theoretical Capacity"", ""feature_value"": 15000.0, ""shap_value"": -0.99, ""impact"": -0.99}, {""feature_key"": ""weather_transit_surge"", ""feature_name"": ""Rainfall Transit Inflow Surge"", ""feature_value"": 0.0, ""shap_value"": -0.78, ""impact"": -0.78}, {""feature_key"": ""lag_trips_24"", ""feature_name"": ""Yesterday's Scheduled Transit Trips"", ""feature_value"": 16.0, ""shap_value"": -0.38, ""impact"": -0.38}]",60.24
2461,MAA_MARINA_BEACH,2026-09-24T09:00:00,2026-09-23T20:00:00,13,63.6,HIGH,31.6,Sunny & Warm,16,"[{""feature_key"": ""lag_168"", ""feature_name"": ""Same Time Last Week Congestion"", ""feature_value"": 70.2, ""shap_value"": 7.48, ""impact"": 7.48}, {""feature_key"": ""lag_foot_24"", ""feature_name"": ""Yesterday's Foot-Traffic"", ""feature_value"": 8055.0, ""shap_value"": 2.44, ""impact"": 2.44}, {""feature_key"": ""lag_foot_1"", ""feature_name"": ""Recent Foot-Traffic (1h ago)"", ""feature_value"": 9525.0, ""shap_value"": 1.12, ""impact"": 1.12}, {""feature_key"": ""temp_c"", ""feature_name"": ""Ambient Temperature"", ""feature_value"": 31.6, ""shap_value"": 0.51, ""impact"": 0.51}, {""feature_key"": ""lag_3"", ""feature_name"": ""Short-term Congestion (3h ago)"", ""feature_value"": 59.1, ""shap_value"": 0.3, ""impact"": 0.3}]","[{""feature_key"": ""hour_sin"", ""feature_name"": ""Time of Day (Peak Window)"", ""feature_value"": 0.71, ""shap_value"": -1.72, ""impact"": -1.72}, {""feature_key"": ""lag_1"", ""feature_name"": ""Recent Congestion (1h ago)"", ""feature_value"": 63.5, ""shap_value"": -1.57, ""impact"": -1.57}, {""feature_key"": ""lag_24"", ""feature_name"": ""Yesterday's Same-Hour Congestion"", ""feature_value"": 54.7, ""shap_value"": -1.53, ""impact"": -1.53}, {""feature_key"": ""capacity_baseline"", ""feature_name"": ""Station Theoretical Capacity"", ""feature_value"": 15000.0, ""shap_value"": -1.32, ""impact"": -1.32}, {""feature_key"": ""weather_transit_surge"", ""feature_name"": ""Rainfall Transit Inflow Surge"", ""feature_value"": 0.0, ""shap_value"": -0.97, ""impact"": -0.97}]",60.24
2462,MAA_MARINA_BEACH,2026-09-24T10:00:00,2026-09-23T20:00:00,14,60.9,HIGH,34.0,Sunny & Warm,16,"[{""feature_key"": ""lag_168"", ""feature_name"": ""Same Time Last Week Congestion"", ""feature_value"": 69.2, ""shap_value"": 8.16, ""impact"": 8.16}, {""feature_key"": ""lag_foot_24"", ""feature_name"": ""Yesterday's Foot-Traffic"", ""feature_value"": 6288.0, ""shap_value"": 2.47, ""impact"": 2.47}, {""feature_key"": ""lag_foot_1"", ""feature_name"": ""Recent Foot-Traffic (1h ago)"", ""feature_value"": 9540.0, ""shap_value"": 1.05, ""impact"": 1.05}, {""feature_key"": ""temp_c"", ""feature_name"": ""Ambient Temperature"", ""feature_value"": 34.0, ""shap_value"": 0.41, ""impact"": 0.41}, {""feature_key"": ""scheduled_trips"", ""feature_name"": ""Transit Dispatch Frequency"", ""feature_value"": 16.0, ""shap_value"": 0.24, ""impact"": 0.24}]","[{""feature_key"": ""lag_24"", ""feature_name"": ""Yesterday's Same-Hour Congestion"", ""feature_value"": 50.2, ""shap_value"": -2.48, ""impact"": -2.48}, {""feature_key"": ""hour_sin"", ""feature_name"": ""Time of Day (Peak Window)"", ""feature_value"": 0.5, ""shap_value"": -1.8, ""impact"": -1.8}, {""feature_key"": ""hour_cos"", ""feature_name"": ""Time of Day (Diurnal Cycle)"", ""feature_value"": -0.87, ""shap_value"": -1.64, ""impact"": -1.64}, {""feature_key"": ""capacity_baseline"", ""feature_name"": ""Station Theoretical Capacity"", ""feature_value"": 15000.0, ""shap_value"": -1.56, ""impact"": -1.56}, {""feature_key"": ""lag_1"", ""feature_name"": ""Recent Congestion (1h ago)"", ""feature_value"": 63.6, ""shap_value"": -1.32, ""impact"": -1.32}]",60.24
2463,MAA_MARINA_BEACH,2026-09-24T11:00:00,2026-09-23T20:00:00,15,53.4,MODERATE,33.3,Sunny & Warm,10,"[{""feature_key"": ""lag_foot_24"", ""feature_name"": ""Yesterday's Foot-Traffic"", ""feature_value"": 5140.0, ""shap_value"": 2.66, ""impact"": 2.66}, {""feature_key"": ""lag_foot_1"", ""feature_name"": ""Recent Foot-Traffic (1h ago)"", ""feature_value"": 9135.0, ""shap_value"": 0.76, ""impact"": 0.76}, {""feature_key"": ""temp_c"", ""feature_name"": ""Ambient Temperature"", ""feature_value"": 33.3, ""shap_value"": 0.34, ""impact"": 0.34}, {""feature_key"": ""roll_mean_6h"", ""feature_name"": ""6-Hour Moving Congestion Trend"", ""feature_value"": 59.92, ""shap_value"": 0.25, ""impact"": 0.25}, {""feature_key"": ""lag_trips_1"", ""feature_name"": ""Recent Transit Trips Count"", ""feature_value"": 16.0, ""shap_value"": 0.24, ""impact"": 0.24}]","[{""feature_key"": ""hour_cos"", ""feature_name"": ""Time of Day (Diurnal Cycle)"", ""feature_value"": -0.97, ""shap_value"": -1.8, ""impact"": -1.8}, {""feature_key"": ""lag_24"", ""feature_name"": ""Yesterday's Same-Hour Congestion"", ""feature_value"": 52.0, ""shap_value"": -1.66, ""impact"": -1.66}, {""feature_key"": ""hour_sin"", ""feature_name"": ""Time of Day (Peak Window)"", ""feature_value"": 0.26, ""shap_value"": -1.65, ""impact"": -1.65}, {""feature_key"": ""capacity_baseline"", ""feature_name"": ""Station Theoretical Capacity"", ""feature_value"": 15000.0, ""shap_value"": -1.16, ""impact"": -1.16}, {""feature_key"": ""lag_168"", ""feature_name"": ""Same Time Last Week Congestion"", ""feature_value"": 55.8, ""shap_value"": -1.15, ""impact"": -1.15}]",60.24
2464,MAA_MARINA_BEACH,2026-09-24T12:00:00,2026-09-23T20:00:00,16,43.9,MODERATE,35.5,Hot Summer Spell,10,"[{""feature_key"": ""lag_foot_1"", ""feature_name"": ""Recent Foot-Traffic (1h ago)"", ""feature_value"": 8010.0, ""shap_value"": 0.62, ""impact"": 0.62}, {""feature_key"": ""lag_foot_24"", ""feature_name"": ""Yesterday's Foot-Traffic"", ""feature_value"": 3488.0, ""shap_value"": 0.5, ""impact"": 0.5}, {""feature_key"": ""temp_c"", ""feature_name"": ""Ambient Temperature"", ""feature_value"": 35.5, ""shap_value"": 0.46, ""impact"": 0.46}, {""feature_key"": ""humidity_pct"", ""feature_name"": ""Marine Layer / Humidity"", ""feature_value"": 66.0, ""shap_value"": 0.15, ""impact"": 0.15}, {""feature_key"": ""feels_like_c"", ""feature_name"": ""Apparent Feels-Like Temperature"", ""feature_value"": 34.8, ""shap_value"": 0.1, ""impact"": 0.1}]","[{""feature_key"": ""lag_168"", ""feature_name"": ""Same Time Last Week Congestion"", ""feature_value"": 40.8, ""shap_value"": -9.31, ""impact"": -9.31}, {""feature_key"": ""hour_sin"", ""feature_name"": ""Time of Day (Peak Window)"", ""feature_value"": 0.0, ""shap_value"": -1.42, ""impact"": -1.42}, {""feature_key"": ""lag_24"", ""feature_name"": ""Yesterday's Same-Hour Congestion"", ""feature_value"": 41.8, ""shap_value"": -1.17, ""impact"": -1.17}, {""feature_key"": ""hour_cos"", ""feature_name"": ""Time of Day (Diurnal Cycle)"", ""feature_value"": -1.0, ""shap_value"": -1.11, ""impact"": -1.11}, {""feature_key"": ""lag_1"", ""feature_name"": ""Recent Congestion (1h ago)"", ""feature_value"": 53.4, ""shap_value"": -1.09, ""impact"": -1.09}]",60.24
2465,MAA_MARINA_BEACH,2026-09-24T13:00:00,2026-09-23T20:00:00,17,41.3,MODERATE,34.2,Sunny & Warm,10,"[{""feature_key"": ""lag_foot_24"", ""feature_name"": ""Yesterday's Foot-Traffic"", ""feature_value"": 3437.0, ""shap_value"": 1.02, ""impact"": 1.02}, {""feature_key"": ""lag_foot_1"", ""feature_name"": ""Recent Foot-Traffic (1h ago)"", ""feature_value"": 6585.0, ""shap_value"": 0.51, ""impact"": 0.51}, {""feature_key"": ""temp_c"", ""feature_name"": ""Ambient Temperature"", ""feature_value"": 34.2, ""shap_value"": 0.35, ""impact"": 0.35}, {""feature_key"": ""humidity_pct"", ""feature_name"": ""Marine Layer / Humidity"", ""feature_value"": 61.0, ""shap_value"": 0.24, ""impact"": 0.24}, {""feature_key"": ""roll_mean_6h"", ""feature_name"": ""6-Hour Moving Congestion Trend"", ""feature_value"": 59.35, ""shap_value"": 0.09, ""impact"": 0.09}]","[{""feature_key"": ""lag_168"", ""feature_name"": ""Same Time Last Week Congestion"", ""feature_value"": 37.8, ""shap_value"": -12.38, ""impact"": -12.38}, {""feature_key"": ""lag_1"", ""feature_name"": ""Recent Congestion (1h ago)"", ""feature_value"": 43.9, ""shap_value"": -1.81, ""impact"": -1.81}, {""feature_key"": ""lag_24"", ""feature_name"": ""Yesterday's Same-Hour Congestion"", ""feature_value"": 35.9, ""shap_value"": -1.29, ""impact"": -1.29}, {""feature_key"": ""hour_sin"", ""feature_name"": ""Time of Day (Peak Window)"", ""feature_value"": -0.26, ""shap_value"": -1.25, ""impact"": -1.25}, {""feature_key"": ""hour_cos"", ""feature_name"": ""Time of Day (Diurnal Cycle)"", ""feature_value"": -0.97, ""shap_value"": -0.89, ""impact"": -0.89}]",60.24
2466,MAA_MARINA_BEACH,2026-09-24T14:00:00,2026-09-23T20:00:00,18,51.3,MODERATE,35.2,Coastal Sea Breeze,10,"[{""feature_key"": ""lag_foot_1"", ""feature_name"": ""Recent Foot-Traffic (1h ago)"", ""feature_value"": 6195.0, ""shap_value"": 0.8, ""impact"": 0.8}, {""feature_key"": ""temp_c"", ""feature_name"": ""Ambient Temperature"", ""feature_value"": 35.2, ""shap_value"": 0.64, ""impact"": 0.64}, {""feature_key"": ""wind_speed_kmh"", ""feature_name"": ""Coastal Wind Speed"", ""feature_value"": 20.6, ""shap_value"": 0.34, ""impact"": 0.34}, {""feature_key"": ""humidity_pct"", ""feature_name"": ""Marine Layer / Humidity"", ""feature_value"": 63.0, ""shap_value"": 0.25, ""impact"": 0.25}, {""feature_key"": ""lag_foot_24"", ""feature_name"": ""Yesterday's Foot-Traffic"", ""feature_value"": 3569.0, ""shap_value"": 0.23, ""impact"": 0.23}]","[{""feature_key"": ""lag_168"", ""feature_name"": ""Same Time Last Week Congestion"", ""feature_value"": 50.6, ""shap_value"": -4.51, ""impact"": -4.51}, {""feature_key"": ""lag_1"", ""feature_name"": ""Recent Congestion (1h ago)"", ""feature_value"": 41.3, ""shap_value"": -3.01, ""impact"": -3.01}, {""feature_key"": ""capacity_baseline"", ""feature_name"": ""Station Theoretical Capacity"", ""feature_value"": 15000.0, ""shap_value"": -0.91, ""impact"": -0.91}, {""feature_key"": ""transit_pressure_ratio"", ""feature_name"": ""Transit Demand-to-Supply Ratio"", ""feature_value"": 5.53, ""shap_value"": -0.45, ""impact"": -0.45}, {""feature_key"": ""weather_transit_surge"", ""feature_name"": ""Rainfall Transit Inflow Surge"", ""feature_value"": 0.0, ""shap_value"": -0.39, ""impact"": -0.39}]",60.24
2467,MAA_MARINA_BEACH,2026-09-24T15:00:00,2026-09-23T20:00:00,19,61.3,HIGH,33.7,Coastal Sea Breeze,10,"[{""feature_key"": ""lag_foot_24"", ""feature_name"": ""Yesterday's Foot-Traffic"", ""feature_value"": 4797.0, ""shap_value"": 2.81, ""impact"": 2.81}, {""feature_key"": ""hour_cos"", ""feature_name"": ""Time of Day (Diurnal Cycle)"", ""feature_value"": -0.71, ""shap_value"": 1.2, ""impact"": 1.2}, {""feature_key"": ""temp_c"", ""feature_name"": ""Ambient Temperature"", ""feature_value"": 33.7, ""shap_value"": 0.92, ""impact"": 0.92}, {""feature_key"": ""lag_foot_1"", ""feature_name"": ""Recent Foot-Traffic (1h ago)"", ""feature_value"": 7695.0, ""shap_value"": 0.78, ""impact"": 0.78}, {""feature_key"": ""hour_sin"", ""feature_name"": ""Time of Day (Peak Window)"", ""feature_value"": -0.71, ""shap_value"": 0.7, ""impact"": 0.7}]","[{""feature_key"": ""lag_1"", ""feature_name"": ""Recent Congestion (1h ago)"", ""feature_value"": 51.3, ""shap_value"": -1.58, ""impact"": -1.58}, {""feature_key"": ""lag_168"", ""feature_name"": ""Same Time Last Week Congestion"", ""feature_value"": 55.5, ""shap_value"": -1.57, ""impact"": -1.57}, {""feature_key"": ""capacity_baseline"", ""feature_name"": ""Station Theoretical Capacity"", ""feature_value"": 15000.0, ""shap_value"": -0.87, ""impact"": -0.87}, {""feature_key"": ""weather_transit_surge"", ""feature_name"": ""Rainfall Transit Inflow Surge"", ""feature_value"": 0.0, ""shap_value"": -0.49, ""impact"": -0.49}, {""feature_key"": ""transit_pressure_ratio"", ""feature_name"": ""Transit Demand-to-Supply Ratio"", ""feature_value"": 5.5, ""shap_value"": -0.46, ""impact"": -0.46}]",60.24
2468,MAA_MARINA_BEACH,2026-09-24T16:00:00,2026-09-23T20:00:00,20,85.2,SEVERE,33.9,Coastal Sea Breeze,10,"[{""feature_key"": ""lag_168"", ""feature_name"": ""Same Time Last Week Congestion"", ""feature_value"": 88.1, ""shap_value"": 20.47, ""impact"": 20.47}, {""feature_key"": ""hour_sin"", ""feature_name"": ""Time of Day (Peak Window)"", ""feature_value"": -0.87, ""shap_value"": 3.62, ""impact"": 3.62}, {""feature_key"": ""lag_foot_24"", ""feature_name"": ""Yesterday's Foot-Traffic"", ""feature_value"": 7507.0, ""shap_value"": 2.59, ""impact"": 2.59}, {""feature_key"": ""hour_cos"", ""feature_name"": ""Time of Day (Diurnal Cycle)"", ""feature_value"": -0.5, ""shap_value"": 1.64, ""impact"": 1.64}, {""feature_key"": ""lag_foot_1"", ""feature_name"": ""Recent Foot-Traffic (1h ago)"", ""feature_value"": 9195.0, ""shap_value"": 0.83, ""impact"": 0.83}]","[{""feature_key"": ""lag_1"", ""feature_name"": ""Recent Congestion (1h ago)"", ""feature_value"": 61.3, ""shap_value"": -1.27, ""impact"": -1.27}, {""feature_key"": ""lag_24"", ""feature_name"": ""Yesterday's Same-Hour Congestion"", ""feature_value"": 67.3, ""shap_value"": -1.05, ""impact"": -1.05}, {""feature_key"": ""transit_pressure_ratio"", ""feature_name"": ""Transit Demand-to-Supply Ratio"", ""feature_value"": 5.53, ""shap_value"": -0.91, ""impact"": -0.91}, {""feature_key"": ""capacity_baseline"", ""feature_name"": ""Station Theoretical Capacity"", ""feature_value"": 15000.0, ""shap_value"": -0.8, ""impact"": -0.8}, {""feature_key"": ""weather_transit_surge"", ""feature_name"": ""Rainfall Transit Inflow Surge"", ""feature_value"": 0.0, ""shap_value"": -0.45, ""impact"": -0.45}]",60.24
2469,MAA_MARINA_BEACH,2026-09-24T17:00:00,2026-09-23T20:00:00,21,98.8,SEVERE,33.4,Coastal Sea Breeze,16,"[{""feature_key"": ""lag_168"", ""feature_name"": ""Same Time Last Week Congestion"", ""feature_value"": 98.5, ""shap_value"": 25.97, ""impact"": 25.97}, {""feature_key"": ""lag_foot_24"", ""feature_name"": ""Yesterday's Foot-Traffic"", ""feature_value"": 20037.0, ""shap_value"": 2.8, ""impact"": 2.8}, {""feature_key"": ""lag_24"", ""feature_name"": ""Yesterday's Same-Hour Congestion"", ""feature_value"": 98.5, ""shap_value"": 2.43, ""impact"": 2.43}, {""feature_key"": ""hour_sin"", ""feature_name"": ""Time of Day (Peak Window)"", ""feature_value"": -0.97, ""shap_value"": 2.4, ""impact"": 2.4}, {""feature_key"": ""lag_1"", ""feature_name"": ""Recent Congestion (1h ago)"", ""feature_value"": 85.2, ""shap_value"": 1.82, ""impact"": 1.82}]","[{""feature_key"": ""capacity_baseline"", ""feature_name"": ""Station Theoretical Capacity"", ""feature_value"": 15000.0, ""shap_value"": -0.31, ""impact"": -0.31}, {""feature_key"": ""dow_sin"", ""feature_name"": ""Weekly Schedule Cycle"", ""feature_value"": 0.43, ""shap_value"": -0.26, ""impact"": -0.26}, {""feature_key"": ""weather_transit_surge"", ""feature_name"": ""Rainfall Transit Inflow Surge"", ""feature_value"": 0.0, ""shap_value"": -0.23, ""impact"": -0.23}, {""feature_key"": ""lag_trips_24"", ""feature_name"": ""Yesterday's Scheduled Transit Trips"", ""feature_value"": 16.0, ""shap_value"": -0.19, ""impact"": -0.19}, {""feature_key"": ""transit_weight"", ""feature_name"": ""Transit Commuter Dominance"", ""feature_value"": 0.35, ""shap_value"": -0.09, ""impact"": -0.09}]",60.24
2470,MAA_MARINA_BEACH,2026-09-24T18:00:00,2026-09-23T20:00:00,22,97.3,SEVERE,33.0,Sunny & Warm,16,"[{""feature_key"": ""lag_168"", ""feature_name"": ""Same Time Last Week Congestion"", ""feature_value"": 98.5, ""shap_value"": 25.43, ""impact"": 25.43}, {""feature_key"": ""hour_sin"", ""feature_name"": ""Time of Day (Peak Window)"", ""feature_value"": -1.0, ""shap_value"": 2.75, ""impact"": 2.75}, {""feature_key"": ""lag_1"", ""feature_name"": ""Recent Congestion (1h ago)"", ""feature_value"": 98.8, ""shap_value"": 2.53, ""impact"": 2.53}, {""feature_key"": ""lag_foot_24"", ""feature_name"": ""Yesterday's Foot-Traffic"", ""feature_value"": 13095.0, ""shap_value"": 2.43, ""impact"": 2.43}, {""feature_key"": ""lag_foot_1"", ""feature_name"": ""Recent Foot-Traffic (1h ago)"", ""feature_value"": 14820.0, ""shap_value"": 1.44, ""impact"": 1.44}]","[{""feature_key"": ""capacity_baseline"", ""feature_name"": ""Station Theoretical Capacity"", ""feature_value"": 15000.0, ""shap_value"": -0.33, ""impact"": -0.33}, {""feature_key"": ""dow_sin"", ""feature_name"": ""Weekly Schedule Cycle"", ""feature_value"": 0.43, ""shap_value"": -0.3, ""impact"": -0.3}, {""feature_key"": ""weather_transit_surge"", ""feature_name"": ""Rainfall Transit Inflow Surge"", ""feature_value"": 0.0, ""shap_value"": -0.3, ""impact"": -0.3}, {""feature_key"": ""lag_trips_24"", ""feature_name"": ""Yesterday's Scheduled Transit Trips"", ""feature_value"": 16.0, ""shap_value"": -0.22, ""impact"": -0.22}, {""feature_key"": ""transit_weight"", ""feature_name"": ""Transit Commuter Dominance"", ""feature_value"": 0.35, ""shap_value"": -0.05, ""impact"": -0.05}]",60.24
2471,MAA_MARINA_BEACH,2026-09-24T19:00:00,2026-09-23T20:00:00,23,97.3,SEVERE,31.6,Sunny & Warm,16,"[{""feature_key"": ""lag_168"", ""feature_name"": ""Same Time Last Week Congestion"", ""feature_value"": 98.5, ""shap_value"": 25.27, ""impact"": 25.27}, {""feature_key"": ""lag_1"", ""feature_name"": ""Recent Congestion (1h ago)"", ""feature_value"": 97.3, ""shap_value"": 2.66, ""impact"": 2.66}, {""feature_key"": ""lag_foot_24"", ""feature_name"": ""Yesterday's Foot-Traffic"", ""feature_value"": 13030.0, ""shap_value"": 2.6, ""impact"": 2.6}, {""feature_key"": ""hour_sin"", ""feature_name"": ""Time of Day (Peak Window)"", ""feature_value"": -0.97, ""shap_value"": 2.45, ""impact"": 2.45}, {""feature_key"": ""lag_24"", ""feature_name"": ""Yesterday's Same-Hour Congestion"", ""feature_value"": 89.7, ""shap_value"": 1.54, ""impact"": 1.54}]","[{""feature_key"": ""dow_sin"", ""feature_name"": ""Weekly Schedule Cycle"", ""feature_value"": 0.43, ""shap_value"": -0.32, ""impact"": -0.32}, {""feature_key"": ""weather_transit_surge"", ""feature_name"": ""Rainfall Transit Inflow Surge"", ""feature_value"": 0.0, ""shap_value"": -0.28, ""impact"": -0.28}, {""feature_key"": ""capacity_baseline"", ""feature_name"": ""Station Theoretical Capacity"", ""feature_value"": 15000.0, ""shap_value"": -0.22, ""impact"": -0.22}, {""feature_key"": ""lag_trips_24"", ""feature_name"": ""Yesterday's Scheduled Transit Trips"", ""feature_value"": 16.0, ""shap_value"": -0.22, ""impact"": -0.22}, {""feature_key"": ""lag_3"", ""feature_name"": ""Short-term Congestion (3h ago)"", ""feature_value"": 85.2, ""shap_value"": -0.21, ""impact"": -0.21}]",60.24
2472,MAA_MARINA_BEACH,2026-09-24T20:00:00,2026-09-23T20:00:00,24,95.5,SEVERE,31.2,Sunny & Warm,16,"[{""feature_key"": ""lag_168"", ""feature_name"": ""Same Time Last Week Congestion"", ""feature_value"": 98.5, ""shap_value"": 25.67, ""impact"": 25.67}, {""feature_key"": ""lag_1"", ""feature_name"": ""Recent Congestion (1h ago)"", ""feature_value"": 97.3, ""shap_value"": 3.24, ""impact"": 3.24}, {""feature_key"": ""lag_foot_24"", ""feature_name"": ""Yesterday's Foot-Traffic"", ""feature_value"": 10410.0, ""shap_value"": 2.28, ""impact"": 2.28}, {""feature_key"": ""hour_sin"", ""feature_name"": ""Time of Day (Peak Window)"", ""feature_value"": -0.87, ""shap_value"": 1.97, ""impact"": 1.97}, {""feature_key"": ""lag_foot_1"", ""feature_name"": ""Recent Foot-Traffic (1h ago)"", ""feature_value"": 14595.0, ""shap_value"": 1.66, ""impact"": 1.66}]","[{""feature_key"": ""lag_3"", ""feature_name"": ""Short-term Congestion (3h ago)"", ""feature_value"": 98.8, ""shap_value"": -0.5, ""impact"": -0.5}, {""feature_key"": ""dow_sin"", ""feature_name"": ""Weekly Schedule Cycle"", ""feature_value"": 0.43, ""shap_value"": -0.45, ""impact"": -0.45}, {""feature_key"": ""weather_transit_surge"", ""feature_name"": ""Rainfall Transit Inflow Surge"", ""feature_value"": 0.0, ""shap_value"": -0.33, ""impact"": -0.33}, {""feature_key"": ""roll_mean_6h"", ""feature_name"": ""6-Hour Moving Congestion Trend"", ""feature_value"": 81.87, ""shap_value"": -0.3, ""impact"": -0.3}, {""feature_key"": ""lag_trips_24"", ""feature_name"": ""Yesterday's Scheduled Transit Trips"", ""feature_value"": 16.0, ""shap_value"": -0.26, ""impact"": -0.26}]",60.24
2473,MAA_MARINA_BEACH,2026-09-24T21:00:00,2026-09-23T20:00:00,25,72.5,HIGH,27.7,Sunny & Warm,6,"[{""feature_key"": ""lag_168"", ""feature_name"": ""Same Time Last Week Congestion"", ""feature_value"": 82.9, ""shap_value"": 13.65, ""impact"": 13.65}, {""feature_key"": ""lag_1"", ""feature_name"": ""Recent Congestion (1h ago)"", ""feature_value"": 95.5, ""shap_value"": 2.89, ""impact"": 2.89}, {""feature_key"": ""lag_foot_24"", ""feature_name"": ""Yesterday's Foot-Traffic"", ""feature_value"": 11175.0, ""shap_value"": 2.32, ""impact"": 2.32}, {""feature_key"": ""lag_foot_1"", ""feature_name"": ""Recent Foot-Traffic (1h ago)"", ""feature_value"": 14325.0, ""shap_value"": 1.32, ""impact"": 1.32}, {""feature_key"": ""temp_c"", ""feature_name"": ""Ambient Temperature"", ""feature_value"": 27.7, ""shap_value"": 1.14, ""impact"": 1.14}]","[{""feature_key"": ""hour_sin"", ""feature_name"": ""Time of Day (Peak Window)"", ""feature_value"": -0.71, ""shap_value"": -1.36, ""impact"": -1.36}, {""feature_key"": ""scheduled_trips"", ""feature_name"": ""Transit Dispatch Frequency"", ""feature_value"": 6.0, ""shap_value"": -1.31, ""impact"": -1.31}, {""feature_key"": ""hour_cos"", ""feature_name"": ""Time of Day (Diurnal Cycle)"", ""feature_value"": 0.71, ""shap_value"": -1.21, ""impact"": -1.21}, {""feature_key"": ""transit_pressure_ratio"", ""feature_name"": ""Transit Demand-to-Supply Ratio"", ""feature_value"": 9.6, ""shap_value"": -1.2, ""impact"": -1.2}, {""feature_key"": ""dow_sin"", ""feature_name"": ""Weekly Schedule Cycle"", ""feature_value"": 0.43, ""shap_value"": -0.86, ""impact"": -0.86}]",60.24
2474,MAA_MARINA_BEACH,2026-09-24T22:00:00,2026-09-23T20:00:00,26,49.1,MODERATE,27.6,Sunny & Warm,6,"[{""feature_key"": ""lag_foot_24"", ""feature_name"": ""Yesterday's Foot-Traffic"", ""feature_value"": 7050.0, ""shap_value"": 2.78, ""impact"": 2.78}, {""feature_key"": ""lag_1"", ""feature_name"": ""Recent Congestion (1h ago)"", ""feature_value"": 72.5, ""shap_value"": 1.93, ""impact"": 1.93}, {""feature_key"": ""lag_foot_1"", ""feature_name"": ""Recent Foot-Traffic (1h ago)"", ""feature_value"": 10875.0, ""shap_value"": 0.68, ""impact"": 0.68}, {""feature_key"": ""temp_c"", ""feature_name"": ""Ambient Temperature"", ""feature_value"": 27.6, ""shap_value"": 0.57, ""impact"": 0.57}, {""feature_key"": ""lag_trips_24"", ""feature_name"": ""Yesterday's Scheduled Transit Trips"", ""feature_value"": 6.0, ""shap_value"": 0.24, ""impact"": 0.24}]","[{""feature_key"": ""lag_168"", ""feature_name"": ""Same Time Last Week Congestion"", ""feature_value"": 52.6, ""shap_value"": -5.85, ""impact"": -5.85}, {""feature_key"": ""hour_cos"", ""feature_name"": ""Time of Day (Diurnal Cycle)"", ""feature_value"": 0.87, ""shap_value"": -2.51, ""impact"": -2.51}, {""feature_key"": ""lag_24"", ""feature_name"": ""Yesterday's Same-Hour Congestion"", ""feature_value"": 47.0, ""shap_value"": -2.46, ""impact"": -2.46}, {""feature_key"": ""hour_sin"", ""feature_name"": ""Time of Day (Peak Window)"", ""feature_value"": -0.5, ""shap_value"": -1.16, ""impact"": -1.16}, {""feature_key"": ""lag_3"", ""feature_name"": ""Short-term Congestion (3h ago)"", ""feature_value"": 97.3, ""shap_value"": -0.78, ""impact"": -0.78}]",60.24
2475,MAA_MARINA_BEACH,2026-09-24T23:00:00,2026-09-23T20:00:00,27,30.3,LOW,28.6,Sunny & Warm,6,"[{""feature_key"": ""lag_foot_24"", ""feature_name"": ""Yesterday's Foot-Traffic"", ""feature_value"": 4410.0, ""shap_value"": 2.73, ""impact"": 2.73}, {""feature_key"": ""temp_c"", ""feature_name"": ""Ambient Temperature"", ""feature_value"": 28.6, ""shap_value"": 0.53, ""impact"": 0.53}, {""feature_key"": ""lag_foot_1"", ""feature_name"": ""Recent Foot-Traffic (1h ago)"", ""feature_value"": 7365.0, ""shap_value"": 0.41, ""impact"": 0.41}, {""feature_key"": ""lag_trips_24"", ""feature_name"": ""Yesterday's Scheduled Transit Trips"", ""feature_value"": 6.0, ""shap_value"": 0.25, ""impact"": 0.25}, {""feature_key"": ""dow_cos"", ""feature_name"": ""Day of Week Alignment"", ""feature_value"": -0.9, ""shap_value"": 0.07, ""impact"": 0.07}]","[{""feature_key"": ""lag_168"", ""feature_name"": ""Same Time Last Week Congestion"", ""feature_value"": 27.4, ""shap_value"": -22.63, ""impact"": -22.63}, {""feature_key"": ""hour_cos"", ""feature_name"": ""Time of Day (Diurnal Cycle)"", ""feature_value"": 0.97, ""shap_value"": -2.19, ""impact"": -2.19}, {""feature_key"": ""lag_1"", ""feature_name"": ""Recent Congestion (1h ago)"", ""feature_value"": 49.1, ""shap_value"": -1.97, ""impact"": -1.97}, {""feature_key"": ""lag_24"", ""feature_name"": ""Yesterday's Same-Hour Congestion"", ""feature_value"": 29.4, ""shap_value"": -1.67, ""impact"": -1.67}, {""feature_key"": ""hour_sin"", ""feature_name"": ""Time of Day (Peak Window)"", ""feature_value"": -0.26, ""shap_value"": -1.54, ""impact"": -1.54}]",60.24
2476,MAA_MARINA_BEACH,2026-09-25T00:00:00,2026-09-23T20:00:00,28,25.1,LOW,27.0,Humid / Overcast,8,"[{""feature_key"": ""lag_foot_24"", ""feature_name"": ""Yesterday's Foot-Traffic"", ""feature_value"": 3735.0, ""shap_value"": 0.74, ""impact"": 0.74}, {""feature_key"": ""lag_trips_24"", ""feature_name"": ""Yesterday's Scheduled Transit Trips"", ""feature_value"": 8.0, ""shap_value"": 0.25, ""impact"": 0.25}, {""feature_key"": ""dow_cos"", ""feature_name"": ""Day of Week Alignment"", ""feature_value"": -0.9, ""shap_value"": 0.1, ""impact"": 0.1}, {""feature_key"": ""roll_mean_6h"", ""feature_name"": ""6-Hour Moving Congestion Trend"", ""feature_value"": 73.67, ""shap_value"": 0.04, ""impact"": 0.04}, {""feature_key"": ""roll_std_24h"", ""feature_name"": ""24-Hour Crowd Volatility"", ""feature_value"": 23.48, ""shap_value"": 0.04, ""impact"": 0.04}]","[{""feature_key"": ""lag_168"", ""feature_name"": ""Same Time Last Week Congestion"", ""feature_value"": 23.0, ""shap_value"": -25.81, ""impact"": -25.81}, {""feature_key"": ""lag_1"", ""feature_name"": ""Recent Congestion (1h ago)"", ""feature_value"": 30.3, ""shap_value"": -2.64, ""impact"": -2.64}, {""feature_key"": ""hour_cos"", ""feature_name"": ""Time of Day (Diurnal Cycle)"", ""feature_value"": 1.0, ""shap_value"": -2.33, ""impact"": -2.33}, {""feature_key"": ""lag_24"", ""feature_name"": ""Yesterday's Same-Hour Congestion"", ""feature_value"": 24.9, ""shap_value"": -1.77, ""impact"": -1.77}, {""feature_key"": ""hour_sin"", ""feature_name"": ""Time of Day (Peak Window)"", ""feature_value"": 0.0, ""shap_value"": -1.18, ""impact"": -1.18}]",60.24
2477,MAA_MARINA_BEACH,2026-09-25T01:00:00,2026-09-23T20:00:00,29,28.1,LOW,25.2,Humid / Overcast,8,"[{""feature_key"": ""lag_foot_24"", ""feature_name"": ""Yesterday's Foot-Traffic"", ""feature_value"": 3870.0, ""shap_value"": 0.83, ""impact"": 0.83}, {""feature_key"": ""lag_3"", ""feature_name"": ""Short-term Congestion (3h ago)"", ""feature_value"": 49.1, ""shap_value"": 0.29, ""impact"": 0.29}, {""feature_key"": ""lag_trips_24"", ""feature_name"": ""Yesterday's Scheduled Transit Trips"", ""feature_value"": 8.0, ""shap_value"": 0.26, ""impact"": 0.26}, {""feature_key"": ""roll_mean_6h"", ""feature_name"": ""6-Hour Moving Congestion Trend"", ""feature_value"": 61.63, ""shap_value"": 0.14, ""impact"": 0.14}, {""feature_key"": ""temp_c"", ""feature_name"": ""Ambient Temperature"", ""feature_value"": 25.2, ""shap_value"": 0.07, ""impact"": 0.07}]","[{""feature_key"": ""lag_168"", ""feature_name"": ""Same Time Last Week Congestion"", ""feature_value"": 26.0, ""shap_value"": -22.13, ""impact"": -22.13}, {""feature_key"": ""lag_1"", ""feature_name"": ""Recent Congestion (1h ago)"", ""feature_value"": 25.1, ""shap_value"": -2.64, ""impact"": -2.64}, {""feature_key"": ""hour_cos"", ""feature_name"": ""Time of Day (Diurnal Cycle)"", ""feature_value"": 0.97, ""shap_value"": -2.41, ""impact"": -2.41}, {""feature_key"": ""lag_24"", ""feature_name"": ""Yesterday's Same-Hour Congestion"", ""feature_value"": 25.8, ""shap_value"": -1.78, ""impact"": -1.78}, {""feature_key"": ""hour_sin"", ""feature_name"": ""Time of Day (Peak Window)"", ""feature_value"": 0.26, ""shap_value"": -0.97, ""impact"": -0.97}]",60.24
2478,MAA_MARINA_BEACH,2026-09-25T02:00:00,2026-09-23T20:00:00,30,30.9,LOW,25.6,Humid / Overcast,8,"[{""feature_key"": ""lag_foot_24"", ""feature_name"": ""Yesterday's Foot-Traffic"", ""feature_value"": 4050.0, ""shap_value"": 1.32, ""impact"": 1.32}, {""feature_key"": ""lag_trips_24"", ""feature_name"": ""Yesterday's Scheduled Transit Trips"", ""feature_value"": 8.0, ""shap_value"": 0.27, ""impact"": 0.27}, {""feature_key"": ""lag_3"", ""feature_name"": ""Short-term Congestion (3h ago)"", ""feature_value"": 30.3, ""shap_value"": 0.24, ""impact"": 0.24}, {""feature_key"": ""roll_mean_6h"", ""feature_name"": ""6-Hour Moving Congestion Trend"", ""feature_value"": 50.1, ""shap_value"": 0.16, ""impact"": 0.16}, {""feature_key"": ""temp_c"", ""feature_name"": ""Ambient Temperature"", ""feature_value"": 25.6, ""shap_value"": 0.05, ""impact"": 0.05}]","[{""feature_key"": ""lag_168"", ""feature_name"": ""Same Time Last Week Congestion"", ""feature_value"": 30.0, ""shap_value"": -20.63, ""impact"": -20.63}, {""feature_key"": ""lag_1"", ""feature_name"": ""Recent Congestion (1h ago)"", ""feature_value"": 28.1, ""shap_value"": -2.67, ""impact"": -2.67}, {""feature_key"": ""hour_cos"", ""feature_name"": ""Time of Day (Diurnal Cycle)"", ""feature_value"": 0.87, ""shap_value"": -1.92, ""impact"": -1.92}, {""feature_key"": ""lag_24"", ""feature_name"": ""Yesterday's Same-Hour Congestion"", ""feature_value"": 27.0, ""shap_value"": -1.59, ""impact"": -1.59}, {""feature_key"": ""hour_sin"", ""feature_name"": ""Time of Day (Peak Window)"", ""feature_value"": 0.5, ""shap_value"": -0.9, ""impact"": -0.9}]",60.24
2479,MAA_MARINA_BEACH,2026-09-25T03:00:00,2026-09-23T20:00:00,31,33.7,LOW,24.9,Humid / Overcast,8,"[{""feature_key"": ""lag_foot_24"", ""feature_name"": ""Yesterday's Foot-Traffic"", ""feature_value"": 4934.0, ""shap_value"": 3.21, ""impact"": 3.21}, {""feature_key"": ""lag_trips_24"", ""feature_name"": ""Yesterday's Scheduled Transit Trips"", ""feature_value"": 8.0, ""shap_value"": 0.27, ""impact"": 0.27}, {""feature_key"": ""lag_3"", ""feature_name"": ""Short-term Congestion (3h ago)"", ""feature_value"": 25.1, ""shap_value"": 0.22, ""impact"": 0.22}, {""feature_key"": ""roll_mean_6h"", ""feature_name"": ""6-Hour Moving Congestion Trend"", ""feature_value"": 39.33, ""shap_value"": 0.16, ""impact"": 0.16}, {""feature_key"": ""temp_c"", ""feature_name"": ""Ambient Temperature"", ""feature_value"": 24.9, ""shap_value"": 0.09, ""impact"": 0.09}]","[{""feature_key"": ""lag_168"", ""feature_name"": ""Same Time Last Week Congestion"", ""feature_value"": 31.7, ""shap_value"": -19.26, ""impact"": -19.26}, {""feature_key"": ""lag_1"", ""feature_name"": ""Recent Congestion (1h ago)"", ""feature_value"": 30.9, ""shap_value"": -3.24, ""impact"": -3.24}, {""feature_key"": ""lag_24"", ""feature_name"": ""Yesterday's Same-Hour Congestion"", ""feature_value"": 32.9, ""shap_value"": -1.54, ""impact"": -1.54}, {""feature_key"": ""hour_cos"", ""feature_name"": ""Time of Day (Diurnal Cycle)"", ""feature_value"": 0.71, ""shap_value"": -1.51, ""impact"": -1.51}, {""feature_key"": ""hour_sin"", ""feature_name"": ""Time of Day (Peak Window)"", ""feature_value"": 0.71, ""shap_value"": -0.97, ""impact"": -0.97}]",60.24
2480,MAA_MARINA_BEACH,2026-09-25T04:00:00,2026-09-23T20:00:00,32,36.1,MODERATE,26.4,Sunny & Warm,8,"[{""feature_key"": ""lag_foot_24"", ""feature_name"": ""Yesterday's Foot-Traffic"", ""feature_value"": 5370.0, ""shap_value"": 3.55, ""impact"": 3.55}, {""feature_key"": ""lag_foot_1"", ""feature_name"": ""Recent Foot-Traffic (1h ago)"", ""feature_value"": 5055.0, ""shap_value"": 0.4, ""impact"": 0.4}, {""feature_key"": ""lag_trips_24"", ""feature_name"": ""Yesterday's Scheduled Transit Trips"", ""feature_value"": 8.0, ""shap_value"": 0.36, ""impact"": 0.36}, {""feature_key"": ""lag_3"", ""feature_name"": ""Short-term Congestion (3h ago)"", ""feature_value"": 28.1, ""shap_value"": 0.33, ""impact"": 0.33}, {""feature_key"": ""roll_mean_6h"", ""feature_name"": ""6-Hour Moving Congestion Trend"", ""feature_value"": 32.87, ""shap_value"": 0.33, ""impact"": 0.33}]","[{""feature_key"": ""lag_168"", ""feature_name"": ""Same Time Last Week Congestion"", ""feature_value"": 33.0, ""shap_value"": -18.45, ""impact"": -18.45}, {""feature_key"": ""lag_1"", ""feature_name"": ""Recent Congestion (1h ago)"", ""feature_value"": 33.7, ""shap_value"": -3.53, ""impact"": -3.53}, {""feature_key"": ""lag_24"", ""feature_name"": ""Yesterday's Same-Hour Congestion"", ""feature_value"": 35.8, ""shap_value"": -1.19, ""impact"": -1.19}, {""feature_key"": ""hour_sin"", ""feature_name"": ""Time of Day (Peak Window)"", ""feature_value"": 0.87, ""shap_value"": -1.04, ""impact"": -1.04}, {""feature_key"": ""hour_cos"", ""feature_name"": ""Time of Day (Diurnal Cycle)"", ""feature_value"": 0.5, ""shap_value"": -0.96, ""impact"": -0.96}]",60.24
2481,MAA_MARINA_BEACH,2026-09-25T05:00:00,2026-09-23T20:00:00,33,55.4,MODERATE,27.4,Monsoon Downpour,6,"[{""feature_key"": ""lag_foot_24"", ""feature_name"": ""Yesterday's Foot-Traffic"", ""feature_value"": 6240.0, ""shap_value"": 3.36, ""impact"": 3.36}, {""feature_key"": ""precip_mm"", ""feature_name"": ""Rainfall Intensity"", ""feature_value"": 7.81, ""shap_value"": 3.27, ""impact"": 3.27}, {""feature_key"": ""lag_foot_1"", ""feature_name"": ""Recent Foot-Traffic (1h ago)"", ""feature_value"": 5415.0, ""shap_value"": 0.64, ""impact"": 0.64}, {""feature_key"": ""weather_tourism_suppression"", ""feature_name"": ""Weather Tourist Dampening Index"", ""feature_value"": 1.76, ""shap_value"": 0.57, ""impact"": 0.57}, {""feature_key"": ""is_rain"", ""feature_name"": ""Rain Weather Friction"", ""feature_value"": 1.0, ""shap_value"": 0.54, ""impact"": 0.54}]","[{""feature_key"": ""lag_168"", ""feature_name"": ""Same Time Last Week Congestion"", ""feature_value"": 45.8, ""shap_value"": -5.4, ""impact"": -5.4}, {""feature_key"": ""lag_1"", ""feature_name"": ""Recent Congestion (1h ago)"", ""feature_value"": 36.1, ""shap_value"": -3.75, ""impact"": -3.75}, {""feature_key"": ""lag_24"", ""feature_name"": ""Yesterday's Same-Hour Congestion"", ""feature_value"": 41.6, ""shap_value"": -1.63, ""impact"": -1.63}, {""feature_key"": ""transit_pressure_ratio"", ""feature_name"": ""Transit Demand-to-Supply Ratio"", ""feature_value"": 9.66, ""shap_value"": -0.68, ""impact"": -0.68}, {""feature_key"": ""hour_cos"", ""feature_name"": ""Time of Day (Diurnal Cycle)"", ""feature_value"": 0.26, ""shap_value"": -0.61, ""impact"": -0.61}]",60.24
2482,MAA_MARINA_BEACH,2026-09-25T06:00:00,2026-09-23T20:00:00,34,66.2,HIGH,28.5,Monsoon Downpour,6,"[{""feature_key"": ""lag_foot_24"", ""feature_name"": ""Yesterday's Foot-Traffic"", ""feature_value"": 8865.0, ""shap_value"": 2.5, ""impact"": 2.5}, {""feature_key"": ""precip_mm"", ""feature_name"": ""Rainfall Intensity"", ""feature_value"": 6.03, ""shap_value"": 2.28, ""impact"": 2.28}, {""feature_key"": ""lag_168"", ""feature_name"": ""Same Time Last Week Congestion"", ""feature_value"": 59.6, ""shap_value"": 1.86, ""impact"": 1.86}, {""feature_key"": ""temp_c"", ""feature_name"": ""Ambient Temperature"", ""feature_value"": 28.5, ""shap_value"": 1.39, ""impact"": 1.39}, {""feature_key"": ""hour_cos"", ""feature_name"": ""Time of Day (Diurnal Cycle)"", ""feature_value"": 0.0, ""shap_value"": 0.83, ""impact"": 0.83}]","[{""feature_key"": ""lag_1"", ""feature_name"": ""Recent Congestion (1h ago)"", ""feature_value"": 55.4, ""shap_value"": -1.82, ""impact"": -1.82}, {""feature_key"": ""capacity_baseline"", ""feature_name"": ""Station Theoretical Capacity"", ""feature_value"": 15000.0, ""shap_value"": -0.63, ""impact"": -0.63}, {""feature_key"": ""transit_pressure_ratio"", ""feature_name"": ""Transit Demand-to-Supply Ratio"", ""feature_value"": 9.75, ""shap_value"": -0.57, ""impact"": -0.57}, {""feature_key"": ""scheduled_trips"", ""feature_name"": ""Transit Dispatch Frequency"", ""feature_value"": 6.0, ""shap_value"": -0.52, ""impact"": -0.52}, {""feature_key"": ""lag_24"", ""feature_name"": ""Yesterday's Same-Hour Congestion"", ""feature_value"": 59.1, ""shap_value"": -0.45, ""impact"": -0.45}]",60.24
2483,MAA_MARINA_BEACH,2026-09-25T07:00:00,2026-09-23T20:00:00,35,71.8,HIGH,29.1,Monsoon Downpour,6,"[{""feature_key"": ""lag_168"", ""feature_name"": ""Same Time Last Week Congestion"", ""feature_value"": 65.8, ""shap_value"": 5.74, ""impact"": 5.74}, {""feature_key"": ""lag_foot_24"", ""feature_name"": ""Yesterday's Foot-Traffic"", ""feature_value"": 10620.0, ""shap_value"": 2.43, ""impact"": 2.43}, {""feature_key"": ""hour_cos"", ""feature_name"": ""Time of Day (Diurnal Cycle)"", ""feature_value"": -0.26, ""shap_value"": 1.29, ""impact"": 1.29}, {""feature_key"": ""lag_foot_1"", ""feature_name"": ""Recent Foot-Traffic (1h ago)"", ""feature_value"": 9930.0, ""shap_value"": 1.29, ""impact"": 1.29}, {""feature_key"": ""precip_mm"", ""feature_name"": ""Rainfall Intensity"", ""feature_value"": 9.77, ""shap_value"": 0.99, ""impact"": 0.99}]","[{""feature_key"": ""capacity_baseline"", ""feature_name"": ""Station Theoretical Capacity"", ""feature_value"": 15000.0, ""shap_value"": -0.86, ""impact"": -0.86}, {""feature_key"": ""weather_transit_surge"", ""feature_name"": ""Rainfall Transit Inflow Surge"", ""feature_value"": 0.56, ""shap_value"": -0.6, ""impact"": -0.6}, {""feature_key"": ""transit_pressure_ratio"", ""feature_name"": ""Transit Demand-to-Supply Ratio"", ""feature_value"": 9.8, ""shap_value"": -0.5, ""impact"": -0.5}, {""feature_key"": ""lag_1"", ""feature_name"": ""Recent Congestion (1h ago)"", ""feature_value"": 66.2, ""shap_value"": -0.44, ""impact"": -0.44}, {""feature_key"": ""transit_weight"", ""feature_name"": ""Transit Commuter Dominance"", ""feature_value"": 0.35, ""shap_value"": -0.37, ""impact"": -0.37}]",60.24
2484,MAA_MARINA_BEACH,2026-09-25T08:00:00,2026-09-23T20:00:00,36,71.6,HIGH,30.8,Monsoon Downpour,16,"[{""feature_key"": ""lag_foot_24"", ""feature_name"": ""Yesterday's Foot-Traffic"", ""feature_value"": 9525.0, ""shap_value"": 2.79, ""impact"": 2.79}, {""feature_key"": ""precip_mm"", ""feature_name"": ""Rainfall Intensity"", ""feature_value"": 12.49, ""shap_value"": 2.67, ""impact"": 2.67}, {""feature_key"": ""scheduled_trips"", ""feature_name"": ""Transit Dispatch Frequency"", ""feature_value"": 16.0, ""shap_value"": 1.77, ""impact"": 1.77}, {""feature_key"": ""lag_1"", ""feature_name"": ""Recent Congestion (1h ago)"", ""feature_value"": 71.8, ""shap_value"": 1.55, ""impact"": 1.55}, {""feature_key"": ""hour_cos"", ""feature_name"": ""Time of Day (Diurnal Cycle)"", ""feature_value"": -0.5, ""shap_value"": 1.19, ""impact"": 1.19}]","[{""feature_key"": ""capacity_baseline"", ""feature_name"": ""Station Theoretical Capacity"", ""feature_value"": 15000.0, ""shap_value"": -0.51, ""impact"": -0.51}, {""feature_key"": ""lag_24"", ""feature_name"": ""Yesterday's Same-Hour Congestion"", ""feature_value"": 63.5, ""shap_value"": -0.48, ""impact"": -0.48}, {""feature_key"": ""transit_weight"", ""feature_name"": ""Transit Commuter Dominance"", ""feature_value"": 0.35, ""shap_value"": -0.43, ""impact"": -0.43}, {""feature_key"": ""hour_sin"", ""feature_name"": ""Time of Day (Peak Window)"", ""feature_value"": 0.87, ""shap_value"": -0.3, ""impact"": -0.3}, {""feature_key"": ""dow_sin"", ""feature_name"": ""Weekly Schedule Cycle"", ""feature_value"": -0.43, ""shap_value"": -0.25, ""impact"": -0.25}]",60.24
2485,MAA_MARINA_BEACH,2026-09-25T09:00:00,2026-09-23T20:00:00,37,68.9,HIGH,31.7,Monsoon Downpour,16,"[{""feature_key"": ""lag_168"", ""feature_name"": ""Same Time Last Week Congestion"", ""feature_value"": 64.9, ""shap_value"": 3.62, ""impact"": 3.62}, {""feature_key"": ""lag_foot_24"", ""feature_name"": ""Yesterday's Foot-Traffic"", ""feature_value"": 9540.0, ""shap_value"": 2.36, ""impact"": 2.36}, {""feature_key"": ""precip_mm"", ""feature_name"": ""Rainfall Intensity"", ""feature_value"": 11.44, ""shap_value"": 1.37, ""impact"": 1.37}, {""feature_key"": ""lag_foot_1"", ""feature_name"": ""Recent Foot-Traffic (1h ago)"", ""feature_value"": 10740.0, ""shap_value"": 1.22, ""impact"": 1.22}, {""feature_key"": ""lag_1"", ""feature_name"": ""Recent Congestion (1h ago)"", ""feature_value"": 71.6, ""shap_value"": 0.93, ""impact"": 0.93}]","[{""feature_key"": ""lag_24"", ""feature_name"": ""Yesterday's Same-Hour Congestion"", ""feature_value"": 63.6, ""shap_value"": -1.18, ""impact"": -1.18}, {""feature_key"": ""capacity_baseline"", ""feature_name"": ""Station Theoretical Capacity"", ""feature_value"": 15000.0, ""shap_value"": -0.59, ""impact"": -0.59}, {""feature_key"": ""weather_transit_surge"", ""feature_name"": ""Rainfall Transit Inflow Surge"", ""feature_value"": 0.56, ""shap_value"": -0.55, ""impact"": -0.55}, {""feature_key"": ""hour_sin"", ""feature_name"": ""Time of Day (Peak Window)"", ""feature_value"": 0.71, ""shap_value"": -0.51, ""impact"": -0.51}, {""feature_key"": ""dow_sin"", ""feature_name"": ""Weekly Schedule Cycle"", ""feature_value"": -0.43, ""shap_value"": -0.4, ""impact"": -0.4}]",60.24
2486,MAA_MARINA_BEACH,2026-09-25T10:00:00,2026-09-23T20:00:00,38,70.2,HIGH,31.3,Monsoon Downpour,16,"[{""feature_key"": ""precip_mm"", ""feature_name"": ""Rainfall Intensity"", ""feature_value"": 6.55, ""shap_value"": 2.9, ""impact"": 2.9}, {""feature_key"": ""lag_foot_24"", ""feature_name"": ""Yesterday's Foot-Traffic"", ""feature_value"": 9135.0, ""shap_value"": 2.52, ""impact"": 2.52}, {""feature_key"": ""scheduled_trips"", ""feature_name"": ""Transit Dispatch Frequency"", ""feature_value"": 16.0, ""shap_value"": 1.69, ""impact"": 1.69}, {""feature_key"": ""lag_foot_1"", ""feature_name"": ""Recent Foot-Traffic (1h ago)"", ""feature_value"": 10335.0, ""shap_value"": 1.15, ""impact"": 1.15}, {""feature_key"": ""lag_168"", ""feature_name"": ""Same Time Last Week Congestion"", ""feature_value"": 55.8, ""shap_value"": 1.12, ""impact"": 1.12}]","[{""feature_key"": ""hour_sin"", ""feature_name"": ""Time of Day (Peak Window)"", ""feature_value"": 0.5, ""shap_value"": -0.73, ""impact"": -0.73}, {""feature_key"": ""hour_cos"", ""feature_name"": ""Time of Day (Diurnal Cycle)"", ""feature_value"": -0.87, ""shap_value"": -0.61, ""impact"": -0.61}, {""feature_key"": ""capacity_baseline"", ""feature_name"": ""Station Theoretical Capacity"", ""feature_value"": 15000.0, ""shap_value"": -0.59, ""impact"": -0.59}, {""feature_key"": ""transit_weight"", ""feature_name"": ""Transit Commuter Dominance"", ""feature_value"": 0.35, ""shap_value"": -0.56, ""impact"": -0.56}, {""feature_key"": ""lag_24"", ""feature_name"": ""Yesterday's Same-Hour Congestion"", ""feature_value"": 60.9, ""shap_value"": -0.48, ""impact"": -0.48}]",60.24
2487,MAA_MARINA_BEACH,2026-09-25T11:00:00,2026-09-23T20:00:00,39,49.9,MODERATE,33.2,Sunny & Warm,10,"[{""feature_key"": ""lag_foot_24"", ""feature_name"": ""Yesterday's Foot-Traffic"", ""feature_value"": 8010.0, ""shap_value"": 3.12, ""impact"": 3.12}, {""feature_key"": ""lag_1"", ""feature_name"": ""Recent Congestion (1h ago)"", ""feature_value"": 70.2, ""shap_value"": 1.16, ""impact"": 1.16}, {""feature_key"": ""lag_foot_1"", ""feature_name"": ""Recent Foot-Traffic (1h ago)"", ""feature_value"": 10530.0, ""shap_value"": 0.84, ""impact"": 0.84}, {""feature_key"": ""lag_trips_1"", ""feature_name"": ""Recent Transit Trips Count"", ""feature_value"": 16.0, ""shap_value"": 0.36, ""impact"": 0.36}, {""feature_key"": ""temp_c"", ""feature_name"": ""Ambient Temperature"", ""feature_value"": 33.2, ""shap_value"": 0.28, ""impact"": 0.28}]","[{""feature_key"": ""lag_168"", ""feature_name"": ""Same Time Last Week Congestion"", ""feature_value"": 47.8, ""shap_value"": -8.08, ""impact"": -8.08}, {""feature_key"": ""hour_cos"", ""feature_name"": ""Time of Day (Diurnal Cycle)"", ""feature_value"": -0.97, ""shap_value"": -1.74, ""impact"": -1.74}, {""feature_key"": ""hour_sin"", ""feature_name"": ""Time of Day (Peak Window)"", ""feature_value"": 0.26, ""shap_value"": -1.44, ""impact"": -1.44}, {""feature_key"": ""lag_24"", ""feature_name"": ""Yesterday's Same-Hour Congestion"", ""feature_value"": 53.4, ""shap_value"": -1.32, ""impact"": -1.32}, {""feature_key"": ""capacity_baseline"", ""feature_name"": ""Station Theoretical Capacity"", ""feature_value"": 15000.0, ""shap_value"": -0.7, ""impact"": -0.7}]",60.24
2488,MAA_MARINA_BEACH,2026-09-25T12:00:00,2026-09-23T20:00:00,40,45.5,MODERATE,34.1,Sunny & Warm,10,"[{""feature_key"": ""lag_foot_24"", ""feature_name"": ""Yesterday's Foot-Traffic"", ""feature_value"": 6585.0, ""shap_value"": 3.12, ""impact"": 3.12}, {""feature_key"": ""lag_foot_1"", ""feature_name"": ""Recent Foot-Traffic (1h ago)"", ""feature_value"": 7485.0, ""shap_value"": 0.51, ""impact"": 0.51}, {""feature_key"": ""temp_c"", ""feature_name"": ""Ambient Temperature"", ""feature_value"": 34.1, ""shap_value"": 0.36, ""impact"": 0.36}, {""feature_key"": ""feels_like_c"", ""feature_name"": ""Apparent Feels-Like Temperature"", ""feature_value"": 33.4, ""shap_value"": 0.09, ""impact"": 0.09}, {""feature_key"": ""humidity_pct"", ""feature_name"": ""Marine Layer / Humidity"", ""feature_value"": 63.0, ""shap_value"": 0.08, ""impact"": 0.08}]","[{""feature_key"": ""lag_168"", ""feature_name"": ""Same Time Last Week Congestion"", ""feature_value"": 42.2, ""shap_value"": -8.44, ""impact"": -8.44}, {""feature_key"": ""lag_1"", ""feature_name"": ""Recent Congestion (1h ago)"", ""feature_value"": 49.9, ""shap_value"": -1.96, ""impact"": -1.96}, {""feature_key"": ""hour_sin"", ""feature_name"": ""Time of Day (Peak Window)"", ""feature_value"": 0.0, ""shap_value"": -1.67, ""impact"": -1.67}, {""feature_key"": ""lag_24"", ""feature_name"": ""Yesterday's Same-Hour Congestion"", ""feature_value"": 43.9, ""shap_value"": -1.4, ""impact"": -1.4}, {""feature_key"": ""hour_cos"", ""feature_name"": ""Time of Day (Diurnal Cycle)"", ""feature_value"": -1.0, ""shap_value"": -1.24, ""impact"": -1.24}]",60.24
2489,MAA_MARINA_BEACH,2026-09-25T13:00:00,2026-09-23T20:00:00,41,46.5,MODERATE,34.0,Sunny & Warm,10,"[{""feature_key"": ""lag_foot_24"", ""feature_name"": ""Yesterday's Foot-Traffic"", ""feature_value"": 6195.0, ""shap_value"": 3.06, ""impact"": 3.06}, {""feature_key"": ""lag_foot_1"", ""feature_name"": ""Recent Foot-Traffic (1h ago)"", ""feature_value"": 6825.0, ""shap_value"": 0.51, ""impact"": 0.51}, {""feature_key"": ""temp_c"", ""feature_name"": ""Ambient Temperature"", ""feature_value"": 34.0, ""shap_value"": 0.34, ""impact"": 0.34}, {""feature_key"": ""humidity_pct"", ""feature_name"": ""Marine Layer / Humidity"", ""feature_value"": 57.0, ""shap_value"": 0.28, ""impact"": 0.28}, {""feature_key"": ""roll_mean_6h"", ""feature_name"": ""6-Hour Moving Congestion Trend"", ""feature_value"": 62.98, ""shap_value"": 0.11, ""impact"": 0.11}]","[{""feature_key"": ""lag_168"", ""feature_name"": ""Same Time Last Week Congestion"", ""feature_value"": 44.6, ""shap_value"": -7.58, ""impact"": -7.58}, {""feature_key"": ""lag_1"", ""feature_name"": ""Recent Congestion (1h ago)"", ""feature_value"": 45.5, ""shap_value"": -2.23, ""impact"": -2.23}, {""feature_key"": ""lag_24"", ""feature_name"": ""Yesterday's Same-Hour Congestion"", ""feature_value"": 41.3, ""shap_value"": -1.63, ""impact"": -1.63}, {""feature_key"": ""hour_sin"", ""feature_name"": ""Time of Day (Peak Window)"", ""feature_value"": -0.26, ""shap_value"": -1.59, ""impact"": -1.59}, {""feature_key"": ""hour_cos"", ""feature_name"": ""Time of Day (Diurnal Cycle)"", ""feature_value"": -0.97, ""shap_value"": -1.27, ""impact"": -1.27}]",60.24
2490,MAA_MARINA_BEACH,2026-09-25T14:00:00,2026-09-23T20:00:00,42,55.9,MODERATE,33.6,Monsoon Downpour,10,"[{""feature_key"": ""lag_foot_24"", ""feature_name"": ""Yesterday's Foot-Traffic"", ""feature_value"": 7695.0, ""shap_value"": 3.17, ""impact"": 3.17}, {""feature_key"": ""precip_mm"", ""feature_name"": ""Rainfall Intensity"", ""feature_value"": 6.56, ""shap_value"": 2.86, ""impact"": 2.86}, {""feature_key"": ""lag_foot_1"", ""feature_name"": ""Recent Foot-Traffic (1h ago)"", ""feature_value"": 6975.0, ""shap_value"": 0.58, ""impact"": 0.58}, {""feature_key"": ""is_rain"", ""feature_name"": ""Rain Weather Friction"", ""feature_value"": 1.0, ""shap_value"": 0.53, ""impact"": 0.53}, {""feature_key"": ""weather_tourism_suppression"", ""feature_name"": ""Weather Tourist Dampening Index"", ""feature_value"": 1.76, ""shap_value"": 0.5, ""impact"": 0.5}]","[{""feature_key"": ""lag_168"", ""feature_name"": ""Same Time Last Week Congestion"", ""feature_value"": 44.5, ""shap_value"": -5.01, ""impact"": -5.01}, {""feature_key"": ""lag_1"", ""feature_name"": ""Recent Congestion (1h ago)"", ""feature_value"": 46.5, ""shap_value"": -2.49, ""impact"": -2.49}, {""feature_key"": ""lag_24"", ""feature_name"": ""Yesterday's Same-Hour Congestion"", ""feature_value"": 51.3, ""shap_value"": -1.19, ""impact"": -1.19}, {""feature_key"": ""hour_sin"", ""feature_name"": ""Time of Day (Peak Window)"", ""feature_value"": -0.5, ""shap_value"": -0.78, ""impact"": -0.78}, {""feature_key"": ""capacity_baseline"", ""feature_name"": ""Station Theoretical Capacity"", ""feature_value"": 15000.0, ""shap_value"": -0.7, ""impact"": -0.7}]",60.24
2491,MAA_MARINA_BEACH,2026-09-25T15:00:00,2026-09-23T20:00:00,43,64.9,HIGH,34.1,Monsoon Downpour,10,"[{""feature_key"": ""lag_168"", ""feature_name"": ""Same Time Last Week Congestion"", ""feature_value"": 63.8, ""shap_value"": 4.39, ""impact"": 4.39}, {""feature_key"": ""lag_foot_24"", ""feature_name"": ""Yesterday's Foot-Traffic"", ""feature_value"": 9195.0, ""shap_value"": 2.51, ""impact"": 2.51}, {""feature_key"": ""hour_cos"", ""feature_name"": ""Time of Day (Diurnal Cycle)"", ""feature_value"": -0.71, ""shap_value"": 1.06, ""impact"": 1.06}, {""feature_key"": ""lag_foot_1"", ""feature_name"": ""Recent Foot-Traffic (1h ago)"", ""feature_value"": 8385.0, ""shap_value"": 0.91, ""impact"": 0.91}, {""feature_key"": ""wind_speed_kmh"", ""feature_name"": ""Coastal Wind Speed"", ""feature_value"": 22.5, ""shap_value"": 0.66, ""impact"": 0.66}]","[{""feature_key"": ""lag_1"", ""feature_name"": ""Recent Congestion (1h ago)"", ""feature_value"": 55.9, ""shap_value"": -2.21, ""impact"": -2.21}, {""feature_key"": ""capacity_baseline"", ""feature_name"": ""Station Theoretical Capacity"", ""feature_value"": 15000.0, ""shap_value"": -0.89, ""impact"": -0.89}, {""feature_key"": ""lag_24"", ""feature_name"": ""Yesterday's Same-Hour Congestion"", ""feature_value"": 61.3, ""shap_value"": -0.78, ""impact"": -0.78}, {""feature_key"": ""weather_transit_surge"", ""feature_name"": ""Rainfall Transit Inflow Surge"", ""feature_value"": 0.56, ""shap_value"": -0.73, ""impact"": -0.73}, {""feature_key"": ""transit_pressure_ratio"", ""feature_name"": ""Transit Demand-to-Supply Ratio"", ""feature_value"": 6.01, ""shap_value"": -0.62, ""impact"": -0.62}]",60.24
2492,MAA_MARINA_BEACH,2026-09-25T16:00:00,2026-09-23T20:00:00,44,73.8,HIGH,33.2,Monsoon Downpour,10,"[{""feature_key"": ""lag_168"", ""feature_name"": ""Same Time Last Week Congestion"", ""feature_value"": 82.7, ""shap_value"": 14.51, ""impact"": 14.51}, {""feature_key"": ""lag_foot_24"", ""feature_name"": ""Yesterday's Foot-Traffic"", ""feature_value"": 12780.0, ""shap_value"": 2.37, ""impact"": 2.37}, {""feature_key"": ""lag_24"", ""feature_name"": ""Yesterday's Same-Hour Congestion"", ""feature_value"": 85.2, ""shap_value"": 1.96, ""impact"": 1.96}, {""feature_key"": ""hour_cos"", ""feature_name"": ""Time of Day (Diurnal Cycle)"", ""feature_value"": -0.5, ""shap_value"": 1.44, ""impact"": 1.44}, {""feature_key"": ""lag_foot_1"", ""feature_name"": ""Recent Foot-Traffic (1h ago)"", ""feature_value"": 9735.0, ""shap_value"": 1.06, ""impact"": 1.06}]","[{""feature_key"": ""precip_mm"", ""feature_name"": ""Rainfall Intensity"", ""feature_value"": 8.45, ""shap_value"": -2.91, ""impact"": -2.91}, {""feature_key"": ""weather_tourism_suppression"", ""feature_name"": ""Weather Tourist Dampening Index"", ""feature_value"": 1.76, ""shap_value"": -1.64, ""impact"": -1.64}, {""feature_key"": ""transit_pressure_ratio"", ""feature_name"": ""Transit Demand-to-Supply Ratio"", ""feature_value"": 6.03, ""shap_value"": -1.44, ""impact"": -1.44}, {""feature_key"": ""capacity_baseline"", ""feature_name"": ""Station Theoretical Capacity"", ""feature_value"": 15000.0, ""shap_value"": -1.02, ""impact"": -1.02}, {""feature_key"": ""lag_1"", ""feature_name"": ""Recent Congestion (1h ago)"", ""feature_value"": 64.9, ""shap_value"": -0.74, ""impact"": -0.74}]",60.24
2493,MAA_MARINA_BEACH,2026-09-25T17:00:00,2026-09-23T20:00:00,45,90.1,SEVERE,33.7,Thunderstorm / Rain,16,"[{""feature_key"": ""lag_168"", ""feature_name"": ""Same Time Last Week Congestion"", ""feature_value"": 98.5, ""shap_value"": 22.45, ""impact"": 22.45}, {""feature_key"": ""lag_foot_24"", ""feature_name"": ""Yesterday's Foot-Traffic"", ""feature_value"": 14820.0, ""shap_value"": 2.49, ""impact"": 2.49}, {""feature_key"": ""lag_24"", ""feature_name"": ""Yesterday's Same-Hour Congestion"", ""feature_value"": 98.8, ""shap_value"": 2.23, ""impact"": 2.23}, {""feature_key"": ""hour_sin"", ""feature_name"": ""Time of Day (Peak Window)"", ""feature_value"": -0.97, ""shap_value"": 1.97, ""impact"": 1.97}, {""feature_key"": ""hour_cos"", ""feature_name"": ""Time of Day (Diurnal Cycle)"", ""feature_value"": -0.26, ""shap_value"": 1.41, ""impact"": 1.41}]","[{""feature_key"": ""weather_tourism_suppression"", ""feature_name"": ""Weather Tourist Dampening Index"", ""feature_value"": 1.76, ""shap_value"": -1.84, ""impact"": -1.84}, {""feature_key"": ""lag_1"", ""feature_name"": ""Recent Congestion (1h ago)"", ""feature_value"": 73.8, ""shap_value"": -0.51, ""impact"": -0.51}, {""feature_key"": ""capacity_baseline"", ""feature_name"": ""Station Theoretical Capacity"", ""feature_value"": 15000.0, ""shap_value"": -0.34, ""impact"": -0.34}, {""feature_key"": ""lag_trips_1"", ""feature_name"": ""Recent Transit Trips Count"", ""feature_value"": 10.0, ""shap_value"": -0.3, ""impact"": -0.3}, {""feature_key"": ""dow_sin"", ""feature_name"": ""Weekly Schedule Cycle"", ""feature_value"": -0.43, ""shap_value"": -0.25, ""impact"": -0.25}]",60.24
2494,MAA_MARINA_BEACH,2026-09-25T18:00:00,2026-09-23T20:00:00,46,95.2,SEVERE,32.6,Monsoon Downpour,16,"[{""feature_key"": ""lag_168"", ""feature_name"": ""Same Time Last Week Congestion"", ""feature_value"": 95.1, ""shap_value"": 22.16, ""impact"": 22.16}, {""feature_key"": ""lag_foot_24"", ""feature_name"": ""Yesterday's Foot-Traffic"", ""feature_value"": 14595.0, ""shap_value"": 2.72, ""impact"": 2.72}, {""feature_key"": ""lag_24"", ""feature_name"": ""Yesterday's Same-Hour Congestion"", ""feature_value"": 97.3, ""shap_value"": 2.39, ""impact"": 2.39}, {""feature_key"": ""hour_sin"", ""feature_name"": ""Time of Day (Peak Window)"", ""feature_value"": -1.0, ""shap_value"": 2.32, ""impact"": 2.32}, {""feature_key"": ""lag_1"", ""feature_name"": ""Recent Congestion (1h ago)"", ""feature_value"": 90.1, ""shap_value"": 2.08, ""impact"": 2.08}]","[{""feature_key"": ""weather_tourism_suppression"", ""feature_name"": ""Weather Tourist Dampening Index"", ""feature_value"": 1.76, ""shap_value"": -0.89, ""impact"": -0.89}, {""feature_key"": ""dow_sin"", ""feature_name"": ""Weekly Schedule Cycle"", ""feature_value"": -0.43, ""shap_value"": -0.33, ""impact"": -0.33}, {""feature_key"": ""capacity_baseline"", ""feature_name"": ""Station Theoretical Capacity"", ""feature_value"": 15000.0, ""shap_value"": -0.31, ""impact"": -0.31}, {""feature_key"": ""lag_trips_24"", ""feature_name"": ""Yesterday's Scheduled Transit Trips"", ""feature_value"": 16.0, ""shap_value"": -0.19, ""impact"": -0.19}, {""feature_key"": ""transit_weight"", ""feature_name"": ""Transit Commuter Dominance"", ""feature_value"": 0.35, ""shap_value"": -0.15, ""impact"": -0.15}]",60.24
2495,MAA_MARINA_BEACH,2026-09-25T19:00:00,2026-09-23T20:00:00,47,93.8,SEVERE,31.3,Monsoon Downpour,16,"[{""feature_key"": ""lag_168"", ""feature_name"": ""Same Time Last Week Congestion"", ""feature_value"": 98.5, ""shap_value"": 23.41, ""impact"": 23.41}, {""feature_key"": ""lag_foot_24"", ""feature_name"": ""Yesterday's Foot-Traffic"", ""feature_value"": 14595.0, ""shap_value"": 2.64, ""impact"": 2.64}, {""feature_key"": ""lag_1"", ""feature_name"": ""Recent Congestion (1h ago)"", ""feature_value"": 95.2, ""shap_value"": 2.49, ""impact"": 2.49}, {""feature_key"": ""lag_24"", ""feature_name"": ""Yesterday's Same-Hour Congestion"", ""feature_value"": 97.3, ""shap_value"": 2.18, ""impact"": 2.18}, {""feature_key"": ""hour_sin"", ""feature_name"": ""Time of Day (Peak Window)"", ""feature_value"": -0.97, ""shap_value"": 1.79, ""impact"": 1.79}]","[{""feature_key"": ""weather_tourism_suppression"", ""feature_name"": ""Weather Tourist Dampening Index"", ""feature_value"": 1.76, ""shap_value"": -1.04, ""impact"": -1.04}, {""feature_key"": ""precip_mm"", ""feature_name"": ""Rainfall Intensity"", ""feature_value"": 9.73, ""shap_value"": -0.8, ""impact"": -0.8}, {""feature_key"": ""dow_sin"", ""feature_name"": ""Weekly Schedule Cycle"", ""feature_value"": -0.43, ""shap_value"": -0.35, ""impact"": -0.35}, {""feature_key"": ""transit_weight"", ""feature_name"": ""Transit Commuter Dominance"", ""feature_value"": 0.35, ""shap_value"": -0.3, ""impact"": -0.3}, {""feature_key"": ""capacity_baseline"", ""feature_name"": ""Station Theoretical Capacity"", ""feature_value"": 15000.0, ""shap_value"": -0.24, ""impact"": -0.24}]",60.24
2496,MAA_MARINA_BEACH,2026-09-25T20:00:00,2026-09-23T20:00:00,48,91.8,SEVERE,30.0,Thunderstorm / Rain,16,"[{""feature_key"": ""lag_168"", ""feature_name"": ""Same Time Last Week Congestion"", ""feature_value"": 88.8, ""shap_value"": 19.7, ""impact"": 19.7}, {""feature_key"": ""lag_foot_24"", ""feature_name"": ""Yesterday's Foot-Traffic"", ""feature_value"": 14325.0, ""shap_value"": 2.65, ""impact"": 2.65}, {""feature_key"": ""lag_24"", ""feature_name"": ""Yesterday's Same-Hour Congestion"", ""feature_value"": 95.5, ""shap_value"": 2.52, ""impact"": 2.52}, {""feature_key"": ""lag_1"", ""feature_name"": ""Recent Congestion (1h ago)"", ""feature_value"": 93.8, ""shap_value"": 2.34, ""impact"": 2.34}, {""feature_key"": ""precip_mm"", ""feature_name"": ""Rainfall Intensity"", ""feature_value"": 4.05, ""shap_value"": 1.87, ""impact"": 1.87}]","[{""feature_key"": ""weather_tourism_suppression"", ""feature_name"": ""Weather Tourist Dampening Index"", ""feature_value"": 1.76, ""shap_value"": -0.89, ""impact"": -0.89}, {""feature_key"": ""dow_sin"", ""feature_name"": ""Weekly Schedule Cycle"", ""feature_value"": -0.43, ""shap_value"": -0.41, ""impact"": -0.41}, {""feature_key"": ""lag_3"", ""feature_name"": ""Short-term Congestion (3h ago)"", ""feature_value"": 90.1, ""shap_value"": -0.29, ""impact"": -0.29}, {""feature_key"": ""lag_trips_24"", ""feature_name"": ""Yesterday's Scheduled Transit Trips"", ""feature_value"": 16.0, ""shap_value"": -0.22, ""impact"": -0.22}, {""feature_key"": ""weather_transit_surge"", ""feature_name"": ""Rainfall Transit Inflow Surge"", ""feature_value"": 0.56, ""shap_value"": -0.2, ""impact"": -0.2}]",60.24
2497,MAA_T_NAGAR_RANGANATHAN,2026-09-23T21:00:00,2026-09-23T20:00:00,1,84.6,SEVERE,29.6,Sunny & Warm,9,"[{""feature_key"": ""lag_168"", ""feature_name"": ""Same Time Last Week Congestion"", ""feature_value"": 86.9, ""shap_value"": 18.57, ""impact"": 18.57}, {""feature_key"": ""lag_1"", ""feature_name"": ""Recent Congestion (1h ago)"", ""feature_value"": 98.5, ""shap_value"": 4.6, ""impact"": 4.6}, {""feature_key"": ""lag_foot_24"", ""feature_name"": ""Yesterday's Foot-Traffic"", ""feature_value"": 15173.0, ""shap_value"": 2.43, ""impact"": 2.43}, {""feature_key"": ""lag_foot_1"", ""feature_name"": ""Recent Foot-Traffic (1h ago)"", ""feature_value"": 15619.0, ""shap_value"": 1.76, ""impact"": 1.76}, {""feature_key"": ""lag_24"", ""feature_name"": ""Yesterday's Same-Hour Congestion"", ""feature_value"": 86.9, ""shap_value"": 1.21, ""impact"": 1.21}]","[{""feature_key"": ""scheduled_trips"", ""feature_name"": ""Transit Dispatch Frequency"", ""feature_value"": 9.0, ""shap_value"": -1.37, ""impact"": -1.37}, {""feature_key"": ""transit_pressure_ratio"", ""feature_name"": ""Transit Demand-to-Supply Ratio"", ""feature_value"": 7.01, ""shap_value"": -1.06, ""impact"": -1.06}, {""feature_key"": ""hour_sin"", ""feature_name"": ""Time of Day (Peak Window)"", ""feature_value"": -0.71, ""shap_value"": -0.94, ""impact"": -0.94}, {""feature_key"": ""hour_cos"", ""feature_name"": ""Time of Day (Diurnal Cycle)"", ""feature_value"": 0.71, ""shap_value"": -0.66, ""impact"": -0.66}, {""feature_key"": ""dow_sin"", ""feature_name"": ""Weekly Schedule Cycle"", ""feature_value"": 0.97, ""shap_value"": -0.66, ""impact"": -0.66}]",60.24
2498,MAA_T_NAGAR_RANGANATHAN,2026-09-23T22:00:00,2026-09-23T20:00:00,2,53.7,MODERATE,26.8,Sunny & Warm,9,"[{""feature_key"": ""lag_1"", ""feature_name"": ""Recent Congestion (1h ago)"", ""feature_value"": 84.6, ""shap_value"": 3.29, ""impact"": 3.29}, {""feature_key"": ""lag_foot_24"", ""feature_name"": ""Yesterday's Foot-Traffic"", ""feature_value"": 7615.0, ""shap_value"": 2.55, ""impact"": 2.55}, {""feature_key"": ""lag_foot_1"", ""feature_name"": ""Recent Foot-Traffic (1h ago)"", ""feature_value"": 11844.0, ""shap_value"": 1.12, ""impact"": 1.12}, {""feature_key"": ""lag_trips_24"", ""feature_name"": ""Yesterday's Scheduled Transit Trips"", ""feature_value"": 9.0, ""shap_value"": 0.24, ""impact"": 0.24}, {""feature_key"": ""roll_mean_3h"", ""feature_name"": ""3-Hour Moving Congestion Trend"", ""feature_value"": 93.87, ""shap_value"": 0.14, ""impact"": 0.14}]","[{""feature_key"": ""hour_cos"", ""feature_name"": ""Time of Day (Diurnal Cycle)"", ""feature_value"": 0.87, ""shap_value"": -3.48, ""impact"": -3.48}, {""feature_key"": ""hour_sin"", ""feature_name"": ""Time of Day (Peak Window)"", ""feature_value"": -0.5, ""shap_value"": -1.4, ""impact"": -1.4}, {""feature_key"": ""scheduled_trips"", ""feature_name"": ""Transit Dispatch Frequency"", ""feature_value"": 9.0, ""shap_value"": -1.21, ""impact"": -1.21}, {""feature_key"": ""temp_c"", ""feature_name"": ""Ambient Temperature"", ""feature_value"": 26.8, ""shap_value"": -1.03, ""impact"": -1.03}, {""feature_key"": ""feels_like_c"", ""feature_name"": ""Apparent Feels-Like Temperature"", ""feature_value"": 28.0, ""shap_value"": -1.01, ""impact"": -1.01}]",60.24
2499,MAA_T_NAGAR_RANGANATHAN,2026-09-23T23:00:00,2026-09-23T20:00:00,3,27.8,LOW,26.4,Sunny & Warm,9,"[{""feature_key"": ""lag_foot_1"", ""feature_name"": ""Recent Foot-Traffic (1h ago)"", ""feature_value"": 7518.0, ""shap_value"": 0.57, ""impact"": 0.57}, {""feature_key"": ""dow_cos"", ""feature_name"": ""Day of Week Alignment"", ""feature_value"": -0.22, ""shap_value"": 0.09, ""impact"": 0.09}, {""feature_key"": ""lag_2"", ""feature_name"": ""Short-term Congestion (2h ago)"", ""feature_value"": 84.6, ""shap_value"": 0.06, ""impact"": 0.06}, {""feature_key"": ""lag_trips_24"", ""feature_name"": ""Yesterday's Scheduled Transit Trips"", ""feature_value"": 9.0, ""shap_value"": 0.04, ""impact"": 0.04}]","[{""feature_key"": ""lag_168"", ""feature_name"": ""Same Time Last Week Congestion"", ""feature_value"": 29.6, ""shap_value"": -20.9, ""impact"": -20.9}, {""feature_key"": ""hour_cos"", ""feature_name"": ""Time of Day (Diurnal Cycle)"", ""feature_value"": 0.97, ""shap_value"": -2.35, ""impact"": -2.35}, {""feature_key"": ""lag_foot_24"", ""feature_name"": ""Yesterday's Foot-Traffic"", ""feature_value"": 1277.0, ""shap_value"": -1.54, ""impact"": -1.54}, {""feature_key"": ""lag_24"", ""feature_name"": ""Yesterday's Same-Hour Congestion"", ""feature_value"": 27.8, ""shap_value"": -1.4, ""impact"": -1.4}, {""feature_key"": ""hour_sin"", ""feature_name"": ""Time of Day (Peak Window)"", ""feature_value"": -0.26, ""shap_value"": -1.32, ""impact"": -1.32}]",60.24
2500,MAA_T_NAGAR_RANGANATHAN,2026-09-24T00:00:00,2026-09-23T20:00:00,4,25.7,LOW,25.6,Humid / Overcast,8,"[{""feature_key"": ""lag_trips_24"", ""feature_name"": ""Yesterday's Scheduled Transit Trips"", ""feature_value"": 6.0, ""shap_value"": 0.23, ""impact"": 0.23}, {""feature_key"": ""dow_cos"", ""feature_name"": ""Day of Week Alignment"", ""feature_value"": -0.9, ""shap_value"": 0.04, ""impact"": 0.04}, {""feature_key"": ""tourist_weight"", ""feature_name"": ""Tourist Landmark Dominance"", ""feature_value"": 0.9, ""shap_value"": 0.02, ""impact"": 0.02}]","[{""feature_key"": ""lag_168"", ""feature_name"": ""Same Time Last Week Congestion"", ""feature_value"": 29.6, ""shap_value"": -20.9, ""impact"": -20.9}, {""feature_key"": ""lag_foot_24"", ""feature_name"": ""Yesterday's Foot-Traffic"", ""feature_value"": 863.0, ""shap_value"": -2.57, ""impact"": -2.57}, {""feature_key"": ""lag_1"", ""feature_name"": ""Recent Congestion (1h ago)"", ""feature_value"": 27.8, ""shap_value"": -2.51, ""impact"": -2.51}, {""feature_key"": ""hour_cos"", ""feature_name"": ""Time of Day (Diurnal Cycle)"", ""feature_value"": 1.0, ""shap_value"": -2.39, ""impact"": -2.39}, {""feature_key"": ""lag_24"", ""feature_name"": ""Yesterday's Same-Hour Congestion"", ""feature_value"": 26.3, ""shap_value"": -1.74, ""impact"": -1.74}]",60.24
2501,MAA_T_NAGAR_RANGANATHAN,2026-09-24T01:00:00,2026-09-23T20:00:00,5,27.5,LOW,26.0,Humid / Overcast,8,"[{""feature_key"": ""lag_trips_24"", ""feature_name"": ""Yesterday's Scheduled Transit Trips"", ""feature_value"": 6.0, ""shap_value"": 0.25, ""impact"": 0.25}, {""feature_key"": ""lag_3"", ""feature_name"": ""Short-term Congestion (3h ago)"", ""feature_value"": 53.7, ""shap_value"": 0.23, ""impact"": 0.23}, {""feature_key"": ""temp_c"", ""feature_name"": ""Ambient Temperature"", ""feature_value"": 26.0, ""shap_value"": 0.13, ""impact"": 0.13}, {""feature_key"": ""roll_mean_6h"", ""feature_name"": ""6-Hour Moving Congestion Trend"", ""feature_value"": 64.8, ""shap_value"": 0.03, ""impact"": 0.03}, {""feature_key"": ""dow_cos"", ""feature_name"": ""Day of Week Alignment"", ""feature_value"": -0.9, ""shap_value"": 0.01, ""impact"": 0.01}]","[{""feature_key"": ""lag_168"", ""feature_name"": ""Same Time Last Week Congestion"", ""feature_value"": 36.3, ""shap_value"": -16.75, ""impact"": -16.75}, {""feature_key"": ""lag_foot_24"", ""feature_name"": ""Yesterday's Foot-Traffic"", ""feature_value"": 911.0, ""shap_value"": -4.16, ""impact"": -4.16}, {""feature_key"": ""lag_1"", ""feature_name"": ""Recent Congestion (1h ago)"", ""feature_value"": 25.7, ""shap_value"": -2.99, ""impact"": -2.99}, {""feature_key"": ""hour_cos"", ""feature_name"": ""Time of Day (Diurnal Cycle)"", ""feature_value"": 0.97, ""shap_value"": -2.56, ""impact"": -2.56}, {""feature_key"": ""lag_24"", ""feature_name"": ""Yesterday's Same-Hour Congestion"", ""feature_value"": 27.8, ""shap_value"": -1.77, ""impact"": -1.77}]",60.24
2502,MAA_T_NAGAR_RANGANATHAN,2026-09-24T02:00:00,2026-09-23T20:00:00,6,31.0,LOW,24.6,Humid / Overcast,8,"[{""feature_key"": ""lag_3"", ""feature_name"": ""Short-term Congestion (3h ago)"", ""feature_value"": 27.8, ""shap_value"": 0.31, ""impact"": 0.31}, {""feature_key"": ""lag_trips_24"", ""feature_name"": ""Yesterday's Scheduled Transit Trips"", ""feature_value"": 6.0, ""shap_value"": 0.26, ""impact"": 0.26}, {""feature_key"": ""temp_c"", ""feature_name"": ""Ambient Temperature"", ""feature_value"": 24.6, ""shap_value"": 0.16, ""impact"": 0.16}, {""feature_key"": ""roll_mean_6h"", ""feature_name"": ""6-Hour Moving Congestion Trend"", ""feature_value"": 52.97, ""shap_value"": 0.08, ""impact"": 0.08}]","[{""feature_key"": ""lag_168"", ""feature_name"": ""Same Time Last Week Congestion"", ""feature_value"": 37.0, ""shap_value"": -15.94, ""impact"": -15.94}, {""feature_key"": ""lag_foot_24"", ""feature_name"": ""Yesterday's Foot-Traffic"", ""feature_value"": 1012.0, ""shap_value"": -3.08, ""impact"": -3.08}, {""feature_key"": ""lag_1"", ""feature_name"": ""Recent Congestion (1h ago)"", ""feature_value"": 27.5, ""shap_value"": -2.9, ""impact"": -2.9}, {""feature_key"": ""hour_cos"", ""feature_name"": ""Time of Day (Diurnal Cycle)"", ""feature_value"": 0.87, ""shap_value"": -1.91, ""impact"": -1.91}, {""feature_key"": ""lag_24"", ""feature_name"": ""Yesterday's Same-Hour Congestion"", ""feature_value"": 30.9, ""shap_value"": -1.65, ""impact"": -1.65}]",60.24
2503,MAA_T_NAGAR_RANGANATHAN,2026-09-24T03:00:00,2026-09-23T20:00:00,7,38.8,MODERATE,24.9,Monsoon Downpour,8,"[{""feature_key"": ""precip_mm"", ""feature_name"": ""Rainfall Intensity"", ""feature_value"": 12.63, ""shap_value"": 2.88, ""impact"": 2.88}, {""feature_key"": ""weather_transit_surge"", ""feature_name"": ""Rainfall Transit Inflow Surge"", ""feature_value"": 1.2, ""shap_value"": 1.98, ""impact"": 1.98}, {""feature_key"": ""weather_tourism_suppression"", ""feature_name"": ""Weather Tourist Dampening Index"", ""feature_value"": 1.62, ""shap_value"": 0.92, ""impact"": 0.92}, {""feature_key"": ""is_rain"", ""feature_name"": ""Rain Weather Friction"", ""feature_value"": 1.0, ""shap_value"": 0.53, ""impact"": 0.53}, {""feature_key"": ""roll_mean_6h"", ""feature_name"": ""6-Hour Moving Congestion Trend"", ""feature_value"": 41.72, ""shap_value"": 0.21, ""impact"": 0.21}]","[{""feature_key"": ""lag_168"", ""feature_name"": ""Same Time Last Week Congestion"", ""feature_value"": 29.8, ""shap_value"": -19.81, ""impact"": -19.81}, {""feature_key"": ""lag_1"", ""feature_name"": ""Recent Congestion (1h ago)"", ""feature_value"": 31.0, ""shap_value"": -2.38, ""impact"": -2.38}, {""feature_key"": ""hour_cos"", ""feature_name"": ""Time of Day (Diurnal Cycle)"", ""feature_value"": 0.71, ""shap_value"": -1.48, ""impact"": -1.48}, {""feature_key"": ""lag_24"", ""feature_name"": ""Yesterday's Same-Hour Congestion"", ""feature_value"": 28.2, ""shap_value"": -1.37, ""impact"": -1.37}, {""feature_key"": ""lag_foot_24"", ""feature_name"": ""Yesterday's Foot-Traffic"", ""feature_value"": 1089.0, ""shap_value"": -1.12, ""impact"": -1.12}]",60.24
2504,MAA_T_NAGAR_RANGANATHAN,2026-09-24T04:00:00,2026-09-23T20:00:00,8,46.4,MODERATE,27.2,Monsoon Downpour,8,"[{""feature_key"": ""precip_mm"", ""feature_name"": ""Rainfall Intensity"", ""feature_value"": 13.93, ""shap_value"": 3.55, ""impact"": 3.55}, {""feature_key"": ""weather_transit_surge"", ""feature_name"": ""Rainfall Transit Inflow Surge"", ""feature_value"": 1.2, ""shap_value"": 2.12, ""impact"": 2.12}, {""feature_key"": ""lag_foot_1"", ""feature_name"": ""Recent Foot-Traffic (1h ago)"", ""feature_value"": 5431.0, ""shap_value"": 1.25, ""impact"": 1.25}, {""feature_key"": ""weather_tourism_suppression"", ""feature_name"": ""Weather Tourist Dampening Index"", ""feature_value"": 1.62, ""shap_value"": 0.8, ""impact"": 0.8}, {""feature_key"": ""is_rain"", ""feature_name"": ""Rain Weather Friction"", ""feature_value"": 1.0, ""shap_value"": 0.56, ""impact"": 0.56}]","[{""feature_key"": ""lag_168"", ""feature_name"": ""Same Time Last Week Congestion"", ""feature_value"": 35.9, ""shap_value"": -14.88, ""impact"": -14.88}, {""feature_key"": ""lag_foot_24"", ""feature_name"": ""Yesterday's Foot-Traffic"", ""feature_value"": 1141.0, ""shap_value"": -2.84, ""impact"": -2.84}, {""feature_key"": ""lag_1"", ""feature_name"": ""Recent Congestion (1h ago)"", ""feature_value"": 38.8, ""shap_value"": -2.21, ""impact"": -2.21}, {""feature_key"": ""lag_24"", ""feature_name"": ""Yesterday's Same-Hour Congestion"", ""feature_value"": 33.6, ""shap_value"": -1.09, ""impact"": -1.09}, {""feature_key"": ""hour_cos"", ""feature_name"": ""Time of Day (Diurnal Cycle)"", ""feature_value"": 0.5, ""shap_value"": -1.05, ""impact"": -1.05}]",60.24
2505,MAA_T_NAGAR_RANGANATHAN,2026-09-24T05:00:00,2026-09-23T20:00:00,9,49.0,MODERATE,25.6,Monsoon Downpour,9,"[{""feature_key"": ""precip_mm"", ""feature_name"": ""Rainfall Intensity"", ""feature_value"": 9.92, ""shap_value"": 3.84, ""impact"": 3.84}, {""feature_key"": ""weather_transit_surge"", ""feature_name"": ""Rainfall Transit Inflow Surge"", ""feature_value"": 1.2, ""shap_value"": 2.11, ""impact"": 2.11}, {""feature_key"": ""lag_foot_1"", ""feature_name"": ""Recent Foot-Traffic (1h ago)"", ""feature_value"": 6496.0, ""shap_value"": 0.96, ""impact"": 0.96}, {""feature_key"": ""weather_tourism_suppression"", ""feature_name"": ""Weather Tourist Dampening Index"", ""feature_value"": 1.62, ""shap_value"": 0.87, ""impact"": 0.87}, {""feature_key"": ""hour_sin"", ""feature_name"": ""Time of Day (Peak Window)"", ""feature_value"": 0.97, ""shap_value"": 0.78, ""impact"": 0.78}]","[{""feature_key"": ""lag_168"", ""feature_name"": ""Same Time Last Week Congestion"", ""feature_value"": 34.5, ""shap_value"": -16.15, ""impact"": -16.15}, {""feature_key"": ""lag_1"", ""feature_name"": ""Recent Congestion (1h ago)"", ""feature_value"": 46.4, ""shap_value"": -1.66, ""impact"": -1.66}, {""feature_key"": ""hour_cos"", ""feature_name"": ""Time of Day (Diurnal Cycle)"", ""feature_value"": 0.26, ""shap_value"": -0.87, ""impact"": -0.87}, {""feature_key"": ""lag_24"", ""feature_name"": ""Yesterday's Same-Hour Congestion"", ""feature_value"": 34.3, ""shap_value"": -0.78, ""impact"": -0.78}, {""feature_key"": ""feels_like_c"", ""feature_name"": ""Apparent Feels-Like Temperature"", ""feature_value"": 27.4, ""shap_value"": -0.65, ""impact"": -0.65}]",60.24
2506,MAA_T_NAGAR_RANGANATHAN,2026-09-24T06:00:00,2026-09-23T20:00:00,10,66.0,HIGH,28.9,Monsoon Downpour,9,"[{""feature_key"": ""weather_transit_surge"", ""feature_name"": ""Rainfall Transit Inflow Surge"", ""feature_value"": 1.2, ""shap_value"": 3.49, ""impact"": 3.49}, {""feature_key"": ""lag_foot_24"", ""feature_name"": ""Yesterday's Foot-Traffic"", ""feature_value"": 4393.0, ""shap_value"": 2.83, ""impact"": 2.83}, {""feature_key"": ""precip_mm"", ""feature_name"": ""Rainfall Intensity"", ""feature_value"": 13.58, ""shap_value"": 2.81, ""impact"": 2.81}, {""feature_key"": ""hour_cos"", ""feature_name"": ""Time of Day (Diurnal Cycle)"", ""feature_value"": 0.0, ""shap_value"": 1.23, ""impact"": 1.23}, {""feature_key"": ""hour_sin"", ""feature_name"": ""Time of Day (Peak Window)"", ""feature_value"": 1.0, ""shap_value"": 1.05, ""impact"": 1.05}]","[{""feature_key"": ""lag_168"", ""feature_name"": ""Same Time Last Week Congestion"", ""feature_value"": 49.2, ""shap_value"": -4.79, ""impact"": -4.79}, {""feature_key"": ""lag_1"", ""feature_name"": ""Recent Congestion (1h ago)"", ""feature_value"": 49.0, ""shap_value"": -2.07, ""impact"": -2.07}, {""feature_key"": ""lag_24"", ""feature_name"": ""Yesterday's Same-Hour Congestion"", ""feature_value"": 45.6, ""shap_value"": -1.64, ""impact"": -1.64}, {""feature_key"": ""scheduled_trips"", ""feature_name"": ""Transit Dispatch Frequency"", ""feature_value"": 9.0, ""shap_value"": -0.7, ""impact"": -0.7}, {""feature_key"": ""transit_pressure_ratio"", ""feature_name"": ""Transit Demand-to-Supply Ratio"", ""feature_value"": 7.16, ""shap_value"": -0.62, ""impact"": -0.62}]",60.24
2507,MAA_T_NAGAR_RANGANATHAN,2026-09-24T07:00:00,2026-09-23T20:00:00,11,85.4,SEVERE,29.8,Monsoon Downpour,9,"[{""feature_key"": ""lag_168"", ""feature_name"": ""Same Time Last Week Congestion"", ""feature_value"": 89.0, ""shap_value"": 16.73, ""impact"": 16.73}, {""feature_key"": ""weather_transit_surge"", ""feature_name"": ""Rainfall Transit Inflow Surge"", ""feature_value"": 1.2, ""shap_value"": 3.7, ""impact"": 3.7}, {""feature_key"": ""lag_foot_24"", ""feature_name"": ""Yesterday's Foot-Traffic"", ""feature_value"": 9440.0, ""shap_value"": 2.13, ""impact"": 2.13}, {""feature_key"": ""hour_cos"", ""feature_name"": ""Time of Day (Diurnal Cycle)"", ""feature_value"": -0.26, ""shap_value"": 1.48, ""impact"": 1.48}, {""feature_key"": ""hour_sin"", ""feature_name"": ""Time of Day (Peak Window)"", ""feature_value"": 0.97, ""shap_value"": 1.38, ""impact"": 1.38}]","[{""feature_key"": ""transit_pressure_ratio"", ""feature_name"": ""Transit Demand-to-Supply Ratio"", ""feature_value"": 7.25, ""shap_value"": -1.18, ""impact"": -1.18}, {""feature_key"": ""lag_1"", ""feature_name"": ""Recent Congestion (1h ago)"", ""feature_value"": 66.0, ""shap_value"": -0.91, ""impact"": -0.91}, {""feature_key"": ""scheduled_trips"", ""feature_name"": ""Transit Dispatch Frequency"", ""feature_value"": 9.0, ""shap_value"": -0.79, ""impact"": -0.79}, {""feature_key"": ""weather_tourism_suppression"", ""feature_name"": ""Weather Tourist Dampening Index"", ""feature_value"": 1.62, ""shap_value"": -0.59, ""impact"": -0.59}, {""feature_key"": ""capacity_baseline"", ""feature_name"": ""Station Theoretical Capacity"", ""feature_value"": 14000.0, ""shap_value"": -0.5, ""impact"": -0.5}]",60.24
2508,MAA_T_NAGAR_RANGANATHAN,2026-09-24T08:00:00,2026-09-23T20:00:00,12,91.5,SEVERE,31.0,Sunny & Warm,24,"[{""feature_key"": ""lag_168"", ""feature_name"": ""Same Time Last Week Congestion"", ""feature_value"": 93.9, ""shap_value"": 22.37, ""impact"": 22.37}, {""feature_key"": ""lag_1"", ""feature_name"": ""Recent Congestion (1h ago)"", ""feature_value"": 85.4, ""shap_value"": 2.95, ""impact"": 2.95}, {""feature_key"": ""lag_foot_24"", ""feature_name"": ""Yesterday's Foot-Traffic"", ""feature_value"": 11750.0, ""shap_value"": 2.75, ""impact"": 2.75}, {""feature_key"": ""lag_foot_1"", ""feature_name"": ""Recent Foot-Traffic (1h ago)"", ""feature_value"": 11956.0, ""shap_value"": 1.62, ""impact"": 1.62}, {""feature_key"": ""hour_cos"", ""feature_name"": ""Time of Day (Diurnal Cycle)"", ""feature_value"": -0.5, ""shap_value"": 1.51, ""impact"": 1.51}]","[{""feature_key"": ""hour_sin"", ""feature_name"": ""Time of Day (Peak Window)"", ""feature_value"": 0.87, ""shap_value"": -0.99, ""impact"": -0.99}, {""feature_key"": ""weather_transit_surge"", ""feature_name"": ""Rainfall Transit Inflow Surge"", ""feature_value"": 0.0, ""shap_value"": -0.51, ""impact"": -0.51}, {""feature_key"": ""capacity_baseline"", ""feature_name"": ""Station Theoretical Capacity"", ""feature_value"": 14000.0, ""shap_value"": -0.43, ""impact"": -0.43}, {""feature_key"": ""lag_24"", ""feature_name"": ""Yesterday's Same-Hour Congestion"", ""feature_value"": 79.5, ""shap_value"": -0.42, ""impact"": -0.42}, {""feature_key"": ""lag_trips_24"", ""feature_name"": ""Yesterday's Scheduled Transit Trips"", ""feature_value"": 24.0, ""shap_value"": -0.38, ""impact"": -0.38}]",60.24
2509,MAA_T_NAGAR_RANGANATHAN,2026-09-24T09:00:00,2026-09-23T20:00:00,13,94.6,SEVERE,31.6,Sunny & Warm,24,"[{""feature_key"": ""lag_168"", ""feature_name"": ""Same Time Last Week Congestion"", ""feature_value"": 98.5, ""shap_value"": 24.03, ""impact"": 24.03}, {""feature_key"": ""lag_1"", ""feature_name"": ""Recent Congestion (1h ago)"", ""feature_value"": 91.5, ""shap_value"": 3.11, ""impact"": 3.11}, {""feature_key"": ""lag_foot_24"", ""feature_name"": ""Yesterday's Foot-Traffic"", ""feature_value"": 14936.0, ""shap_value"": 2.68, ""impact"": 2.68}, {""feature_key"": ""lag_foot_1"", ""feature_name"": ""Recent Foot-Traffic (1h ago)"", ""feature_value"": 12810.0, ""shap_value"": 1.73, ""impact"": 1.73}, {""feature_key"": ""lag_24"", ""feature_name"": ""Yesterday's Same-Hour Congestion"", ""feature_value"": 91.7, ""shap_value"": 1.26, ""impact"": 1.26}]","[{""feature_key"": ""hour_sin"", ""feature_name"": ""Time of Day (Peak Window)"", ""feature_value"": 0.71, ""shap_value"": -0.64, ""impact"": -0.64}, {""feature_key"": ""capacity_baseline"", ""feature_name"": ""Station Theoretical Capacity"", ""feature_value"": 14000.0, ""shap_value"": -0.51, ""impact"": -0.51}, {""feature_key"": ""weather_transit_surge"", ""feature_name"": ""Rainfall Transit Inflow Surge"", ""feature_value"": 0.0, ""shap_value"": -0.4, ""impact"": -0.4}, {""feature_key"": ""lag_trips_24"", ""feature_name"": ""Yesterday's Scheduled Transit Trips"", ""feature_value"": 24.0, ""shap_value"": -0.25, ""impact"": -0.25}, {""feature_key"": ""dow_sin"", ""feature_name"": ""Weekly Schedule Cycle"", ""feature_value"": 0.43, ""shap_value"": -0.21, ""impact"": -0.21}]",60.24
2510,MAA_T_NAGAR_RANGANATHAN,2026-09-24T10:00:00,2026-09-23T20:00:00,14,85.0,SEVERE,34.0,Sunny & Warm,24,"[{""feature_key"": ""lag_168"", ""feature_name"": ""Same Time Last Week Congestion"", ""feature_value"": 98.5, ""shap_value"": 21.7, ""impact"": 21.7}, {""feature_key"": ""lag_1"", ""feature_name"": ""Recent Congestion (1h ago)"", ""feature_value"": 94.6, ""shap_value"": 3.36, ""impact"": 3.36}, {""feature_key"": ""lag_foot_24"", ""feature_name"": ""Yesterday's Foot-Traffic"", ""feature_value"": 12208.0, ""shap_value"": 2.37, ""impact"": 2.37}, {""feature_key"": ""lag_foot_1"", ""feature_name"": ""Recent Foot-Traffic (1h ago)"", ""feature_value"": 13244.0, ""shap_value"": 1.78, ""impact"": 1.78}, {""feature_key"": ""scheduled_trips"", ""feature_name"": ""Transit Dispatch Frequency"", ""feature_value"": 24.0, ""shap_value"": 1.18, ""impact"": 1.18}]","[{""feature_key"": ""hour_cos"", ""feature_name"": ""Time of Day (Diurnal Cycle)"", ""feature_value"": -0.87, ""shap_value"": -2.62, ""impact"": -2.62}, {""feature_key"": ""hour_sin"", ""feature_name"": ""Time of Day (Peak Window)"", ""feature_value"": 0.5, ""shap_value"": -1.32, ""impact"": -1.32}, {""feature_key"": ""lag_24"", ""feature_name"": ""Yesterday's Same-Hour Congestion"", ""feature_value"": 77.5, ""shap_value"": -0.79, ""impact"": -0.79}, {""feature_key"": ""weather_transit_surge"", ""feature_name"": ""Rainfall Transit Inflow Surge"", ""feature_value"": 0.0, ""shap_value"": -0.53, ""impact"": -0.53}, {""feature_key"": ""capacity_baseline"", ""feature_name"": ""Station Theoretical Capacity"", ""feature_value"": 14000.0, ""shap_value"": -0.49, ""impact"": -0.49}]",60.24
2511,MAA_T_NAGAR_RANGANATHAN,2026-09-24T11:00:00,2026-09-23T20:00:00,15,68.3,HIGH,33.3,Sunny & Warm,15,"[{""feature_key"": ""lag_168"", ""feature_name"": ""Same Time Last Week Congestion"", ""feature_value"": 87.0, ""shap_value"": 15.27, ""impact"": 15.27}, {""feature_key"": ""lag_foot_24"", ""feature_name"": ""Yesterday's Foot-Traffic"", ""feature_value"": 8658.0, ""shap_value"": 2.16, ""impact"": 2.16}, {""feature_key"": ""lag_1"", ""feature_name"": ""Recent Congestion (1h ago)"", ""feature_value"": 85.0, ""shap_value"": 1.75, ""impact"": 1.75}, {""feature_key"": ""lag_foot_1"", ""feature_name"": ""Recent Foot-Traffic (1h ago)"", ""feature_value"": 11900.0, ""shap_value"": 1.56, ""impact"": 1.56}, {""feature_key"": ""lag_trips_1"", ""feature_name"": ""Recent Transit Trips Count"", ""feature_value"": 24.0, ""shap_value"": 0.44, ""impact"": 0.44}]","[{""feature_key"": ""hour_cos"", ""feature_name"": ""Time of Day (Diurnal Cycle)"", ""feature_value"": -0.97, ""shap_value"": -5.79, ""impact"": -5.79}, {""feature_key"": ""hour_sin"", ""feature_name"": ""Time of Day (Peak Window)"", ""feature_value"": 0.26, ""shap_value"": -2.1, ""impact"": -2.1}, {""feature_key"": ""weather_transit_surge"", ""feature_name"": ""Rainfall Transit Inflow Surge"", ""feature_value"": 0.0, ""shap_value"": -0.76, ""impact"": -0.76}, {""feature_key"": ""transit_weight"", ""feature_name"": ""Transit Commuter Dominance"", ""feature_value"": 0.75, ""shap_value"": -0.75, ""impact"": -0.75}, {""feature_key"": ""roll_mean_6h"", ""feature_name"": ""6-Hour Moving Congestion Trend"", ""feature_value"": 78.58, ""shap_value"": -0.72, ""impact"": -0.72}]",60.24
2512,MAA_T_NAGAR_RANGANATHAN,2026-09-24T12:00:00,2026-09-23T20:00:00,16,55.6,MODERATE,35.5,Hot Summer Spell,15,"[{""feature_key"": ""lag_foot_24"", ""feature_name"": ""Yesterday's Foot-Traffic"", ""feature_value"": 6717.0, ""shap_value"": 2.88, ""impact"": 2.88}, {""feature_key"": ""lag_foot_1"", ""feature_name"": ""Recent Foot-Traffic (1h ago)"", ""feature_value"": 9562.0, ""shap_value"": 0.97, ""impact"": 0.97}, {""feature_key"": ""lag_1"", ""feature_name"": ""Recent Congestion (1h ago)"", ""feature_value"": 68.3, ""shap_value"": 0.71, ""impact"": 0.71}, {""feature_key"": ""temp_c"", ""feature_name"": ""Ambient Temperature"", ""feature_value"": 35.5, ""shap_value"": 0.55, ""impact"": 0.55}, {""feature_key"": ""roll_mean_24h"", ""feature_name"": ""24-Hour Average Baseline"", ""feature_value"": 66.95, ""shap_value"": 0.25, ""impact"": 0.25}]","[{""feature_key"": ""lag_168"", ""feature_name"": ""Same Time Last Week Congestion"", ""feature_value"": 53.8, ""shap_value"": -2.4, ""impact"": -2.4}, {""feature_key"": ""hour_cos"", ""feature_name"": ""Time of Day (Diurnal Cycle)"", ""feature_value"": -1.0, ""shap_value"": -1.71, ""impact"": -1.71}, {""feature_key"": ""hour_sin"", ""feature_name"": ""Time of Day (Peak Window)"", ""feature_value"": 0.0, ""shap_value"": -1.6, ""impact"": -1.6}, {""feature_key"": ""lag_24"", ""feature_name"": ""Yesterday's Same-Hour Congestion"", ""feature_value"": 52.0, ""shap_value"": -1.4, ""impact"": -1.4}, {""feature_key"": ""lag_3"", ""feature_name"": ""Short-term Congestion (3h ago)"", ""feature_value"": 94.6, ""shap_value"": -0.65, ""impact"": -0.65}]",60.24
2513,MAA_T_NAGAR_RANGANATHAN,2026-09-24T13:00:00,2026-09-23T20:00:00,17,59.6,MODERATE,34.2,Sunny & Warm,15,"[{""feature_key"": ""lag_168"", ""feature_name"": ""Same Time Last Week Congestion"", ""feature_value"": 68.3, ""shap_value"": 7.2, ""impact"": 7.2}, {""feature_key"": ""lag_foot_24"", ""feature_name"": ""Yesterday's Foot-Traffic"", ""feature_value"": 7763.0, ""shap_value"": 2.34, ""impact"": 2.34}, {""feature_key"": ""lag_foot_1"", ""feature_name"": ""Recent Foot-Traffic (1h ago)"", ""feature_value"": 7784.0, ""shap_value"": 0.85, ""impact"": 0.85}, {""feature_key"": ""temp_c"", ""feature_name"": ""Ambient Temperature"", ""feature_value"": 34.2, ""shap_value"": 0.66, ""impact"": 0.66}, {""feature_key"": ""feels_like_c"", ""feature_name"": ""Apparent Feels-Like Temperature"", ""feature_value"": 33.0, ""shap_value"": 0.3, ""impact"": 0.3}]","[{""feature_key"": ""lag_1"", ""feature_name"": ""Recent Congestion (1h ago)"", ""feature_value"": 55.6, ""shap_value"": -2.49, ""impact"": -2.49}, {""feature_key"": ""hour_sin"", ""feature_name"": ""Time of Day (Peak Window)"", ""feature_value"": -0.26, ""shap_value"": -2.08, ""impact"": -2.08}, {""feature_key"": ""hour_cos"", ""feature_name"": ""Time of Day (Diurnal Cycle)"", ""feature_value"": -0.97, ""shap_value"": -1.82, ""impact"": -1.82}, {""feature_key"": ""lag_24"", ""feature_name"": ""Yesterday's Same-Hour Congestion"", ""feature_value"": 56.9, ""shap_value"": -1.16, ""impact"": -1.16}, {""feature_key"": ""lag_3"", ""feature_name"": ""Short-term Congestion (3h ago)"", ""feature_value"": 85.0, ""shap_value"": -0.91, ""impact"": -0.91}]",60.24
2514,MAA_T_NAGAR_RANGANATHAN,2026-09-24T14:00:00,2026-09-23T20:00:00,18,67.4,HIGH,35.2,Coastal Sea Breeze,15,"[{""feature_key"": ""lag_168"", ""feature_name"": ""Same Time Last Week Congestion"", ""feature_value"": 66.8, ""shap_value"": 7.47, ""impact"": 7.47}, {""feature_key"": ""lag_foot_24"", ""feature_name"": ""Yesterday's Foot-Traffic"", ""feature_value"": 6929.0, ""shap_value"": 2.55, ""impact"": 2.55}, {""feature_key"": ""lag_foot_1"", ""feature_name"": ""Recent Foot-Traffic (1h ago)"", ""feature_value"": 8344.0, ""shap_value"": 1.05, ""impact"": 1.05}, {""feature_key"": ""temp_c"", ""feature_name"": ""Ambient Temperature"", ""feature_value"": 35.2, ""shap_value"": 0.78, ""impact"": 0.78}, {""feature_key"": ""lag_24"", ""feature_name"": ""Yesterday's Same-Hour Congestion"", ""feature_value"": 68.5, ""shap_value"": 0.54, ""impact"": 0.54}]","[{""feature_key"": ""lag_1"", ""feature_name"": ""Recent Congestion (1h ago)"", ""feature_value"": 59.6, ""shap_value"": -1.98, ""impact"": -1.98}, {""feature_key"": ""hour_sin"", ""feature_name"": ""Time of Day (Peak Window)"", ""feature_value"": -0.5, ""shap_value"": -1.17, ""impact"": -1.17}, {""feature_key"": ""hour_cos"", ""feature_name"": ""Time of Day (Diurnal Cycle)"", ""feature_value"": -0.87, ""shap_value"": -0.7, ""impact"": -0.7}, {""feature_key"": ""weather_transit_surge"", ""feature_name"": ""Rainfall Transit Inflow Surge"", ""feature_value"": 0.0, ""shap_value"": -0.6, ""impact"": -0.6}, {""feature_key"": ""dow_sin"", ""feature_name"": ""Weekly Schedule Cycle"", ""feature_value"": 0.43, ""shap_value"": -0.54, ""impact"": -0.54}]",60.24
2515,MAA_T_NAGAR_RANGANATHAN,2026-09-24T15:00:00,2026-09-23T20:00:00,19,78.4,HIGH,33.7,Coastal Sea Breeze,15,"[{""feature_key"": ""lag_168"", ""feature_name"": ""Same Time Last Week Congestion"", ""feature_value"": 78.1, ""shap_value"": 13.0, ""impact"": 13.0}, {""feature_key"": ""lag_foot_24"", ""feature_name"": ""Yesterday's Foot-Traffic"", ""feature_value"": 8707.0, ""shap_value"": 2.52, ""impact"": 2.52}, {""feature_key"": ""lag_foot_1"", ""feature_name"": ""Recent Foot-Traffic (1h ago)"", ""feature_value"": 9436.0, ""shap_value"": 1.22, ""impact"": 1.22}, {""feature_key"": ""temp_c"", ""feature_name"": ""Ambient Temperature"", ""feature_value"": 33.7, ""shap_value"": 1.12, ""impact"": 1.12}, {""feature_key"": ""lag_3"", ""feature_name"": ""Short-term Congestion (3h ago)"", ""feature_value"": 55.6, ""shap_value"": 0.88, ""impact"": 0.88}]","[{""feature_key"": ""dow_sin"", ""feature_name"": ""Weekly Schedule Cycle"", ""feature_value"": 0.43, ""shap_value"": -0.52, ""impact"": -0.52}, {""feature_key"": ""weather_transit_surge"", ""feature_name"": ""Rainfall Transit Inflow Surge"", ""feature_value"": 0.0, ""shap_value"": -0.5, ""impact"": -0.5}, {""feature_key"": ""hour_sin"", ""feature_name"": ""Time of Day (Peak Window)"", ""feature_value"": -0.71, ""shap_value"": -0.31, ""impact"": -0.31}, {""feature_key"": ""capacity_baseline"", ""feature_name"": ""Station Theoretical Capacity"", ""feature_value"": 14000.0, ""shap_value"": -0.31, ""impact"": -0.31}, {""feature_key"": ""lag_trips_24"", ""feature_name"": ""Yesterday's Scheduled Transit Trips"", ""feature_value"": 15.0, ""shap_value"": -0.26, ""impact"": -0.26}]",60.24
2516,MAA_T_NAGAR_RANGANATHAN,2026-09-24T16:00:00,2026-09-23T20:00:00,20,95.3,SEVERE,33.9,Coastal Sea Breeze,15,"[{""feature_key"": ""lag_168"", ""feature_name"": ""Same Time Last Week Congestion"", ""feature_value"": 98.5, ""shap_value"": 25.54, ""impact"": 25.54}, {""feature_key"": ""lag_foot_24"", ""feature_name"": ""Yesterday's Foot-Traffic"", ""feature_value"": 12087.0, ""shap_value"": 2.5, ""impact"": 2.5}, {""feature_key"": ""hour_sin"", ""feature_name"": ""Time of Day (Peak Window)"", ""feature_value"": -0.87, ""shap_value"": 2.47, ""impact"": 2.47}, {""feature_key"": ""hour_cos"", ""feature_name"": ""Time of Day (Diurnal Cycle)"", ""feature_value"": -0.5, ""shap_value"": 1.42, ""impact"": 1.42}, {""feature_key"": ""lag_foot_1"", ""feature_name"": ""Recent Foot-Traffic (1h ago)"", ""feature_value"": 10976.0, ""shap_value"": 1.18, ""impact"": 1.18}]","[{""feature_key"": ""dow_sin"", ""feature_name"": ""Weekly Schedule Cycle"", ""feature_value"": 0.43, ""shap_value"": -0.4, ""impact"": -0.4}, {""feature_key"": ""weather_transit_surge"", ""feature_name"": ""Rainfall Transit Inflow Surge"", ""feature_value"": 0.0, ""shap_value"": -0.3, ""impact"": -0.3}, {""feature_key"": ""capacity_baseline"", ""feature_name"": ""Station Theoretical Capacity"", ""feature_value"": 14000.0, ""shap_value"": -0.22, ""impact"": -0.22}, {""feature_key"": ""lag_trips_24"", ""feature_name"": ""Yesterday's Scheduled Transit Trips"", ""feature_value"": 15.0, ""shap_value"": -0.2, ""impact"": -0.2}, {""feature_key"": ""humidity_pct"", ""feature_name"": ""Marine Layer / Humidity"", ""feature_value"": 77.0, ""shap_value"": -0.14, ""impact"": -0.14}]",60.24
2517,MAA_T_NAGAR_RANGANATHAN,2026-09-24T17:00:00,2026-09-23T20:00:00,21,98.5,SEVERE,33.4,Coastal Sea Breeze,24,"[{""feature_key"": ""lag_168"", ""feature_name"": ""Same Time Last Week Congestion"", ""feature_value"": 98.5, ""shap_value"": 24.44, ""impact"": 24.44}, {""feature_key"": ""lag_foot_24"", ""feature_name"": ""Yesterday's Foot-Traffic"", ""feature_value"": 24285.0, ""shap_value"": 2.76, ""impact"": 2.76}, {""feature_key"": ""lag_24"", ""feature_name"": ""Yesterday's Same-Hour Congestion"", ""feature_value"": 98.5, ""shap_value"": 2.33, ""impact"": 2.33}, {""feature_key"": ""hour_sin"", ""feature_name"": ""Time of Day (Peak Window)"", ""feature_value"": -0.97, ""shap_value"": 2.3, ""impact"": 2.3}, {""feature_key"": ""lag_1"", ""feature_name"": ""Recent Congestion (1h ago)"", ""feature_value"": 95.3, ""shap_value"": 2.11, ""impact"": 2.11}]","[{""feature_key"": ""dow_sin"", ""feature_name"": ""Weekly Schedule Cycle"", ""feature_value"": 0.43, ""shap_value"": -0.28, ""impact"": -0.28}, {""feature_key"": ""weather_transit_surge"", ""feature_name"": ""Rainfall Transit Inflow Surge"", ""feature_value"": 0.0, ""shap_value"": -0.22, ""impact"": -0.22}, {""feature_key"": ""lag_trips_24"", ""feature_name"": ""Yesterday's Scheduled Transit Trips"", ""feature_value"": 24.0, ""shap_value"": -0.2, ""impact"": -0.2}, {""feature_key"": ""capacity_baseline"", ""feature_name"": ""Station Theoretical Capacity"", ""feature_value"": 14000.0, ""shap_value"": -0.1, ""impact"": -0.1}, {""feature_key"": ""roll_mean_24h"", ""feature_name"": ""24-Hour Average Baseline"", ""feature_value"": 67.73, ""shap_value"": -0.07, ""impact"": -0.07}]",60.24
2518,MAA_T_NAGAR_RANGANATHAN,2026-09-24T18:00:00,2026-09-23T20:00:00,22,98.3,SEVERE,33.0,Sunny & Warm,24,"[{""feature_key"": ""lag_168"", ""feature_name"": ""Same Time Last Week Congestion"", ""feature_value"": 98.5, ""shap_value"": 24.06, ""impact"": 24.06}, {""feature_key"": ""lag_foot_24"", ""feature_name"": ""Yesterday's Foot-Traffic"", ""feature_value"": 21636.0, ""shap_value"": 2.74, ""impact"": 2.74}, {""feature_key"": ""lag_1"", ""feature_name"": ""Recent Congestion (1h ago)"", ""feature_value"": 98.5, ""shap_value"": 2.52, ""impact"": 2.52}, {""feature_key"": ""lag_24"", ""feature_name"": ""Yesterday's Same-Hour Congestion"", ""feature_value"": 98.5, ""shap_value"": 2.35, ""impact"": 2.35}, {""feature_key"": ""hour_sin"", ""feature_name"": ""Time of Day (Peak Window)"", ""feature_value"": -1.0, ""shap_value"": 2.33, ""impact"": 2.33}]","[{""feature_key"": ""dow_sin"", ""feature_name"": ""Weekly Schedule Cycle"", ""feature_value"": 0.43, ""shap_value"": -0.23, ""impact"": -0.23}, {""feature_key"": ""weather_transit_surge"", ""feature_name"": ""Rainfall Transit Inflow Surge"", ""feature_value"": 0.0, ""shap_value"": -0.23, ""impact"": -0.23}, {""feature_key"": ""lag_trips_24"", ""feature_name"": ""Yesterday's Scheduled Transit Trips"", ""feature_value"": 24.0, ""shap_value"": -0.21, ""impact"": -0.21}, {""feature_key"": ""capacity_baseline"", ""feature_name"": ""Station Theoretical Capacity"", ""feature_value"": 14000.0, ""shap_value"": -0.11, ""impact"": -0.11}, {""feature_key"": ""roll_mean_24h"", ""feature_name"": ""24-Hour Average Baseline"", ""feature_value"": 67.73, ""shap_value"": -0.07, ""impact"": -0.07}]",60.24
2519,MAA_T_NAGAR_RANGANATHAN,2026-09-24T19:00:00,2026-09-23T20:00:00,23,98.2,SEVERE,31.6,Sunny & Warm,24,"[{""feature_key"": ""lag_168"", ""feature_name"": ""Same Time Last Week Congestion"", ""feature_value"": 98.5, ""shap_value"": 23.93, ""impact"": 23.93}, {""feature_key"": ""lag_1"", ""feature_name"": ""Recent Congestion (1h ago)"", ""feature_value"": 98.3, ""shap_value"": 2.77, ""impact"": 2.77}, {""feature_key"": ""lag_foot_24"", ""feature_name"": ""Yesterday's Foot-Traffic"", ""feature_value"": 21884.0, ""shap_value"": 2.76, ""impact"": 2.76}, {""feature_key"": ""lag_24"", ""feature_name"": ""Yesterday's Same-Hour Congestion"", ""feature_value"": 98.5, ""shap_value"": 2.4, ""impact"": 2.4}, {""feature_key"": ""hour_sin"", ""feature_name"": ""Time of Day (Peak Window)"", ""feature_value"": -0.97, ""shap_value"": 2.32, ""impact"": 2.32}]","[{""feature_key"": ""lag_3"", ""feature_name"": ""Short-term Congestion (3h ago)"", ""feature_value"": 95.3, ""shap_value"": -0.32, ""impact"": -0.32}, {""feature_key"": ""dow_sin"", ""feature_name"": ""Weekly Schedule Cycle"", ""feature_value"": 0.43, ""shap_value"": -0.27, ""impact"": -0.27}, {""feature_key"": ""weather_transit_surge"", ""feature_name"": ""Rainfall Transit Inflow Surge"", ""feature_value"": 0.0, ""shap_value"": -0.23, ""impact"": -0.23}, {""feature_key"": ""lag_trips_24"", ""feature_name"": ""Yesterday's Scheduled Transit Trips"", ""feature_value"": 24.0, ""shap_value"": -0.22, ""impact"": -0.22}, {""feature_key"": ""roll_mean_6h"", ""feature_name"": ""6-Hour Moving Congestion Trend"", ""feature_value"": 82.92, ""shap_value"": -0.19, ""impact"": -0.19}]",60.24
2520,MAA_T_NAGAR_RANGANATHAN,2026-09-24T20:00:00,2026-09-23T20:00:00,24,97.3,SEVERE,31.2,Sunny & Warm,24,"[{""feature_key"": ""lag_168"", ""feature_name"": ""Same Time Last Week Congestion"", ""feature_value"": 98.5, ""shap_value"": 24.23, ""impact"": 24.23}, {""feature_key"": ""lag_foot_24"", ""feature_name"": ""Yesterday's Foot-Traffic"", ""feature_value"": 15619.0, ""shap_value"": 2.82, ""impact"": 2.82}, {""feature_key"": ""lag_1"", ""feature_name"": ""Recent Congestion (1h ago)"", ""feature_value"": 98.2, ""shap_value"": 2.71, ""impact"": 2.71}, {""feature_key"": ""lag_24"", ""feature_name"": ""Yesterday's Same-Hour Congestion"", ""feature_value"": 98.5, ""shap_value"": 2.35, ""impact"": 2.35}, {""feature_key"": ""hour_sin"", ""feature_name"": ""Time of Day (Peak Window)"", ""feature_value"": -0.87, ""shap_value"": 1.58, ""impact"": 1.58}]","[{""feature_key"": ""lag_3"", ""feature_name"": ""Short-term Congestion (3h ago)"", ""feature_value"": 98.5, ""shap_value"": -0.33, ""impact"": -0.33}, {""feature_key"": ""dow_sin"", ""feature_name"": ""Weekly Schedule Cycle"", ""feature_value"": 0.43, ""shap_value"": -0.32, ""impact"": -0.32}, {""feature_key"": ""lag_trips_24"", ""feature_name"": ""Yesterday's Scheduled Transit Trips"", ""feature_value"": 24.0, ""shap_value"": -0.25, ""impact"": -0.25}, {""feature_key"": ""weather_transit_surge"", ""feature_name"": ""Rainfall Transit Inflow Surge"", ""feature_value"": 0.0, ""shap_value"": -0.25, ""impact"": -0.25}, {""feature_key"": ""roll_mean_6h"", ""feature_name"": ""6-Hour Moving Congestion Trend"", ""feature_value"": 89.35, ""shap_value"": -0.23, ""impact"": -0.23}]",60.24
2521,MAA_T_NAGAR_RANGANATHAN,2026-09-24T21:00:00,2026-09-23T20:00:00,25,73.6,HIGH,27.7,Sunny & Warm,9,"[{""feature_key"": ""lag_168"", ""feature_name"": ""Same Time Last Week Congestion"", ""feature_value"": 84.1, ""shap_value"": 14.36, ""impact"": 14.36}, {""feature_key"": ""lag_1"", ""feature_name"": ""Recent Congestion (1h ago)"", ""feature_value"": 97.3, ""shap_value"": 2.79, ""impact"": 2.79}, {""feature_key"": ""lag_foot_24"", ""feature_name"": ""Yesterday's Foot-Traffic"", ""feature_value"": 11844.0, ""shap_value"": 2.28, ""impact"": 2.28}, {""feature_key"": ""lag_24"", ""feature_name"": ""Yesterday's Same-Hour Congestion"", ""feature_value"": 84.6, ""shap_value"": 1.29, ""impact"": 1.29}, {""feature_key"": ""lag_foot_1"", ""feature_name"": ""Recent Foot-Traffic (1h ago)"", ""feature_value"": 13622.0, ""shap_value"": 1.14, ""impact"": 1.14}]","[{""feature_key"": ""transit_pressure_ratio"", ""feature_name"": ""Transit Demand-to-Supply Ratio"", ""feature_value"": 7.52, ""shap_value"": -2.03, ""impact"": -2.03}, {""feature_key"": ""scheduled_trips"", ""feature_name"": ""Transit Dispatch Frequency"", ""feature_value"": 9.0, ""shap_value"": -1.56, ""impact"": -1.56}, {""feature_key"": ""hour_sin"", ""feature_name"": ""Time of Day (Peak Window)"", ""feature_value"": -0.71, ""shap_value"": -1.55, ""impact"": -1.55}, {""feature_key"": ""feels_like_c"", ""feature_name"": ""Apparent Feels-Like Temperature"", ""feature_value"": 28.0, ""shap_value"": -1.29, ""impact"": -1.29}, {""feature_key"": ""hour_cos"", ""feature_name"": ""Time of Day (Diurnal Cycle)"", ""feature_value"": 0.71, ""shap_value"": -1.2, ""impact"": -1.2}]",60.24
2522,MAA_T_NAGAR_RANGANATHAN,2026-09-24T22:00:00,2026-09-23T20:00:00,26,50.8,MODERATE,27.6,Sunny & Warm,9,"[{""feature_key"": ""lag_foot_24"", ""feature_name"": ""Yesterday's Foot-Traffic"", ""feature_value"": 7518.0, ""shap_value"": 2.41, ""impact"": 2.41}, {""feature_key"": ""lag_1"", ""feature_name"": ""Recent Congestion (1h ago)"", ""feature_value"": 73.6, ""shap_value"": 1.45, ""impact"": 1.45}, {""feature_key"": ""lag_foot_1"", ""feature_name"": ""Recent Foot-Traffic (1h ago)"", ""feature_value"": 10304.0, ""shap_value"": 0.62, ""impact"": 0.62}, {""feature_key"": ""temp_c"", ""feature_name"": ""Ambient Temperature"", ""feature_value"": 27.6, ""shap_value"": 0.36, ""impact"": 0.36}, {""feature_key"": ""tourist_weight"", ""feature_name"": ""Tourist Landmark Dominance"", ""feature_value"": 0.9, ""shap_value"": 0.17, ""impact"": 0.17}]","[{""feature_key"": ""hour_cos"", ""feature_name"": ""Time of Day (Diurnal Cycle)"", ""feature_value"": 0.87, ""shap_value"": -3.4, ""impact"": -3.4}, {""feature_key"": ""lag_168"", ""feature_name"": ""Same Time Last Week Congestion"", ""feature_value"": 59.9, ""shap_value"": -2.3, ""impact"": -2.3}, {""feature_key"": ""hour_sin"", ""feature_name"": ""Time of Day (Peak Window)"", ""feature_value"": -0.5, ""shap_value"": -1.54, ""impact"": -1.54}, {""feature_key"": ""lag_3"", ""feature_name"": ""Short-term Congestion (3h ago)"", ""feature_value"": 98.2, ""shap_value"": -1.27, ""impact"": -1.27}, {""feature_key"": ""lag_24"", ""feature_name"": ""Yesterday's Same-Hour Congestion"", ""feature_value"": 53.7, ""shap_value"": -1.22, ""impact"": -1.22}]",60.24
2523,MAA_T_NAGAR_RANGANATHAN,2026-09-24T23:00:00,2026-09-23T20:00:00,27,29.2,LOW,28.6,Sunny & Warm,9,"[{""feature_key"": ""lag_foot_24"", ""feature_name"": ""Yesterday's Foot-Traffic"", ""feature_value"": 3892.0, ""shap_value"": 0.93, ""impact"": 0.93}, {""feature_key"": ""temp_c"", ""feature_name"": ""Ambient Temperature"", ""feature_value"": 28.6, ""shap_value"": 0.58, ""impact"": 0.58}, {""feature_key"": ""lag_foot_1"", ""feature_name"": ""Recent Foot-Traffic (1h ago)"", ""feature_value"": 7112.0, ""shap_value"": 0.48, ""impact"": 0.48}, {""feature_key"": ""dow_cos"", ""feature_name"": ""Day of Week Alignment"", ""feature_value"": -0.9, ""shap_value"": 0.08, ""impact"": 0.08}, {""feature_key"": ""lag_trips_24"", ""feature_name"": ""Yesterday's Scheduled Transit Trips"", ""feature_value"": 9.0, ""shap_value"": 0.08, ""impact"": 0.08}]","[{""feature_key"": ""lag_168"", ""feature_name"": ""Same Time Last Week Congestion"", ""feature_value"": 28.7, ""shap_value"": -22.58, ""impact"": -22.58}, {""feature_key"": ""hour_cos"", ""feature_name"": ""Time of Day (Diurnal Cycle)"", ""feature_value"": 0.97, ""shap_value"": -2.55, ""impact"": -2.55}, {""feature_key"": ""lag_24"", ""feature_name"": ""Yesterday's Same-Hour Congestion"", ""feature_value"": 27.8, ""shap_value"": -1.51, ""impact"": -1.51}, {""feature_key"": ""lag_1"", ""feature_name"": ""Recent Congestion (1h ago)"", ""feature_value"": 50.8, ""shap_value"": -1.41, ""impact"": -1.41}, {""feature_key"": ""hour_sin"", ""feature_name"": ""Time of Day (Peak Window)"", ""feature_value"": -0.26, ""shap_value"": -1.35, ""impact"": -1.35}]",60.24
2524,MAA_T_NAGAR_RANGANATHAN,2026-09-25T00:00:00,2026-09-23T20:00:00,28,27.8,LOW,27.0,Humid / Overcast,8,"[{""feature_key"": ""lag_foot_24"", ""feature_name"": ""Yesterday's Foot-Traffic"", ""feature_value"": 3598.0, ""shap_value"": 0.68, ""impact"": 0.68}, {""feature_key"": ""lag_trips_24"", ""feature_name"": ""Yesterday's Scheduled Transit Trips"", ""feature_value"": 8.0, ""shap_value"": 0.26, ""impact"": 0.26}, {""feature_key"": ""temp_c"", ""feature_name"": ""Ambient Temperature"", ""feature_value"": 27.0, ""shap_value"": 0.14, ""impact"": 0.14}, {""feature_key"": ""dow_cos"", ""feature_name"": ""Day of Week Alignment"", ""feature_value"": -0.9, ""shap_value"": 0.1, ""impact"": 0.1}, {""feature_key"": ""roll_mean_24h"", ""feature_name"": ""24-Hour Average Baseline"", ""feature_value"": 67.14, ""shap_value"": 0.04, ""impact"": 0.04}]","[{""feature_key"": ""lag_168"", ""feature_name"": ""Same Time Last Week Congestion"", ""feature_value"": 25.9, ""shap_value"": -22.82, ""impact"": -22.82}, {""feature_key"": ""lag_1"", ""feature_name"": ""Recent Congestion (1h ago)"", ""feature_value"": 29.2, ""shap_value"": -2.73, ""impact"": -2.73}, {""feature_key"": ""hour_cos"", ""feature_name"": ""Time of Day (Diurnal Cycle)"", ""feature_value"": 1.0, ""shap_value"": -2.63, ""impact"": -2.63}, {""feature_key"": ""lag_24"", ""feature_name"": ""Yesterday's Same-Hour Congestion"", ""feature_value"": 25.7, ""shap_value"": -1.73, ""impact"": -1.73}, {""feature_key"": ""hour_sin"", ""feature_name"": ""Time of Day (Peak Window)"", ""feature_value"": 0.0, ""shap_value"": -1.14, ""impact"": -1.14}]",60.24
2525,MAA_T_NAGAR_RANGANATHAN,2026-09-25T01:00:00,2026-09-23T20:00:00,29,28.8,LOW,25.2,Humid / Overcast,8,"[{""feature_key"": ""lag_foot_24"", ""feature_name"": ""Yesterday's Foot-Traffic"", ""feature_value"": 3850.0, ""shap_value"": 0.79, ""impact"": 0.79}, {""feature_key"": ""lag_trips_24"", ""feature_name"": ""Yesterday's Scheduled Transit Trips"", ""feature_value"": 8.0, ""shap_value"": 0.28, ""impact"": 0.28}, {""feature_key"": ""lag_3"", ""feature_name"": ""Short-term Congestion (3h ago)"", ""feature_value"": 50.8, ""shap_value"": 0.27, ""impact"": 0.27}, {""feature_key"": ""temp_c"", ""feature_name"": ""Ambient Temperature"", ""feature_value"": 25.2, ""shap_value"": 0.25, ""impact"": 0.25}, {""feature_key"": ""roll_mean_6h"", ""feature_name"": ""6-Hour Moving Congestion Trend"", ""feature_value"": 62.82, ""shap_value"": 0.16, ""impact"": 0.16}]","[{""feature_key"": ""lag_168"", ""feature_name"": ""Same Time Last Week Congestion"", ""feature_value"": 26.0, ""shap_value"": -21.86, ""impact"": -21.86}, {""feature_key"": ""lag_1"", ""feature_name"": ""Recent Congestion (1h ago)"", ""feature_value"": 27.8, ""shap_value"": -2.74, ""impact"": -2.74}, {""feature_key"": ""hour_cos"", ""feature_name"": ""Time of Day (Diurnal Cycle)"", ""feature_value"": 0.97, ""shap_value"": -2.55, ""impact"": -2.55}, {""feature_key"": ""lag_24"", ""feature_name"": ""Yesterday's Same-Hour Congestion"", ""feature_value"": 27.5, ""shap_value"": -1.42, ""impact"": -1.42}, {""feature_key"": ""hour_sin"", ""feature_name"": ""Time of Day (Peak Window)"", ""feature_value"": 0.26, ""shap_value"": -0.97, ""impact"": -0.97}]",60.24
2526,MAA_T_NAGAR_RANGANATHAN,2026-09-25T02:00:00,2026-09-23T20:00:00,30,37.3,MODERATE,25.6,Humid / Overcast,8,"[{""feature_key"": ""lag_foot_24"", ""feature_name"": ""Yesterday's Foot-Traffic"", ""feature_value"": 4340.0, ""shap_value"": 3.14, ""impact"": 3.14}, {""feature_key"": ""lag_3"", ""feature_name"": ""Short-term Congestion (3h ago)"", ""feature_value"": 29.2, ""shap_value"": 0.4, ""impact"": 0.4}, {""feature_key"": ""temp_c"", ""feature_name"": ""Ambient Temperature"", ""feature_value"": 25.6, ""shap_value"": 0.36, ""impact"": 0.36}, {""feature_key"": ""lag_trips_24"", ""feature_name"": ""Yesterday's Scheduled Transit Trips"", ""feature_value"": 8.0, ""shap_value"": 0.3, ""impact"": 0.3}, {""feature_key"": ""roll_mean_6h"", ""feature_name"": ""6-Hour Moving Congestion Trend"", ""feature_value"": 51.25, ""shap_value"": 0.11, ""impact"": 0.11}]","[{""feature_key"": ""lag_168"", ""feature_name"": ""Same Time Last Week Congestion"", ""feature_value"": 36.6, ""shap_value"": -14.21, ""impact"": -14.21}, {""feature_key"": ""lag_1"", ""feature_name"": ""Recent Congestion (1h ago)"", ""feature_value"": 28.8, ""shap_value"": -3.48, ""impact"": -3.48}, {""feature_key"": ""hour_cos"", ""feature_name"": ""Time of Day (Diurnal Cycle)"", ""feature_value"": 0.87, ""shap_value"": -2.27, ""impact"": -2.27}, {""feature_key"": ""lag_24"", ""feature_name"": ""Yesterday's Same-Hour Congestion"", ""feature_value"": 31.0, ""shap_value"": -1.98, ""impact"": -1.98}, {""feature_key"": ""hour_sin"", ""feature_name"": ""Time of Day (Peak Window)"", ""feature_value"": 0.5, ""shap_value"": -1.05, ""impact"": -1.05}]",60.24
2527,MAA_T_NAGAR_RANGANATHAN,2026-09-25T03:00:00,2026-09-23T20:00:00,31,44.2,MODERATE,24.9,Humid / Overcast,8,"[{""feature_key"": ""lag_foot_24"", ""feature_name"": ""Yesterday's Foot-Traffic"", ""feature_value"": 5431.0, ""shap_value"": 3.05, ""impact"": 3.05}, {""feature_key"": ""lag_foot_1"", ""feature_name"": ""Recent Foot-Traffic (1h ago)"", ""feature_value"": 5222.0, ""shap_value"": 0.84, ""impact"": 0.84}, {""feature_key"": ""lag_3"", ""feature_name"": ""Short-term Congestion (3h ago)"", ""feature_value"": 27.8, ""shap_value"": 0.66, ""impact"": 0.66}, {""feature_key"": ""temp_c"", ""feature_name"": ""Ambient Temperature"", ""feature_value"": 24.9, ""shap_value"": 0.5, ""impact"": 0.5}, {""feature_key"": ""lag_trips_24"", ""feature_name"": ""Yesterday's Scheduled Transit Trips"", ""feature_value"": 8.0, ""shap_value"": 0.39, ""impact"": 0.39}]","[{""feature_key"": ""lag_168"", ""feature_name"": ""Same Time Last Week Congestion"", ""feature_value"": 40.2, ""shap_value"": -9.46, ""impact"": -9.46}, {""feature_key"": ""lag_1"", ""feature_name"": ""Recent Congestion (1h ago)"", ""feature_value"": 37.3, ""shap_value"": -3.41, ""impact"": -3.41}, {""feature_key"": ""hour_cos"", ""feature_name"": ""Time of Day (Diurnal Cycle)"", ""feature_value"": 0.71, ""shap_value"": -1.94, ""impact"": -1.94}, {""feature_key"": ""lag_24"", ""feature_name"": ""Yesterday's Same-Hour Congestion"", ""feature_value"": 38.8, ""shap_value"": -1.65, ""impact"": -1.65}, {""feature_key"": ""hour_sin"", ""feature_name"": ""Time of Day (Peak Window)"", ""feature_value"": 0.71, ""shap_value"": -0.98, ""impact"": -0.98}]",60.24
2528,MAA_T_NAGAR_RANGANATHAN,2026-09-25T04:00:00,2026-09-23T20:00:00,32,44.5,MODERATE,26.4,Sunny & Warm,8,"[{""feature_key"": ""lag_foot_24"", ""feature_name"": ""Yesterday's Foot-Traffic"", ""feature_value"": 6496.0, ""shap_value"": 3.03, ""impact"": 3.03}, {""feature_key"": ""lag_foot_1"", ""feature_name"": ""Recent Foot-Traffic (1h ago)"", ""feature_value"": 6188.0, ""shap_value"": 0.83, ""impact"": 0.83}, {""feature_key"": ""temp_c"", ""feature_name"": ""Ambient Temperature"", ""feature_value"": 26.4, ""shap_value"": 0.7, ""impact"": 0.7}, {""feature_key"": ""lag_3"", ""feature_name"": ""Short-term Congestion (3h ago)"", ""feature_value"": 28.8, ""shap_value"": 0.65, ""impact"": 0.65}, {""feature_key"": ""lag_trips_24"", ""feature_name"": ""Yesterday's Scheduled Transit Trips"", ""feature_value"": 8.0, ""shap_value"": 0.42, ""impact"": 0.42}]","[{""feature_key"": ""lag_168"", ""feature_name"": ""Same Time Last Week Congestion"", ""feature_value"": 40.1, ""shap_value"": -9.91, ""impact"": -9.91}, {""feature_key"": ""lag_1"", ""feature_name"": ""Recent Congestion (1h ago)"", ""feature_value"": 44.2, ""shap_value"": -2.95, ""impact"": -2.95}, {""feature_key"": ""lag_24"", ""feature_name"": ""Yesterday's Same-Hour Congestion"", ""feature_value"": 46.4, ""shap_value"": -1.67, ""impact"": -1.67}, {""feature_key"": ""hour_cos"", ""feature_name"": ""Time of Day (Diurnal Cycle)"", ""feature_value"": 0.5, ""shap_value"": -1.5, ""impact"": -1.5}, {""feature_key"": ""hour_sin"", ""feature_name"": ""Time of Day (Peak Window)"", ""feature_value"": 0.87, ""shap_value"": -1.03, ""impact"": -1.03}]",60.24
2529,MAA_T_NAGAR_RANGANATHAN,2026-09-25T05:00:00,2026-09-23T20:00:00,33,62.2,HIGH,27.4,Monsoon Downpour,9,"[{""feature_key"": ""lag_foot_24"", ""feature_name"": ""Yesterday's Foot-Traffic"", ""feature_value"": 6860.0, ""shap_value"": 3.82, ""impact"": 3.82}, {""feature_key"": ""precip_mm"", ""feature_name"": ""Rainfall Intensity"", ""feature_value"": 7.81, ""shap_value"": 3.7, ""impact"": 3.7}, {""feature_key"": ""weather_transit_surge"", ""feature_name"": ""Rainfall Transit Inflow Surge"", ""feature_value"": 1.2, ""shap_value"": 2.87, ""impact"": 2.87}, {""feature_key"": ""hour_sin"", ""feature_name"": ""Time of Day (Peak Window)"", ""feature_value"": 0.97, ""shap_value"": 1.22, ""impact"": 1.22}, {""feature_key"": ""lag_foot_1"", ""feature_name"": ""Recent Foot-Traffic (1h ago)"", ""feature_value"": 6230.0, ""shap_value"": 0.9, ""impact"": 0.9}]","[{""feature_key"": ""lag_168"", ""feature_name"": ""Same Time Last Week Congestion"", ""feature_value"": 44.5, ""shap_value"": -7.33, ""impact"": -7.33}, {""feature_key"": ""lag_1"", ""feature_name"": ""Recent Congestion (1h ago)"", ""feature_value"": 44.5, ""shap_value"": -2.48, ""impact"": -2.48}, {""feature_key"": ""lag_24"", ""feature_name"": ""Yesterday's Same-Hour Congestion"", ""feature_value"": 49.0, ""shap_value"": -1.19, ""impact"": -1.19}, {""feature_key"": ""hour_cos"", ""feature_name"": ""Time of Day (Diurnal Cycle)"", ""feature_value"": 0.26, ""shap_value"": -0.95, ""impact"": -0.95}, {""feature_key"": ""scheduled_trips"", ""feature_name"": ""Transit Dispatch Frequency"", ""feature_value"": 9.0, ""shap_value"": -0.73, ""impact"": -0.73}]",60.24
2530,MAA_T_NAGAR_RANGANATHAN,2026-09-25T06:00:00,2026-09-23T20:00:00,34,71.0,HIGH,28.5,Monsoon Downpour,9,"[{""feature_key"": ""weather_transit_surge"", ""feature_name"": ""Rainfall Transit Inflow Surge"", ""feature_value"": 1.2, ""shap_value"": 3.93, ""impact"": 3.93}, {""feature_key"": ""lag_foot_24"", ""feature_name"": ""Yesterday's Foot-Traffic"", ""feature_value"": 9240.0, ""shap_value"": 2.92, ""impact"": 2.92}, {""feature_key"": ""precip_mm"", ""feature_name"": ""Rainfall Intensity"", ""feature_value"": 6.03, ""shap_value"": 2.36, ""impact"": 2.36}, {""feature_key"": ""temp_c"", ""feature_name"": ""Ambient Temperature"", ""feature_value"": 28.5, ""shap_value"": 1.51, ""impact"": 1.51}, {""feature_key"": ""lag_foot_1"", ""feature_name"": ""Recent Foot-Traffic (1h ago)"", ""feature_value"": 8708.0, ""shap_value"": 1.19, ""impact"": 1.19}]","[{""feature_key"": ""lag_168"", ""feature_name"": ""Same Time Last Week Congestion"", ""feature_value"": 53.9, ""shap_value"": -2.19, ""impact"": -2.19}, {""feature_key"": ""lag_1"", ""feature_name"": ""Recent Congestion (1h ago)"", ""feature_value"": 62.2, ""shap_value"": -0.79, ""impact"": -0.79}, {""feature_key"": ""scheduled_trips"", ""feature_name"": ""Transit Dispatch Frequency"", ""feature_value"": 9.0, ""shap_value"": -0.72, ""impact"": -0.72}, {""feature_key"": ""transit_pressure_ratio"", ""feature_name"": ""Transit Demand-to-Supply Ratio"", ""feature_value"": 7.58, ""shap_value"": -0.67, ""impact"": -0.67}, {""feature_key"": ""capacity_baseline"", ""feature_name"": ""Station Theoretical Capacity"", ""feature_value"": 14000.0, ""shap_value"": -0.35, ""impact"": -0.35}]",60.24
2531,MAA_T_NAGAR_RANGANATHAN,2026-09-25T07:00:00,2026-09-23T20:00:00,35,88.3,SEVERE,29.1,Monsoon Downpour,9,"[{""feature_key"": ""lag_168"", ""feature_name"": ""Same Time Last Week Congestion"", ""feature_value"": 89.8, ""shap_value"": 17.67, ""impact"": 17.67}, {""feature_key"": ""weather_transit_surge"", ""feature_name"": ""Rainfall Transit Inflow Surge"", ""feature_value"": 1.2, ""shap_value"": 3.12, ""impact"": 3.12}, {""feature_key"": ""lag_foot_24"", ""feature_name"": ""Yesterday's Foot-Traffic"", ""feature_value"": 11956.0, ""shap_value"": 2.32, ""impact"": 2.32}, {""feature_key"": ""hour_cos"", ""feature_name"": ""Time of Day (Diurnal Cycle)"", ""feature_value"": -0.26, ""shap_value"": 1.39, ""impact"": 1.39}, {""feature_key"": ""lag_foot_1"", ""feature_name"": ""Recent Foot-Traffic (1h ago)"", ""feature_value"": 9940.0, ""shap_value"": 1.24, ""impact"": 1.24}]","[{""feature_key"": ""transit_pressure_ratio"", ""feature_name"": ""Transit Demand-to-Supply Ratio"", ""feature_value"": 7.61, ""shap_value"": -1.36, ""impact"": -1.36}, {""feature_key"": ""scheduled_trips"", ""feature_name"": ""Transit Dispatch Frequency"", ""feature_value"": 9.0, ""shap_value"": -0.92, ""impact"": -0.92}, {""feature_key"": ""weather_tourism_suppression"", ""feature_name"": ""Weather Tourist Dampening Index"", ""feature_value"": 1.62, ""shap_value"": -0.48, ""impact"": -0.48}, {""feature_key"": ""capacity_baseline"", ""feature_name"": ""Station Theoretical Capacity"", ""feature_value"": 14000.0, ""shap_value"": -0.46, ""impact"": -0.46}, {""feature_key"": ""transit_weight"", ""feature_name"": ""Transit Commuter Dominance"", ""feature_value"": 0.75, ""shap_value"": -0.1, ""impact"": -0.1}]",60.24
2532,MAA_T_NAGAR_RANGANATHAN,2026-09-25T08:00:00,2026-09-23T20:00:00,36,99.0,SEVERE,30.8,Monsoon Downpour,24,"[{""feature_key"": ""lag_168"", ""feature_name"": ""Same Time Last Week Congestion"", ""feature_value"": 77.9, ""shap_value"": 16.27, ""impact"": 16.27}, {""feature_key"": ""weather_transit_surge"", ""feature_name"": ""Rainfall Transit Inflow Surge"", ""feature_value"": 1.2, ""shap_value"": 5.87, ""impact"": 5.87}, {""feature_key"": ""lag_foot_24"", ""feature_name"": ""Yesterday's Foot-Traffic"", ""feature_value"": 12810.0, ""shap_value"": 2.84, ""impact"": 2.84}, {""feature_key"": ""lag_1"", ""feature_name"": ""Recent Congestion (1h ago)"", ""feature_value"": 88.3, ""shap_value"": 2.63, ""impact"": 2.63}, {""feature_key"": ""hour_sin"", ""feature_name"": ""Time of Day (Peak Window)"", ""feature_value"": 0.87, ""shap_value"": 2.05, ""impact"": 2.05}]","[{""feature_key"": ""lag_trips_24"", ""feature_name"": ""Yesterday's Scheduled Transit Trips"", ""feature_value"": 24.0, ""shap_value"": -0.27, ""impact"": -0.27}, {""feature_key"": ""capacity_baseline"", ""feature_name"": ""Station Theoretical Capacity"", ""feature_value"": 14000.0, ""shap_value"": -0.14, ""impact"": -0.14}, {""feature_key"": ""humidity_pct"", ""feature_name"": ""Marine Layer / Humidity"", ""feature_value"": 80.0, ""shap_value"": -0.13, ""impact"": -0.13}, {""feature_key"": ""lag_trips_1"", ""feature_name"": ""Recent Transit Trips Count"", ""feature_value"": 9.0, ""shap_value"": -0.09, ""impact"": -0.09}, {""feature_key"": ""roll_mean_24h"", ""feature_name"": ""24-Hour Average Baseline"", ""feature_value"": 68.57, ""shap_value"": -0.07, ""impact"": -0.07}]",60.24
2533,MAA_T_NAGAR_RANGANATHAN,2026-09-25T09:00:00,2026-09-23T20:00:00,37,96.0,SEVERE,31.7,Monsoon Downpour,24,"[{""feature_key"": ""lag_168"", ""feature_name"": ""Same Time Last Week Congestion"", ""feature_value"": 83.7, ""shap_value"": 16.92, ""impact"": 16.92}, {""feature_key"": ""weather_transit_surge"", ""feature_name"": ""Rainfall Transit Inflow Surge"", ""feature_value"": 1.2, ""shap_value"": 4.19, ""impact"": 4.19}, {""feature_key"": ""lag_1"", ""feature_name"": ""Recent Congestion (1h ago)"", ""feature_value"": 99.0, ""shap_value"": 3.3, ""impact"": 3.3}, {""feature_key"": ""lag_foot_24"", ""feature_name"": ""Yesterday's Foot-Traffic"", ""feature_value"": 13244.0, ""shap_value"": 2.78, ""impact"": 2.78}, {""feature_key"": ""lag_foot_1"", ""feature_name"": ""Recent Foot-Traffic (1h ago)"", ""feature_value"": 13860.0, ""shap_value"": 1.94, ""impact"": 1.94}]","[{""feature_key"": ""roll_mean_6h"", ""feature_name"": ""6-Hour Moving Congestion Trend"", ""feature_value"": 68.2, ""shap_value"": -0.19, ""impact"": -0.19}, {""feature_key"": ""lag_trips_24"", ""feature_name"": ""Yesterday's Scheduled Transit Trips"", ""feature_value"": 24.0, ""shap_value"": -0.17, ""impact"": -0.17}, {""feature_key"": ""weather_tourism_suppression"", ""feature_name"": ""Weather Tourist Dampening Index"", ""feature_value"": 1.62, ""shap_value"": -0.15, ""impact"": -0.15}, {""feature_key"": ""dow_sin"", ""feature_name"": ""Weekly Schedule Cycle"", ""feature_value"": -0.43, ""shap_value"": -0.12, ""impact"": -0.12}, {""feature_key"": ""capacity_baseline"", ""feature_name"": ""Station Theoretical Capacity"", ""feature_value"": 14000.0, ""shap_value"": -0.12, ""impact"": -0.12}]",60.24
2534,MAA_T_NAGAR_RANGANATHAN,2026-09-25T10:00:00,2026-09-23T20:00:00,38,94.2,SEVERE,31.3,Monsoon Downpour,24,"[{""feature_key"": ""lag_168"", ""feature_name"": ""Same Time Last Week Congestion"", ""feature_value"": 81.4, ""shap_value"": 15.6, ""impact"": 15.6}, {""feature_key"": ""weather_transit_surge"", ""feature_name"": ""Rainfall Transit Inflow Surge"", ""feature_value"": 1.2, ""shap_value"": 5.2, ""impact"": 5.2}, {""feature_key"": ""lag_1"", ""feature_name"": ""Recent Congestion (1h ago)"", ""feature_value"": 96.0, ""shap_value"": 3.22, ""impact"": 3.22}, {""feature_key"": ""lag_foot_24"", ""feature_name"": ""Yesterday's Foot-Traffic"", ""feature_value"": 11900.0, ""shap_value"": 2.57, ""impact"": 2.57}, {""feature_key"": ""lag_foot_1"", ""feature_name"": ""Recent Foot-Traffic (1h ago)"", ""feature_value"": 13440.0, ""shap_value"": 1.98, ""impact"": 1.98}]","[{""feature_key"": ""roll_mean_6h"", ""feature_name"": ""6-Hour Moving Congestion Trend"", ""feature_value"": 76.83, ""shap_value"": -0.51, ""impact"": -0.51}, {""feature_key"": ""lag_3"", ""feature_name"": ""Short-term Congestion (3h ago)"", ""feature_value"": 88.3, ""shap_value"": -0.41, ""impact"": -0.41}, {""feature_key"": ""capacity_baseline"", ""feature_name"": ""Station Theoretical Capacity"", ""feature_value"": 14000.0, ""shap_value"": -0.3, ""impact"": -0.3}, {""feature_key"": ""hour_cos"", ""feature_name"": ""Time of Day (Diurnal Cycle)"", ""feature_value"": -0.87, ""shap_value"": -0.29, ""impact"": -0.29}, {""feature_key"": ""lag_trips_24"", ""feature_name"": ""Yesterday's Scheduled Transit Trips"", ""feature_value"": 24.0, ""shap_value"": -0.27, ""impact"": -0.27}]",60.24
2535,MAA_T_NAGAR_RANGANATHAN,2026-09-25T11:00:00,2026-09-23T20:00:00,39,71.0,HIGH,33.2,Sunny & Warm,15,"[{""feature_key"": ""lag_168"", ""feature_name"": ""Same Time Last Week Congestion"", ""feature_value"": 85.0, ""shap_value"": 13.9, ""impact"": 13.9}, {""feature_key"": ""lag_1"", ""feature_name"": ""Recent Congestion (1h ago)"", ""feature_value"": 94.2, ""shap_value"": 2.72, ""impact"": 2.72}, {""feature_key"": ""lag_foot_24"", ""feature_name"": ""Yesterday's Foot-Traffic"", ""feature_value"": 9562.0, ""shap_value"": 2.29, ""impact"": 2.29}, {""feature_key"": ""lag_foot_1"", ""feature_name"": ""Recent Foot-Traffic (1h ago)"", ""feature_value"": 13188.0, ""shap_value"": 1.64, ""impact"": 1.64}, {""feature_key"": ""lag_trips_1"", ""feature_name"": ""Recent Transit Trips Count"", ""feature_value"": 24.0, ""shap_value"": 0.45, ""impact"": 0.45}]","[{""feature_key"": ""hour_cos"", ""feature_name"": ""Time of Day (Diurnal Cycle)"", ""feature_value"": -0.97, ""shap_value"": -3.67, ""impact"": -3.67}, {""feature_key"": ""hour_sin"", ""feature_name"": ""Time of Day (Peak Window)"", ""feature_value"": 0.26, ""shap_value"": -1.89, ""impact"": -1.89}, {""feature_key"": ""weather_transit_surge"", ""feature_name"": ""Rainfall Transit Inflow Surge"", ""feature_value"": 0.0, ""shap_value"": -0.82, ""impact"": -0.82}, {""feature_key"": ""lag_3"", ""feature_name"": ""Short-term Congestion (3h ago)"", ""feature_value"": 99.0, ""shap_value"": -0.73, ""impact"": -0.73}, {""feature_key"": ""transit_weight"", ""feature_name"": ""Transit Commuter Dominance"", ""feature_value"": 0.75, ""shap_value"": -0.72, ""impact"": -0.72}]",60.24
2536,MAA_T_NAGAR_RANGANATHAN,2026-09-25T12:00:00,2026-09-23T20:00:00,40,56.1,MODERATE,34.1,Sunny & Warm,15,"[{""feature_key"": ""lag_foot_24"", ""feature_name"": ""Yesterday's Foot-Traffic"", ""feature_value"": 7784.0, ""shap_value"": 2.71, ""impact"": 2.71}, {""feature_key"": ""lag_1"", ""feature_name"": ""Recent Congestion (1h ago)"", ""feature_value"": 71.0, ""shap_value"": 1.12, ""impact"": 1.12}, {""feature_key"": ""lag_foot_1"", ""feature_name"": ""Recent Foot-Traffic (1h ago)"", ""feature_value"": 9940.0, ""shap_value"": 1.02, ""impact"": 1.02}, {""feature_key"": ""roll_mean_24h"", ""feature_name"": ""24-Hour Average Baseline"", ""feature_value"": 69.44, ""shap_value"": 0.33, ""impact"": 0.33}, {""feature_key"": ""lag_trips_1"", ""feature_name"": ""Recent Transit Trips Count"", ""feature_value"": 15.0, ""shap_value"": 0.27, ""impact"": 0.27}]","[{""feature_key"": ""lag_168"", ""feature_name"": ""Same Time Last Week Congestion"", ""feature_value"": 51.2, ""shap_value"": -3.13, ""impact"": -3.13}, {""feature_key"": ""hour_cos"", ""feature_name"": ""Time of Day (Diurnal Cycle)"", ""feature_value"": -1.0, ""shap_value"": -1.69, ""impact"": -1.69}, {""feature_key"": ""hour_sin"", ""feature_name"": ""Time of Day (Peak Window)"", ""feature_value"": 0.0, ""shap_value"": -1.61, ""impact"": -1.61}, {""feature_key"": ""lag_3"", ""feature_name"": ""Short-term Congestion (3h ago)"", ""feature_value"": 96.0, ""shap_value"": -0.85, ""impact"": -0.85}, {""feature_key"": ""weather_transit_surge"", ""feature_name"": ""Rainfall Transit Inflow Surge"", ""feature_value"": 0.0, ""shap_value"": -0.46, ""impact"": -0.46}]",60.24
2537,MAA_T_NAGAR_RANGANATHAN,2026-09-25T13:00:00,2026-09-23T20:00:00,41,57.1,MODERATE,34.0,Sunny & Warm,15,"[{""feature_key"": ""lag_foot_24"", ""feature_name"": ""Yesterday's Foot-Traffic"", ""feature_value"": 8344.0, ""shap_value"": 2.75, ""impact"": 2.75}, {""feature_key"": ""lag_foot_1"", ""feature_name"": ""Recent Foot-Traffic (1h ago)"", ""feature_value"": 7854.0, ""shap_value"": 0.95, ""impact"": 0.95}, {""feature_key"": ""temp_c"", ""feature_name"": ""Ambient Temperature"", ""feature_value"": 34.0, ""shap_value"": 0.38, ""impact"": 0.38}, {""feature_key"": ""humidity_pct"", ""feature_name"": ""Marine Layer / Humidity"", ""feature_value"": 57.0, ""shap_value"": 0.34, ""impact"": 0.34}, {""feature_key"": ""lag_trips_1"", ""feature_name"": ""Recent Transit Trips Count"", ""feature_value"": 15.0, ""shap_value"": 0.16, ""impact"": 0.16}]","[{""feature_key"": ""hour_sin"", ""feature_name"": ""Time of Day (Peak Window)"", ""feature_value"": -0.26, ""shap_value"": -1.76, ""impact"": -1.76}, {""feature_key"": ""lag_1"", ""feature_name"": ""Recent Congestion (1h ago)"", ""feature_value"": 56.1, ""shap_value"": -1.4, ""impact"": -1.4}, {""feature_key"": ""hour_cos"", ""feature_name"": ""Time of Day (Diurnal Cycle)"", ""feature_value"": -0.97, ""shap_value"": -1.27, ""impact"": -1.27}, {""feature_key"": ""lag_3"", ""feature_name"": ""Short-term Congestion (3h ago)"", ""feature_value"": 94.2, ""shap_value"": -0.8, ""impact"": -0.8}, {""feature_key"": ""weather_transit_surge"", ""feature_name"": ""Rainfall Transit Inflow Surge"", ""feature_value"": 0.0, ""shap_value"": -0.55, ""impact"": -0.55}]",60.24
2538,MAA_T_NAGAR_RANGANATHAN,2026-09-25T14:00:00,2026-09-23T20:00:00,42,73.9,HIGH,33.6,Monsoon Downpour,15,"[{""feature_key"": ""lag_168"", ""feature_name"": ""Same Time Last Week Congestion"", ""feature_value"": 68.3, ""shap_value"": 9.68, ""impact"": 9.68}, {""feature_key"": ""weather_transit_surge"", ""feature_name"": ""Rainfall Transit Inflow Surge"", ""feature_value"": 1.2, ""shap_value"": 4.55, ""impact"": 4.55}, {""feature_key"": ""lag_foot_24"", ""feature_name"": ""Yesterday's Foot-Traffic"", ""feature_value"": 9436.0, ""shap_value"": 2.37, ""impact"": 2.37}, {""feature_key"": ""precip_mm"", ""feature_name"": ""Rainfall Intensity"", ""feature_value"": 6.56, ""shap_value"": 1.58, ""impact"": 1.58}, {""feature_key"": ""lag_foot_1"", ""feature_name"": ""Recent Foot-Traffic (1h ago)"", ""feature_value"": 7994.0, ""shap_value"": 1.2, ""impact"": 1.2}]","[{""feature_key"": ""lag_1"", ""feature_name"": ""Recent Congestion (1h ago)"", ""feature_value"": 57.1, ""shap_value"": -2.24, ""impact"": -2.24}, {""feature_key"": ""hour_sin"", ""feature_name"": ""Time of Day (Peak Window)"", ""feature_value"": -0.5, ""shap_value"": -1.57, ""impact"": -1.57}, {""feature_key"": ""hour_cos"", ""feature_name"": ""Time of Day (Diurnal Cycle)"", ""feature_value"": -0.87, ""shap_value"": -0.71, ""impact"": -0.71}, {""feature_key"": ""dow_sin"", ""feature_name"": ""Weekly Schedule Cycle"", ""feature_value"": -0.43, ""shap_value"": -0.7, ""impact"": -0.7}, {""feature_key"": ""capacity_baseline"", ""feature_name"": ""Station Theoretical Capacity"", ""feature_value"": 14000.0, ""shap_value"": -0.36, ""impact"": -0.36}]",60.24
2539,MAA_T_NAGAR_RANGANATHAN,2026-09-25T15:00:00,2026-09-23T20:00:00,43,81.8,SEVERE,34.1,Monsoon Downpour,15,"[{""feature_key"": ""lag_168"", ""feature_name"": ""Same Time Last Week Congestion"", ""feature_value"": 82.3, ""shap_value"": 14.93, ""impact"": 14.93}, {""feature_key"": ""weather_transit_surge"", ""feature_name"": ""Rainfall Transit Inflow Surge"", ""feature_value"": 1.2, ""shap_value"": 2.55, ""impact"": 2.55}, {""feature_key"": ""lag_foot_24"", ""feature_name"": ""Yesterday's Foot-Traffic"", ""feature_value"": 10976.0, ""shap_value"": 2.35, ""impact"": 2.35}, {""feature_key"": ""lag_foot_1"", ""feature_name"": ""Recent Foot-Traffic (1h ago)"", ""feature_value"": 10346.0, ""shap_value"": 1.14, ""impact"": 1.14}, {""feature_key"": ""hour_cos"", ""feature_name"": ""Time of Day (Diurnal Cycle)"", ""feature_value"": -0.71, ""shap_value"": 1.07, ""impact"": 1.07}]","[{""feature_key"": ""hour_sin"", ""feature_name"": ""Time of Day (Peak Window)"", ""feature_value"": -0.71, ""shap_value"": -1.21, ""impact"": -1.21}, {""feature_key"": ""dow_sin"", ""feature_name"": ""Weekly Schedule Cycle"", ""feature_value"": -0.43, ""shap_value"": -0.72, ""impact"": -0.72}, {""feature_key"": ""transit_pressure_ratio"", ""feature_name"": ""Transit Demand-to-Supply Ratio"", ""feature_value"": 4.64, ""shap_value"": -0.64, ""impact"": -0.64}, {""feature_key"": ""capacity_baseline"", ""feature_name"": ""Station Theoretical Capacity"", ""feature_value"": 14000.0, ""shap_value"": -0.35, ""impact"": -0.35}, {""feature_key"": ""scheduled_trips"", ""feature_name"": ""Transit Dispatch Frequency"", ""feature_value"": 15.0, ""shap_value"": -0.33, ""impact"": -0.33}]",60.24
2540,MAA_T_NAGAR_RANGANATHAN,2026-09-25T16:00:00,2026-09-23T20:00:00,44,94.1,SEVERE,33.2,Monsoon Downpour,15,"[{""feature_key"": ""lag_168"", ""feature_name"": ""Same Time Last Week Congestion"", ""feature_value"": 98.5, ""shap_value"": 23.39, ""impact"": 23.39}, {""feature_key"": ""lag_foot_24"", ""feature_name"": ""Yesterday's Foot-Traffic"", ""feature_value"": 13342.0, ""shap_value"": 2.68, ""impact"": 2.68}, {""feature_key"": ""lag_24"", ""feature_name"": ""Yesterday's Same-Hour Congestion"", ""feature_value"": 95.3, ""shap_value"": 1.75, ""impact"": 1.75}, {""feature_key"": ""hour_cos"", ""feature_name"": ""Time of Day (Diurnal Cycle)"", ""feature_value"": -0.5, ""shap_value"": 1.47, ""impact"": 1.47}, {""feature_key"": ""lag_1"", ""feature_name"": ""Recent Congestion (1h ago)"", ""feature_value"": 81.8, ""shap_value"": 1.33, ""impact"": 1.33}]","[{""feature_key"": ""weather_tourism_suppression"", ""feature_name"": ""Weather Tourist Dampening Index"", ""feature_value"": 1.62, ""shap_value"": -0.64, ""impact"": -0.64}, {""feature_key"": ""precip_mm"", ""feature_name"": ""Rainfall Intensity"", ""feature_value"": 8.45, ""shap_value"": -0.32, ""impact"": -0.32}, {""feature_key"": ""dow_sin"", ""feature_name"": ""Weekly Schedule Cycle"", ""feature_value"": -0.43, ""shap_value"": -0.3, ""impact"": -0.3}, {""feature_key"": ""transit_pressure_ratio"", ""feature_name"": ""Transit Demand-to-Supply Ratio"", ""feature_value"": 4.65, ""shap_value"": -0.19, ""impact"": -0.19}, {""feature_key"": ""capacity_baseline"", ""feature_name"": ""Station Theoretical Capacity"", ""feature_value"": 14000.0, ""shap_value"": -0.17, ""impact"": -0.17}]",60.24
2541,MAA_T_NAGAR_RANGANATHAN,2026-09-25T17:00:00,2026-09-23T20:00:00,45,98.0,SEVERE,33.7,Thunderstorm / Rain,24,"[{""feature_key"": ""lag_168"", ""feature_name"": ""Same Time Last Week Congestion"", ""feature_value"": 98.5, ""shap_value"": 22.91, ""impact"": 22.91}, {""feature_key"": ""lag_foot_24"", ""feature_name"": ""Yesterday's Foot-Traffic"", ""feature_value"": 13790.0, ""shap_value"": 2.65, ""impact"": 2.65}, {""feature_key"": ""lag_1"", ""feature_name"": ""Recent Congestion (1h ago)"", ""feature_value"": 94.1, ""shap_value"": 2.06, ""impact"": 2.06}, {""feature_key"": ""lag_24"", ""feature_name"": ""Yesterday's Same-Hour Congestion"", ""feature_value"": 98.5, ""shap_value"": 2.0, ""impact"": 2.0}, {""feature_key"": ""hour_sin"", ""feature_name"": ""Time of Day (Peak Window)"", ""feature_value"": -0.97, ""shap_value"": 1.64, ""impact"": 1.64}]","[{""feature_key"": ""weather_tourism_suppression"", ""feature_name"": ""Weather Tourist Dampening Index"", ""feature_value"": 1.62, ""shap_value"": -0.54, ""impact"": -0.54}, {""feature_key"": ""dow_sin"", ""feature_name"": ""Weekly Schedule Cycle"", ""feature_value"": -0.43, ""shap_value"": -0.25, ""impact"": -0.25}, {""feature_key"": ""lag_trips_24"", ""feature_name"": ""Yesterday's Scheduled Transit Trips"", ""feature_value"": 24.0, ""shap_value"": -0.16, ""impact"": -0.16}, {""feature_key"": ""capacity_baseline"", ""feature_name"": ""Station Theoretical Capacity"", ""feature_value"": 14000.0, ""shap_value"": -0.07, ""impact"": -0.07}, {""feature_key"": ""feels_like_c"", ""feature_name"": ""Apparent Feels-Like Temperature"", ""feature_value"": 32.1, ""shap_value"": -0.05, ""impact"": -0.05}]",60.24
2542,MAA_T_NAGAR_RANGANATHAN,2026-09-25T18:00:00,2026-09-23T20:00:00,46,98.0,SEVERE,32.6,Monsoon Downpour,24,"[{""feature_key"": ""lag_168"", ""feature_name"": ""Same Time Last Week Congestion"", ""feature_value"": 98.5, ""shap_value"": 22.6, ""impact"": 22.6}, {""feature_key"": ""lag_foot_24"", ""feature_name"": ""Yesterday's Foot-Traffic"", ""feature_value"": 13762.0, ""shap_value"": 2.7, ""impact"": 2.7}, {""feature_key"": ""lag_1"", ""feature_name"": ""Recent Congestion (1h ago)"", ""feature_value"": 98.0, ""shap_value"": 2.39, ""impact"": 2.39}, {""feature_key"": ""lag_24"", ""feature_name"": ""Yesterday's Same-Hour Congestion"", ""feature_value"": 98.3, ""shap_value"": 2.02, ""impact"": 2.02}, {""feature_key"": ""hour_sin"", ""feature_name"": ""Time of Day (Peak Window)"", ""feature_value"": -1.0, ""shap_value"": 1.68, ""impact"": 1.68}]","[{""feature_key"": ""weather_tourism_suppression"", ""feature_name"": ""Weather Tourist Dampening Index"", ""feature_value"": 1.62, ""shap_value"": -0.5, ""impact"": -0.5}, {""feature_key"": ""dow_sin"", ""feature_name"": ""Weekly Schedule Cycle"", ""feature_value"": -0.43, ""shap_value"": -0.25, ""impact"": -0.25}, {""feature_key"": ""lag_trips_24"", ""feature_name"": ""Yesterday's Scheduled Transit Trips"", ""feature_value"": 24.0, ""shap_value"": -0.18, ""impact"": -0.18}, {""feature_key"": ""roll_mean_6h"", ""feature_name"": ""6-Hour Moving Congestion Trend"", ""feature_value"": 76.83, ""shap_value"": -0.14, ""impact"": -0.14}, {""feature_key"": ""lag_3"", ""feature_name"": ""Short-term Congestion (3h ago)"", ""feature_value"": 81.8, ""shap_value"": -0.12, ""impact"": -0.12}]",60.24
2543,MAA_T_NAGAR_RANGANATHAN,2026-09-25T19:00:00,2026-09-23T20:00:00,47,97.6,SEVERE,31.3,Monsoon Downpour,24,"[{""feature_key"": ""lag_168"", ""feature_name"": ""Same Time Last Week Congestion"", ""feature_value"": 98.5, ""shap_value"": 22.83, ""impact"": 22.83}, {""feature_key"": ""lag_1"", ""feature_name"": ""Recent Congestion (1h ago)"", ""feature_value"": 98.0, ""shap_value"": 2.83, ""impact"": 2.83}, {""feature_key"": ""lag_foot_24"", ""feature_name"": ""Yesterday's Foot-Traffic"", ""feature_value"": 13748.0, ""shap_value"": 2.7, ""impact"": 2.7}, {""feature_key"": ""lag_24"", ""feature_name"": ""Yesterday's Same-Hour Congestion"", ""feature_value"": 98.2, ""shap_value"": 2.03, ""impact"": 2.03}, {""feature_key"": ""weather_transit_surge"", ""feature_name"": ""Rainfall Transit Inflow Surge"", ""feature_value"": 1.2, ""shap_value"": 1.61, ""impact"": 1.61}]","[{""feature_key"": ""weather_tourism_suppression"", ""feature_name"": ""Weather Tourist Dampening Index"", ""feature_value"": 1.62, ""shap_value"": -0.54, ""impact"": -0.54}, {""feature_key"": ""lag_3"", ""feature_name"": ""Short-term Congestion (3h ago)"", ""feature_value"": 94.1, ""shap_value"": -0.27, ""impact"": -0.27}, {""feature_key"": ""dow_sin"", ""feature_name"": ""Weekly Schedule Cycle"", ""feature_value"": -0.43, ""shap_value"": -0.25, ""impact"": -0.25}, {""feature_key"": ""roll_mean_6h"", ""feature_name"": ""6-Hour Moving Congestion Trend"", ""feature_value"": 83.82, ""shap_value"": -0.21, ""impact"": -0.21}, {""feature_key"": ""lag_trips_24"", ""feature_name"": ""Yesterday's Scheduled Transit Trips"", ""feature_value"": 24.0, ""shap_value"": -0.17, ""impact"": -0.17}]",60.24
2544,MAA_T_NAGAR_RANGANATHAN,2026-09-25T20:00:00,2026-09-23T20:00:00,48,95.8,SEVERE,30.0,Thunderstorm / Rain,24,"[{""feature_key"": ""lag_168"", ""feature_name"": ""Same Time Last Week Congestion"", ""feature_value"": 98.5, ""shap_value"": 22.55, ""impact"": 22.55}, {""feature_key"": ""lag_foot_24"", ""feature_name"": ""Yesterday's Foot-Traffic"", ""feature_value"": 13622.0, ""shap_value"": 2.62, ""impact"": 2.62}, {""feature_key"": ""lag_1"", ""feature_name"": ""Recent Congestion (1h ago)"", ""feature_value"": 97.6, ""shap_value"": 2.5, ""impact"": 2.5}, {""feature_key"": ""lag_24"", ""feature_name"": ""Yesterday's Same-Hour Congestion"", ""feature_value"": 97.3, ""shap_value"": 1.89, ""impact"": 1.89}, {""feature_key"": ""precip_mm"", ""feature_name"": ""Rainfall Intensity"", ""feature_value"": 4.05, ""shap_value"": 1.49, ""impact"": 1.49}]","[{""feature_key"": ""weather_tourism_suppression"", ""feature_name"": ""Weather Tourist Dampening Index"", ""feature_value"": 1.62, ""shap_value"": -0.85, ""impact"": -0.85}, {""feature_key"": ""lag_3"", ""feature_name"": ""Short-term Congestion (3h ago)"", ""feature_value"": 98.0, ""shap_value"": -0.37, ""impact"": -0.37}, {""feature_key"": ""dow_sin"", ""feature_name"": ""Weekly Schedule Cycle"", ""feature_value"": -0.43, ""shap_value"": -0.36, ""impact"": -0.36}, {""feature_key"": ""roll_mean_6h"", ""feature_name"": ""6-Hour Moving Congestion Trend"", ""feature_value"": 90.57, ""shap_value"": -0.26, ""impact"": -0.26}, {""feature_key"": ""lag_trips_24"", ""feature_name"": ""Yesterday's Scheduled Transit Trips"", ""feature_value"": 24.0, ""shap_value"": -0.24, ""impact"": -0.24}]",60.24
2545,MAA_MYLAPORE_KAPALEESHWARAR,2026-09-23T21:00:00,2026-09-23T20:00:00,1,58.7,MODERATE,29.6,Sunny & Warm,9,"[{""feature_key"": ""lag_1"", ""feature_name"": ""Recent Congestion (1h ago)"", ""feature_value"": 84.5, ""shap_value"": 3.32, ""impact"": 3.32}, {""feature_key"": ""lag_foot_24"", ""feature_name"": ""Yesterday's Foot-Traffic"", ""feature_value"": 4258.0, ""shap_value"": 1.46, ""impact"": 1.46}, {""feature_key"": ""lag_trips_1"", ""feature_name"": ""Recent Transit Trips Count"", ""feature_value"": 24.0, ""shap_value"": 0.96, ""impact"": 0.96}, {""feature_key"": ""lag_foot_1"", ""feature_name"": ""Recent Foot-Traffic (1h ago)"", ""feature_value"": 5825.0, ""shap_value"": 0.44, ""impact"": 0.44}, {""feature_key"": ""temp_c"", ""feature_name"": ""Ambient Temperature"", ""feature_value"": 29.6, ""shap_value"": 0.4, ""impact"": 0.4}]","[{""feature_key"": ""lag_168"", ""feature_name"": ""Same Time Last Week Congestion"", ""feature_value"": 57.2, ""shap_value"": -2.39, ""impact"": -2.39}, {""feature_key"": ""hour_cos"", ""feature_name"": ""Time of Day (Diurnal Cycle)"", ""feature_value"": 0.71, ""shap_value"": -1.58, ""impact"": -1.58}, {""feature_key"": ""lag_3"", ""feature_name"": ""Short-term Congestion (3h ago)"", ""feature_value"": 98.5, ""shap_value"": -0.9, ""impact"": -0.9}, {""feature_key"": ""scheduled_trips"", ""feature_name"": ""Transit Dispatch Frequency"", ""feature_value"": 9.0, ""shap_value"": -0.73, ""impact"": -0.73}, {""feature_key"": ""hour_sin"", ""feature_name"": ""Time of Day (Peak Window)"", ""feature_value"": -0.71, ""shap_value"": -0.64, ""impact"": -0.64}]",60.24
2546,MAA_MYLAPORE_KAPALEESHWARAR,2026-09-23T22:00:00,2026-09-23T20:00:00,2,33.5,LOW,26.8,Sunny & Warm,9,"[{""feature_key"": ""capacity_baseline"", ""feature_name"": ""Station Theoretical Capacity"", ""feature_value"": 7500.0, ""shap_value"": 0.46, ""impact"": 0.46}, {""feature_key"": ""dow_cos"", ""feature_name"": ""Day of Week Alignment"", ""feature_value"": -0.22, ""shap_value"": 0.16, ""impact"": 0.16}, {""feature_key"": ""lag_trips_24"", ""feature_name"": ""Yesterday's Scheduled Transit Trips"", ""feature_value"": 9.0, ""shap_value"": 0.09, ""impact"": 0.09}, {""feature_key"": ""lag_foot_1"", ""feature_name"": ""Recent Foot-Traffic (1h ago)"", ""feature_value"": 4402.0, ""shap_value"": 0.06, ""impact"": 0.06}, {""feature_key"": ""roll_mean_3h"", ""feature_name"": ""3-Hour Moving Congestion Trend"", ""feature_value"": 80.57, ""shap_value"": 0.05, ""impact"": 0.05}]","[{""feature_key"": ""lag_168"", ""feature_name"": ""Same Time Last Week Congestion"", ""feature_value"": 44.3, ""shap_value"": -12.0, ""impact"": -12.0}, {""feature_key"": ""lag_foot_24"", ""feature_name"": ""Yesterday's Foot-Traffic"", ""feature_value"": 1406.0, ""shap_value"": -4.16, ""impact"": -4.16}, {""feature_key"": ""hour_cos"", ""feature_name"": ""Time of Day (Diurnal Cycle)"", ""feature_value"": 0.87, ""shap_value"": -2.82, ""impact"": -2.82}, {""feature_key"": ""lag_24"", ""feature_name"": ""Yesterday's Same-Hour Congestion"", ""feature_value"": 35.6, ""shap_value"": -1.79, ""impact"": -1.79}, {""feature_key"": ""temp_c"", ""feature_name"": ""Ambient Temperature"", ""feature_value"": 26.8, ""shap_value"": -0.99, ""impact"": -0.99}]",60.24
2547,MAA_MYLAPORE_KAPALEESHWARAR,2026-09-23T23:00:00,2026-09-23T20:00:00,3,14.8,LOW,26.4,Sunny & Warm,9,"[{""feature_key"": ""dow_cos"", ""feature_name"": ""Day of Week Alignment"", ""feature_value"": -0.22, ""shap_value"": 0.09, ""impact"": 0.09}, {""feature_key"": ""lag_trips_24"", ""feature_name"": ""Yesterday's Scheduled Transit Trips"", ""feature_value"": 9.0, ""shap_value"": 0.07, ""impact"": 0.07}, {""feature_key"": ""roll_std_24h"", ""feature_name"": ""24-Hour Crowd Volatility"", ""feature_value"": 32.62, ""shap_value"": 0.03, ""impact"": 0.03}, {""feature_key"": ""roll_mean_3h"", ""feature_name"": ""3-Hour Moving Congestion Trend"", ""feature_value"": 58.9, ""shap_value"": 0.01, ""impact"": 0.01}]","[{""feature_key"": ""lag_168"", ""feature_name"": ""Same Time Last Week Congestion"", ""feature_value"": 18.7, ""shap_value"": -28.79, ""impact"": -28.79}, {""feature_key"": ""lag_foot_24"", ""feature_name"": ""Yesterday's Foot-Traffic"", ""feature_value"": 527.0, ""shap_value"": -4.34, ""impact"": -4.34}, {""feature_key"": ""lag_1"", ""feature_name"": ""Recent Congestion (1h ago)"", ""feature_value"": 33.5, ""shap_value"": -2.56, ""impact"": -2.56}, {""feature_key"": ""lag_24"", ""feature_name"": ""Yesterday's Same-Hour Congestion"", ""feature_value"": 13.3, ""shap_value"": -2.11, ""impact"": -2.11}, {""feature_key"": ""hour_cos"", ""feature_name"": ""Time of Day (Diurnal Cycle)"", ""feature_value"": 0.97, ""shap_value"": -2.01, ""impact"": -2.01}]",60.24
2548,MAA_MYLAPORE_KAPALEESHWARAR,2026-09-24T00:00:00,2026-09-23T20:00:00,4,13.0,LOW,25.6,Humid / Overcast,8,"[{""feature_key"": ""lag_trips_24"", ""feature_name"": ""Yesterday's Scheduled Transit Trips"", ""feature_value"": 6.0, ""shap_value"": 0.2, ""impact"": 0.2}, {""feature_key"": ""dow_cos"", ""feature_name"": ""Day of Week Alignment"", ""feature_value"": -0.9, ""shap_value"": 0.05, ""impact"": 0.05}, {""feature_key"": ""temp_c"", ""feature_name"": ""Ambient Temperature"", ""feature_value"": 25.6, ""shap_value"": 0.04, ""impact"": 0.04}, {""feature_key"": ""roll_mean_6h"", ""feature_name"": ""6-Hour Moving Congestion Trend"", ""feature_value"": 64.75, ""shap_value"": 0.04, ""impact"": 0.04}]","[{""feature_key"": ""lag_168"", ""feature_name"": ""Same Time Last Week Congestion"", ""feature_value"": 19.7, ""shap_value"": -29.13, ""impact"": -29.13}, {""feature_key"": ""lag_foot_24"", ""feature_name"": ""Yesterday's Foot-Traffic"", ""feature_value"": 351.0, ""shap_value"": -5.9, ""impact"": -5.9}, {""feature_key"": ""lag_1"", ""feature_name"": ""Recent Congestion (1h ago)"", ""feature_value"": 14.8, ""shap_value"": -2.62, ""impact"": -2.62}, {""feature_key"": ""lag_24"", ""feature_name"": ""Yesterday's Same-Hour Congestion"", ""feature_value"": 12.0, ""shap_value"": -2.52, ""impact"": -2.52}, {""feature_key"": ""hour_cos"", ""feature_name"": ""Time of Day (Diurnal Cycle)"", ""feature_value"": 1.0, ""shap_value"": -1.97, ""impact"": -1.97}]",60.24
2549,MAA_MYLAPORE_KAPALEESHWARAR,2026-09-24T01:00:00,2026-09-23T20:00:00,5,13.7,LOW,26.0,Humid / Overcast,8,"[{""feature_key"": ""lag_3"", ""feature_name"": ""Short-term Congestion (3h ago)"", ""feature_value"": 33.5, ""shap_value"": 0.24, ""impact"": 0.24}, {""feature_key"": ""lag_trips_24"", ""feature_name"": ""Yesterday's Scheduled Transit Trips"", ""feature_value"": 6.0, ""shap_value"": 0.22, ""impact"": 0.22}, {""feature_key"": ""roll_mean_6h"", ""feature_name"": ""6-Hour Moving Congestion Trend"", ""feature_value"": 50.5, ""shap_value"": 0.09, ""impact"": 0.09}, {""feature_key"": ""temp_c"", ""feature_name"": ""Ambient Temperature"", ""feature_value"": 26.0, ""shap_value"": 0.05, ""impact"": 0.05}]","[{""feature_key"": ""lag_168"", ""feature_name"": ""Same Time Last Week Congestion"", ""feature_value"": 21.9, ""shap_value"": -28.47, ""impact"": -28.47}, {""feature_key"": ""lag_foot_24"", ""feature_name"": ""Yesterday's Foot-Traffic"", ""feature_value"": 356.0, ""shap_value"": -6.39, ""impact"": -6.39}, {""feature_key"": ""lag_1"", ""feature_name"": ""Recent Congestion (1h ago)"", ""feature_value"": 13.0, ""shap_value"": -2.65, ""impact"": -2.65}, {""feature_key"": ""lag_24"", ""feature_name"": ""Yesterday's Same-Hour Congestion"", ""feature_value"": 12.1, ""shap_value"": -2.6, ""impact"": -2.6}, {""feature_key"": ""hour_cos"", ""feature_name"": ""Time of Day (Diurnal Cycle)"", ""feature_value"": 0.97, ""shap_value"": -1.82, ""impact"": -1.82}]",60.24
2550,MAA_MYLAPORE_KAPALEESHWARAR,2026-09-24T02:00:00,2026-09-23T20:00:00,6,15.8,LOW,24.6,Humid / Overcast,8,"[{""feature_key"": ""lag_3"", ""feature_name"": ""Short-term Congestion (3h ago)"", ""feature_value"": 14.8, ""shap_value"": 0.33, ""impact"": 0.33}, {""feature_key"": ""lag_trips_24"", ""feature_name"": ""Yesterday's Scheduled Transit Trips"", ""feature_value"": 6.0, ""shap_value"": 0.21, ""impact"": 0.21}, {""feature_key"": ""capacity_baseline"", ""feature_name"": ""Station Theoretical Capacity"", ""feature_value"": 7500.0, ""shap_value"": 0.13, ""impact"": 0.13}, {""feature_key"": ""roll_mean_6h"", ""feature_name"": ""6-Hour Moving Congestion Trend"", ""feature_value"": 36.37, ""shap_value"": 0.11, ""impact"": 0.11}, {""feature_key"": ""temp_c"", ""feature_name"": ""Ambient Temperature"", ""feature_value"": 24.6, ""shap_value"": 0.04, ""impact"": 0.04}]","[{""feature_key"": ""lag_168"", ""feature_name"": ""Same Time Last Week Congestion"", ""feature_value"": 22.9, ""shap_value"": -27.26, ""impact"": -27.26}, {""feature_key"": ""lag_foot_24"", ""feature_name"": ""Yesterday's Foot-Traffic"", ""feature_value"": 399.0, ""shap_value"": -6.35, ""impact"": -6.35}, {""feature_key"": ""lag_1"", ""feature_name"": ""Recent Congestion (1h ago)"", ""feature_value"": 13.7, ""shap_value"": -2.73, ""impact"": -2.73}, {""feature_key"": ""lag_24"", ""feature_name"": ""Yesterday's Same-Hour Congestion"", ""feature_value"": 13.6, ""shap_value"": -2.73, ""impact"": -2.73}, {""feature_key"": ""lag_foot_1"", ""feature_name"": ""Recent Foot-Traffic (1h ago)"", ""feature_value"": 1027.0, ""shap_value"": -1.64, ""impact"": -1.64}]",60.24
2551,MAA_MYLAPORE_KAPALEESHWARAR,2026-09-24T03:00:00,2026-09-23T20:00:00,7,22.4,LOW,24.9,Monsoon Downpour,8,"[{""feature_key"": ""precip_mm"", ""feature_name"": ""Rainfall Intensity"", ""feature_value"": 12.63, ""shap_value"": 2.17, ""impact"": 2.17}, {""feature_key"": ""weather_tourism_suppression"", ""feature_name"": ""Weather Tourist Dampening Index"", ""feature_value"": 1.71, ""shap_value"": 1.53, ""impact"": 1.53}, {""feature_key"": ""is_rain"", ""feature_name"": ""Rain Weather Friction"", ""feature_value"": 1.0, ""shap_value"": 0.38, ""impact"": 0.38}, {""feature_key"": ""weather_transit_surge"", ""feature_name"": ""Rainfall Transit Inflow Surge"", ""feature_value"": 0.72, ""shap_value"": 0.38, ""impact"": 0.38}, {""feature_key"": ""lag_3"", ""feature_name"": ""Short-term Congestion (3h ago)"", ""feature_value"": 13.0, ""shap_value"": 0.37, ""impact"": 0.37}]","[{""feature_key"": ""lag_168"", ""feature_name"": ""Same Time Last Week Congestion"", ""feature_value"": 15.3, ""shap_value"": -28.46, ""impact"": -28.46}, {""feature_key"": ""lag_foot_24"", ""feature_name"": ""Yesterday's Foot-Traffic"", ""feature_value"": 402.0, ""shap_value"": -5.02, ""impact"": -5.02}, {""feature_key"": ""lag_1"", ""feature_name"": ""Recent Congestion (1h ago)"", ""feature_value"": 15.8, ""shap_value"": -2.55, ""impact"": -2.55}, {""feature_key"": ""lag_24"", ""feature_name"": ""Yesterday's Same-Hour Congestion"", ""feature_value"": 13.7, ""shap_value"": -1.95, ""impact"": -1.95}, {""feature_key"": ""lag_foot_1"", ""feature_name"": ""Recent Foot-Traffic (1h ago)"", ""feature_value"": 1185.0, ""shap_value"": -1.71, ""impact"": -1.71}]",60.24
2552,MAA_MYLAPORE_KAPALEESHWARAR,2026-09-24T04:00:00,2026-09-23T20:00:00,8,24.8,LOW,27.2,Monsoon Downpour,8,"[{""feature_key"": ""precip_mm"", ""feature_name"": ""Rainfall Intensity"", ""feature_value"": 13.93, ""shap_value"": 1.9, ""impact"": 1.9}, {""feature_key"": ""weather_tourism_suppression"", ""feature_name"": ""Weather Tourist Dampening Index"", ""feature_value"": 1.71, ""shap_value"": 1.82, ""impact"": 1.82}, {""feature_key"": ""weather_transit_surge"", ""feature_name"": ""Rainfall Transit Inflow Surge"", ""feature_value"": 0.72, ""shap_value"": 0.38, ""impact"": 0.38}, {""feature_key"": ""lag_3"", ""feature_name"": ""Short-term Congestion (3h ago)"", ""feature_value"": 13.7, ""shap_value"": 0.36, ""impact"": 0.36}, {""feature_key"": ""is_rain"", ""feature_name"": ""Rain Weather Friction"", ""feature_value"": 1.0, ""shap_value"": 0.35, ""impact"": 0.35}]","[{""feature_key"": ""lag_168"", ""feature_name"": ""Same Time Last Week Congestion"", ""feature_value"": 15.6, ""shap_value"": -28.6, ""impact"": -28.6}, {""feature_key"": ""lag_foot_24"", ""feature_name"": ""Yesterday's Foot-Traffic"", ""feature_value"": 508.0, ""shap_value"": -3.98, ""impact"": -3.98}, {""feature_key"": ""lag_1"", ""feature_name"": ""Recent Congestion (1h ago)"", ""feature_value"": 22.4, ""shap_value"": -2.39, ""impact"": -2.39}, {""feature_key"": ""lag_24"", ""feature_name"": ""Yesterday's Same-Hour Congestion"", ""feature_value"": 17.3, ""shap_value"": -1.95, ""impact"": -1.95}, {""feature_key"": ""lag_foot_1"", ""feature_name"": ""Recent Foot-Traffic (1h ago)"", ""feature_value"": 1679.0, ""shap_value"": -1.51, ""impact"": -1.51}]",60.24
2553,MAA_MYLAPORE_KAPALEESHWARAR,2026-09-24T05:00:00,2026-09-23T20:00:00,9,31.8,LOW,25.6,Monsoon Downpour,9,"[{""feature_key"": ""precip_mm"", ""feature_name"": ""Rainfall Intensity"", ""feature_value"": 9.92, ""shap_value"": 2.24, ""impact"": 2.24}, {""feature_key"": ""weather_tourism_suppression"", ""feature_name"": ""Weather Tourist Dampening Index"", ""feature_value"": 1.71, ""shap_value"": 1.02, ""impact"": 1.02}, {""feature_key"": ""is_rain"", ""feature_name"": ""Rain Weather Friction"", ""feature_value"": 1.0, ""shap_value"": 0.46, ""impact"": 0.46}, {""feature_key"": ""roll_mean_6h"", ""feature_name"": ""6-Hour Moving Congestion Trend"", ""feature_value"": 17.42, ""shap_value"": 0.37, ""impact"": 0.37}, {""feature_key"": ""hour_sin"", ""feature_name"": ""Time of Day (Peak Window)"", ""feature_value"": 0.97, ""shap_value"": 0.33, ""impact"": 0.33}]","[{""feature_key"": ""lag_168"", ""feature_name"": ""Same Time Last Week Congestion"", ""feature_value"": 24.7, ""shap_value"": -23.11, ""impact"": -23.11}, {""feature_key"": ""lag_1"", ""feature_name"": ""Recent Congestion (1h ago)"", ""feature_value"": 24.8, ""shap_value"": -2.71, ""impact"": -2.71}, {""feature_key"": ""lag_foot_24"", ""feature_name"": ""Yesterday's Foot-Traffic"", ""feature_value"": 856.0, ""shap_value"": -2.61, ""impact"": -2.61}, {""feature_key"": ""lag_24"", ""feature_name"": ""Yesterday's Same-Hour Congestion"", ""feature_value"": 21.7, ""shap_value"": -1.88, ""impact"": -1.88}, {""feature_key"": ""lag_foot_1"", ""feature_name"": ""Recent Foot-Traffic (1h ago)"", ""feature_value"": 1860.0, ""shap_value"": -1.39, ""impact"": -1.39}]",60.24
2554,MAA_MYLAPORE_KAPALEESHWARAR,2026-09-24T06:00:00,2026-09-23T20:00:00,10,57.3,MODERATE,28.9,Monsoon Downpour,9,"[{""feature_key"": ""precip_mm"", ""feature_name"": ""Rainfall Intensity"", ""feature_value"": 13.58, ""shap_value"": 1.58, ""impact"": 1.58}, {""feature_key"": ""weather_transit_surge"", ""feature_name"": ""Rainfall Transit Inflow Surge"", ""feature_value"": 0.72, ""shap_value"": 1.52, ""impact"": 1.52}, {""feature_key"": ""hour_cos"", ""feature_name"": ""Time of Day (Diurnal Cycle)"", ""feature_value"": 0.0, ""shap_value"": 1.5, ""impact"": 1.5}, {""feature_key"": ""weather_tourism_suppression"", ""feature_name"": ""Weather Tourist Dampening Index"", ""feature_value"": 1.71, ""shap_value"": 0.91, ""impact"": 0.91}, {""feature_key"": ""hour_sin"", ""feature_name"": ""Time of Day (Peak Window)"", ""feature_value"": 1.0, ""shap_value"": 0.5, ""impact"": 0.5}]","[{""feature_key"": ""lag_1"", ""feature_name"": ""Recent Congestion (1h ago)"", ""feature_value"": 31.8, ""shap_value"": -3.5, ""impact"": -3.5}, {""feature_key"": ""lag_168"", ""feature_name"": ""Same Time Last Week Congestion"", ""feature_value"": 54.7, ""shap_value"": -2.23, ""impact"": -2.23}, {""feature_key"": ""lag_foot_1"", ""feature_name"": ""Recent Foot-Traffic (1h ago)"", ""feature_value"": 2385.0, ""shap_value"": -1.58, ""impact"": -1.58}, {""feature_key"": ""lag_24"", ""feature_name"": ""Yesterday's Same-Hour Congestion"", ""feature_value"": 46.0, ""shap_value"": -1.42, ""impact"": -1.42}, {""feature_key"": ""lag_foot_24"", ""feature_name"": ""Yesterday's Foot-Traffic"", ""feature_value"": 2804.0, ""shap_value"": -0.9, ""impact"": -0.9}]",60.24
2555,MAA_MYLAPORE_KAPALEESHWARAR,2026-09-24T07:00:00,2026-09-23T20:00:00,11,79.9,HIGH,29.8,Monsoon Downpour,9,"[{""feature_key"": ""lag_168"", ""feature_name"": ""Same Time Last Week Congestion"", ""feature_value"": 86.2, ""shap_value"": 16.63, ""impact"": 16.63}, {""feature_key"": ""lag_foot_24"", ""feature_name"": ""Yesterday's Foot-Traffic"", ""feature_value"": 6837.0, ""shap_value"": 2.24, ""impact"": 2.24}, {""feature_key"": ""hour_cos"", ""feature_name"": ""Time of Day (Diurnal Cycle)"", ""feature_value"": -0.26, ""shap_value"": 2.04, ""impact"": 2.04}, {""feature_key"": ""lag_24"", ""feature_name"": ""Yesterday's Same-Hour Congestion"", ""feature_value"": 85.2, ""shap_value"": 1.82, ""impact"": 1.82}, {""feature_key"": ""hour_sin"", ""feature_name"": ""Time of Day (Peak Window)"", ""feature_value"": 0.97, ""shap_value"": 1.19, ""impact"": 1.19}]","[{""feature_key"": ""lag_1"", ""feature_name"": ""Recent Congestion (1h ago)"", ""feature_value"": 57.3, ""shap_value"": -2.79, ""impact"": -2.79}, {""feature_key"": ""transit_pressure_ratio"", ""feature_name"": ""Transit Demand-to-Supply Ratio"", ""feature_value"": 6.36, ""shap_value"": -1.06, ""impact"": -1.06}, {""feature_key"": ""scheduled_trips"", ""feature_name"": ""Transit Dispatch Frequency"", ""feature_value"": 9.0, ""shap_value"": -0.94, ""impact"": -0.94}, {""feature_key"": ""precip_mm"", ""feature_name"": ""Rainfall Intensity"", ""feature_value"": 10.08, ""shap_value"": -0.54, ""impact"": -0.54}, {""feature_key"": ""roll_mean_3h"", ""feature_name"": ""3-Hour Moving Congestion Trend"", ""feature_value"": 37.97, ""shap_value"": -0.52, ""impact"": -0.52}]",60.24
2556,MAA_MYLAPORE_KAPALEESHWARAR,2026-09-24T08:00:00,2026-09-23T20:00:00,12,97.7,SEVERE,31.0,Sunny & Warm,24,"[{""feature_key"": ""lag_168"", ""feature_name"": ""Same Time Last Week Congestion"", ""feature_value"": 98.5, ""shap_value"": 25.66, ""impact"": 25.66}, {""feature_key"": ""lag_foot_24"", ""feature_name"": ""Yesterday's Foot-Traffic"", ""feature_value"": 10610.0, ""shap_value"": 3.02, ""impact"": 3.02}, {""feature_key"": ""lag_24"", ""feature_name"": ""Yesterday's Same-Hour Congestion"", ""feature_value"": 98.5, ""shap_value"": 2.34, ""impact"": 2.34}, {""feature_key"": ""lag_1"", ""feature_name"": ""Recent Congestion (1h ago)"", ""feature_value"": 79.9, ""shap_value"": 1.89, ""impact"": 1.89}, {""feature_key"": ""hour_cos"", ""feature_name"": ""Time of Day (Diurnal Cycle)"", ""feature_value"": -0.5, ""shap_value"": 1.47, ""impact"": 1.47}]","[{""feature_key"": ""hour_sin"", ""feature_name"": ""Time of Day (Peak Window)"", ""feature_value"": 0.87, ""shap_value"": -0.42, ""impact"": -0.42}, {""feature_key"": ""weather_transit_surge"", ""feature_name"": ""Rainfall Transit Inflow Surge"", ""feature_value"": 0.0, ""shap_value"": -0.35, ""impact"": -0.35}, {""feature_key"": ""lag_trips_24"", ""feature_name"": ""Yesterday's Scheduled Transit Trips"", ""feature_value"": 24.0, ""shap_value"": -0.27, ""impact"": -0.27}, {""feature_key"": ""dow_sin"", ""feature_name"": ""Weekly Schedule Cycle"", ""feature_value"": 0.43, ""shap_value"": -0.24, ""impact"": -0.24}, {""feature_key"": ""lag_2"", ""feature_name"": ""Short-term Congestion (2h ago)"", ""feature_value"": 57.3, ""shap_value"": -0.11, ""impact"": -0.11}]",60.24
2557,MAA_MYLAPORE_KAPALEESHWARAR,2026-09-24T09:00:00,2026-09-23T20:00:00,13,98.0,SEVERE,31.6,Sunny & Warm,24,"[{""feature_key"": ""lag_168"", ""feature_name"": ""Same Time Last Week Congestion"", ""feature_value"": 98.5, ""shap_value"": 25.57, ""impact"": 25.57}, {""feature_key"": ""lag_1"", ""feature_name"": ""Recent Congestion (1h ago)"", ""feature_value"": 97.7, ""shap_value"": 2.7, ""impact"": 2.7}, {""feature_key"": ""lag_foot_24"", ""feature_name"": ""Yesterday's Foot-Traffic"", ""feature_value"": 11278.0, ""shap_value"": 2.7, ""impact"": 2.7}, {""feature_key"": ""lag_24"", ""feature_name"": ""Yesterday's Same-Hour Congestion"", ""feature_value"": 98.5, ""shap_value"": 2.32, ""impact"": 2.32}, {""feature_key"": ""hour_cos"", ""feature_name"": ""Time of Day (Diurnal Cycle)"", ""feature_value"": -0.71, ""shap_value"": 1.12, ""impact"": 1.12}]","[{""feature_key"": ""weather_transit_surge"", ""feature_name"": ""Rainfall Transit Inflow Surge"", ""feature_value"": 0.0, ""shap_value"": -0.35, ""impact"": -0.35}, {""feature_key"": ""hour_sin"", ""feature_name"": ""Time of Day (Peak Window)"", ""feature_value"": 0.71, ""shap_value"": -0.26, ""impact"": -0.26}, {""feature_key"": ""dow_sin"", ""feature_name"": ""Weekly Schedule Cycle"", ""feature_value"": 0.43, ""shap_value"": -0.24, ""impact"": -0.24}, {""feature_key"": ""lag_trips_24"", ""feature_name"": ""Yesterday's Scheduled Transit Trips"", ""feature_value"": 24.0, ""shap_value"": -0.22, ""impact"": -0.22}, {""feature_key"": ""transit_weight"", ""feature_name"": ""Transit Commuter Dominance"", ""feature_value"": 0.45, ""shap_value"": -0.12, ""impact"": -0.12}]",60.24
2558,MAA_MYLAPORE_KAPALEESHWARAR,2026-09-24T10:00:00,2026-09-23T20:00:00,14,89.5,SEVERE,34.0,Sunny & Warm,24,"[{""feature_key"": ""lag_168"", ""feature_name"": ""Same Time Last Week Congestion"", ""feature_value"": 93.9, ""shap_value"": 22.15, ""impact"": 22.15}, {""feature_key"": ""lag_1"", ""feature_name"": ""Recent Congestion (1h ago)"", ""feature_value"": 98.0, ""shap_value"": 2.92, ""impact"": 2.92}, {""feature_key"": ""lag_foot_24"", ""feature_name"": ""Yesterday's Foot-Traffic"", ""feature_value"": 7974.0, ""shap_value"": 2.52, ""impact"": 2.52}, {""feature_key"": ""lag_24"", ""feature_name"": ""Yesterday's Same-Hour Congestion"", ""feature_value"": 93.8, ""shap_value"": 1.43, ""impact"": 1.43}, {""feature_key"": ""scheduled_trips"", ""feature_name"": ""Transit Dispatch Frequency"", ""feature_value"": 24.0, ""shap_value"": 1.11, ""impact"": 1.11}]","[{""feature_key"": ""hour_cos"", ""feature_name"": ""Time of Day (Diurnal Cycle)"", ""feature_value"": -0.87, ""shap_value"": -1.57, ""impact"": -1.57}, {""feature_key"": ""hour_sin"", ""feature_name"": ""Time of Day (Peak Window)"", ""feature_value"": 0.5, ""shap_value"": -0.96, ""impact"": -0.96}, {""feature_key"": ""weather_transit_surge"", ""feature_name"": ""Rainfall Transit Inflow Surge"", ""feature_value"": 0.0, ""shap_value"": -0.45, ""impact"": -0.45}, {""feature_key"": ""dow_sin"", ""feature_name"": ""Weekly Schedule Cycle"", ""feature_value"": 0.43, ""shap_value"": -0.43, ""impact"": -0.43}, {""feature_key"": ""transit_weight"", ""feature_name"": ""Transit Commuter Dominance"", ""feature_value"": 0.45, ""shap_value"": -0.28, ""impact"": -0.28}]",60.24
2559,MAA_MYLAPORE_KAPALEESHWARAR,2026-09-24T11:00:00,2026-09-23T20:00:00,15,71.0,HIGH,33.3,Sunny & Warm,15,"[{""feature_key"": ""lag_168"", ""feature_name"": ""Same Time Last Week Congestion"", ""feature_value"": 88.1, ""shap_value"": 17.07, ""impact"": 17.07}, {""feature_key"": ""lag_1"", ""feature_name"": ""Recent Congestion (1h ago)"", ""feature_value"": 89.5, ""shap_value"": 2.35, ""impact"": 2.35}, {""feature_key"": ""lag_foot_24"", ""feature_name"": ""Yesterday's Foot-Traffic"", ""feature_value"": 4648.0, ""shap_value"": 2.1, ""impact"": 2.1}, {""feature_key"": ""capacity_baseline"", ""feature_name"": ""Station Theoretical Capacity"", ""feature_value"": 7500.0, ""shap_value"": 0.43, ""impact"": 0.43}, {""feature_key"": ""lag_trips_1"", ""feature_name"": ""Recent Transit Trips Count"", ""feature_value"": 24.0, ""shap_value"": 0.36, ""impact"": 0.36}]","[{""feature_key"": ""hour_cos"", ""feature_name"": ""Time of Day (Diurnal Cycle)"", ""feature_value"": -0.97, ""shap_value"": -5.39, ""impact"": -5.39}, {""feature_key"": ""hour_sin"", ""feature_name"": ""Time of Day (Peak Window)"", ""feature_value"": 0.26, ""shap_value"": -1.94, ""impact"": -1.94}, {""feature_key"": ""lag_24"", ""feature_name"": ""Yesterday's Same-Hour Congestion"", ""feature_value"": 58.8, ""shap_value"": -0.8, ""impact"": -0.8}, {""feature_key"": ""lag_3"", ""feature_name"": ""Short-term Congestion (3h ago)"", ""feature_value"": 97.7, ""shap_value"": -0.79, ""impact"": -0.79}, {""feature_key"": ""dow_sin"", ""feature_name"": ""Weekly Schedule Cycle"", ""feature_value"": 0.43, ""shap_value"": -0.75, ""impact"": -0.75}]",60.24
2560,MAA_MYLAPORE_KAPALEESHWARAR,2026-09-24T12:00:00,2026-09-23T20:00:00,16,48.7,MODERATE,35.5,Hot Summer Spell,15,"[{""feature_key"": ""lag_1"", ""feature_name"": ""Recent Congestion (1h ago)"", ""feature_value"": 71.0, ""shap_value"": 1.19, ""impact"": 1.19}, {""feature_key"": ""temp_c"", ""feature_name"": ""Ambient Temperature"", ""feature_value"": 35.5, ""shap_value"": 0.54, ""impact"": 0.54}, {""feature_key"": ""lag_foot_1"", ""feature_name"": ""Recent Foot-Traffic (1h ago)"", ""feature_value"": 5325.0, ""shap_value"": 0.53, ""impact"": 0.53}, {""feature_key"": ""capacity_baseline"", ""feature_name"": ""Station Theoretical Capacity"", ""feature_value"": 7500.0, ""shap_value"": 0.22, ""impact"": 0.22}, {""feature_key"": ""lag_trips_1"", ""feature_name"": ""Recent Transit Trips Count"", ""feature_value"": 15.0, ""shap_value"": 0.21, ""impact"": 0.21}]","[{""feature_key"": ""lag_168"", ""feature_name"": ""Same Time Last Week Congestion"", ""feature_value"": 46.9, ""shap_value"": -7.26, ""impact"": -7.26}, {""feature_key"": ""hour_cos"", ""feature_name"": ""Time of Day (Diurnal Cycle)"", ""feature_value"": -1.0, ""shap_value"": -1.49, ""impact"": -1.49}, {""feature_key"": ""hour_sin"", ""feature_name"": ""Time of Day (Peak Window)"", ""feature_value"": 0.0, ""shap_value"": -1.09, ""impact"": -1.09}, {""feature_key"": ""lag_24"", ""feature_name"": ""Yesterday's Same-Hour Congestion"", ""feature_value"": 49.8, ""shap_value"": -0.99, ""impact"": -0.99}, {""feature_key"": ""lag_3"", ""feature_name"": ""Short-term Congestion (3h ago)"", ""feature_value"": 98.0, ""shap_value"": -0.66, ""impact"": -0.66}]",60.24
2561,MAA_MYLAPORE_KAPALEESHWARAR,2026-09-24T13:00:00,2026-09-23T20:00:00,17,41.7,MODERATE,34.2,Sunny & Warm,15,"[{""feature_key"": ""temp_c"", ""feature_name"": ""Ambient Temperature"", ""feature_value"": 34.2, ""shap_value"": 0.43, ""impact"": 0.43}, {""feature_key"": ""capacity_baseline"", ""feature_name"": ""Station Theoretical Capacity"", ""feature_value"": 7500.0, ""shap_value"": 0.36, ""impact"": 0.36}, {""feature_key"": ""humidity_pct"", ""feature_name"": ""Marine Layer / Humidity"", ""feature_value"": 61.0, ""shap_value"": 0.19, ""impact"": 0.19}, {""feature_key"": ""lag_trips_1"", ""feature_name"": ""Recent Transit Trips Count"", ""feature_value"": 15.0, ""shap_value"": 0.14, ""impact"": 0.14}, {""feature_key"": ""feels_like_c"", ""feature_name"": ""Apparent Feels-Like Temperature"", ""feature_value"": 33.0, ""shap_value"": 0.12, ""impact"": 0.12}]","[{""feature_key"": ""lag_168"", ""feature_name"": ""Same Time Last Week Congestion"", ""feature_value"": 38.8, ""shap_value"": -11.57, ""impact"": -11.57}, {""feature_key"": ""lag_1"", ""feature_name"": ""Recent Congestion (1h ago)"", ""feature_value"": 48.7, ""shap_value"": -1.53, ""impact"": -1.53}, {""feature_key"": ""lag_24"", ""feature_name"": ""Yesterday's Same-Hour Congestion"", ""feature_value"": 41.4, ""shap_value"": -1.15, ""impact"": -1.15}, {""feature_key"": ""hour_sin"", ""feature_name"": ""Time of Day (Peak Window)"", ""feature_value"": -0.26, ""shap_value"": -1.13, ""impact"": -1.13}, {""feature_key"": ""hour_cos"", ""feature_name"": ""Time of Day (Diurnal Cycle)"", ""feature_value"": -0.97, ""shap_value"": -0.93, ""impact"": -0.93}]",60.24
2562,MAA_MYLAPORE_KAPALEESHWARAR,2026-09-24T14:00:00,2026-09-23T20:00:00,18,44.1,MODERATE,35.2,Coastal Sea Breeze,15,"[{""feature_key"": ""temp_c"", ""feature_name"": ""Ambient Temperature"", ""feature_value"": 35.2, ""shap_value"": 0.71, ""impact"": 0.71}, {""feature_key"": ""capacity_baseline"", ""feature_name"": ""Station Theoretical Capacity"", ""feature_value"": 7500.0, ""shap_value"": 0.28, ""impact"": 0.28}, {""feature_key"": ""humidity_pct"", ""feature_name"": ""Marine Layer / Humidity"", ""feature_value"": 63.0, ""shap_value"": 0.25, ""impact"": 0.25}, {""feature_key"": ""feels_like_c"", ""feature_name"": ""Apparent Feels-Like Temperature"", ""feature_value"": 34.0, ""shap_value"": 0.22, ""impact"": 0.22}, {""feature_key"": ""wind_speed_kmh"", ""feature_name"": ""Coastal Wind Speed"", ""feature_value"": 20.6, ""shap_value"": 0.19, ""impact"": 0.19}]","[{""feature_key"": ""lag_168"", ""feature_name"": ""Same Time Last Week Congestion"", ""feature_value"": 42.6, ""shap_value"": -9.17, ""impact"": -9.17}, {""feature_key"": ""lag_1"", ""feature_name"": ""Recent Congestion (1h ago)"", ""feature_value"": 41.7, ""shap_value"": -2.26, ""impact"": -2.26}, {""feature_key"": ""lag_24"", ""feature_name"": ""Yesterday's Same-Hour Congestion"", ""feature_value"": 47.9, ""shap_value"": -1.33, ""impact"": -1.33}, {""feature_key"": ""lag_foot_24"", ""feature_name"": ""Yesterday's Foot-Traffic"", ""feature_value"": 2074.0, ""shap_value"": -1.05, ""impact"": -1.05}, {""feature_key"": ""lag_foot_1"", ""feature_name"": ""Recent Foot-Traffic (1h ago)"", ""feature_value"": 3127.0, ""shap_value"": -0.96, ""impact"": -0.96}]",60.24
2563,MAA_MYLAPORE_KAPALEESHWARAR,2026-09-24T15:00:00,2026-09-23T20:00:00,19,51.4,MODERATE,33.7,Coastal Sea Breeze,15,"[{""feature_key"": ""hour_cos"", ""feature_name"": ""Time of Day (Diurnal Cycle)"", ""feature_value"": -0.71, ""shap_value"": 1.64, ""impact"": 1.64}, {""feature_key"": ""hour_sin"", ""feature_name"": ""Time of Day (Peak Window)"", ""feature_value"": -0.71, ""shap_value"": 0.73, ""impact"": 0.73}, {""feature_key"": ""temp_c"", ""feature_name"": ""Ambient Temperature"", ""feature_value"": 33.7, ""shap_value"": 0.73, ""impact"": 0.73}, {""feature_key"": ""capacity_baseline"", ""feature_name"": ""Station Theoretical Capacity"", ""feature_value"": 7500.0, ""shap_value"": 0.25, ""impact"": 0.25}, {""feature_key"": ""feels_like_c"", ""feature_name"": ""Apparent Feels-Like Temperature"", ""feature_value"": 32.7, ""shap_value"": 0.24, ""impact"": 0.24}]","[{""feature_key"": ""lag_168"", ""feature_name"": ""Same Time Last Week Congestion"", ""feature_value"": 50.8, ""shap_value"": -6.21, ""impact"": -6.21}, {""feature_key"": ""lag_1"", ""feature_name"": ""Recent Congestion (1h ago)"", ""feature_value"": 44.1, ""shap_value"": -2.27, ""impact"": -2.27}, {""feature_key"": ""lag_foot_24"", ""feature_name"": ""Yesterday's Foot-Traffic"", ""feature_value"": 2447.0, ""shap_value"": -1.28, ""impact"": -1.28}, {""feature_key"": ""lag_foot_1"", ""feature_name"": ""Recent Foot-Traffic (1h ago)"", ""feature_value"": 3307.0, ""shap_value"": -0.86, ""impact"": -0.86}, {""feature_key"": ""weather_transit_surge"", ""feature_name"": ""Rainfall Transit Inflow Surge"", ""feature_value"": 0.0, ""shap_value"": -0.44, ""impact"": -0.44}]",60.24
2564,MAA_MYLAPORE_KAPALEESHWARAR,2026-09-24T16:00:00,2026-09-23T20:00:00,20,74.2,HIGH,33.9,Coastal Sea Breeze,15,"[{""feature_key"": ""lag_168"", ""feature_name"": ""Same Time Last Week Congestion"", ""feature_value"": 69.3, ""shap_value"": 8.77, ""impact"": 8.77}, {""feature_key"": ""lag_foot_24"", ""feature_name"": ""Yesterday's Foot-Traffic"", ""feature_value"": 5189.0, ""shap_value"": 2.61, ""impact"": 2.61}, {""feature_key"": ""hour_sin"", ""feature_name"": ""Time of Day (Peak Window)"", ""feature_value"": -0.87, ""shap_value"": 2.22, ""impact"": 2.22}, {""feature_key"": ""hour_cos"", ""feature_name"": ""Time of Day (Diurnal Cycle)"", ""feature_value"": -0.5, ""shap_value"": 1.64, ""impact"": 1.64}, {""feature_key"": ""lag_24"", ""feature_name"": ""Yesterday's Same-Hour Congestion"", ""feature_value"": 79.3, ""shap_value"": 1.19, ""impact"": 1.19}]","[{""feature_key"": ""lag_1"", ""feature_name"": ""Recent Congestion (1h ago)"", ""feature_value"": 51.4, ""shap_value"": -1.73, ""impact"": -1.73}, {""feature_key"": ""lag_foot_1"", ""feature_name"": ""Recent Foot-Traffic (1h ago)"", ""feature_value"": 3855.0, ""shap_value"": -0.96, ""impact"": -0.96}, {""feature_key"": ""weather_transit_surge"", ""feature_name"": ""Rainfall Transit Inflow Surge"", ""feature_value"": 0.0, ""shap_value"": -0.5, ""impact"": -0.5}, {""feature_key"": ""lag_trips_24"", ""feature_name"": ""Yesterday's Scheduled Transit Trips"", ""feature_value"": 15.0, ""shap_value"": -0.36, ""impact"": -0.36}, {""feature_key"": ""roll_mean_3h"", ""feature_name"": ""3-Hour Moving Congestion Trend"", ""feature_value"": 45.73, ""shap_value"": -0.35, ""impact"": -0.35}]",60.24
2565,MAA_MYLAPORE_KAPALEESHWARAR,2026-09-24T17:00:00,2026-09-23T20:00:00,21,96.1,SEVERE,33.4,Coastal Sea Breeze,24,"[{""feature_key"": ""lag_168"", ""feature_name"": ""Same Time Last Week Congestion"", ""feature_value"": 90.0, ""shap_value"": 21.71, ""impact"": 21.71}, {""feature_key"": ""lag_foot_24"", ""feature_name"": ""Yesterday's Foot-Traffic"", ""feature_value"": 9214.0, ""shap_value"": 2.77, ""impact"": 2.77}, {""feature_key"": ""lag_24"", ""feature_name"": ""Yesterday's Same-Hour Congestion"", ""feature_value"": 98.4, ""shap_value"": 2.74, ""impact"": 2.74}, {""feature_key"": ""hour_sin"", ""feature_name"": ""Time of Day (Peak Window)"", ""feature_value"": -0.97, ""shap_value"": 2.42, ""impact"": 2.42}, {""feature_key"": ""hour_cos"", ""feature_name"": ""Time of Day (Diurnal Cycle)"", ""feature_value"": -0.26, ""shap_value"": 1.47, ""impact"": 1.47}]","[{""feature_key"": ""dow_sin"", ""feature_name"": ""Weekly Schedule Cycle"", ""feature_value"": 0.43, ""shap_value"": -0.29, ""impact"": -0.29}, {""feature_key"": ""weather_transit_surge"", ""feature_name"": ""Rainfall Transit Inflow Surge"", ""feature_value"": 0.0, ""shap_value"": -0.25, ""impact"": -0.25}, {""feature_key"": ""lag_trips_24"", ""feature_name"": ""Yesterday's Scheduled Transit Trips"", ""feature_value"": 24.0, ""shap_value"": -0.15, ""impact"": -0.15}, {""feature_key"": ""is_weekend"", ""feature_name"": ""Weekend Tourist Surge"", ""feature_value"": 0.0, ""shap_value"": -0.05, ""impact"": -0.05}, {""feature_key"": ""transit_weight"", ""feature_name"": ""Transit Commuter Dominance"", ""feature_value"": 0.45, ""shap_value"": -0.05, ""impact"": -0.05}]",60.24
2566,MAA_MYLAPORE_KAPALEESHWARAR,2026-09-24T18:00:00,2026-09-23T20:00:00,22,98.9,SEVERE,33.0,Sunny & Warm,24,"[{""feature_key"": ""lag_168"", ""feature_name"": ""Same Time Last Week Congestion"", ""feature_value"": 98.5, ""shap_value"": 25.11, ""impact"": 25.11}, {""feature_key"": ""lag_foot_24"", ""feature_name"": ""Yesterday's Foot-Traffic"", ""feature_value"": 8480.0, ""shap_value"": 2.71, ""impact"": 2.71}, {""feature_key"": ""lag_24"", ""feature_name"": ""Yesterday's Same-Hour Congestion"", ""feature_value"": 98.5, ""shap_value"": 2.39, ""impact"": 2.39}, {""feature_key"": ""lag_1"", ""feature_name"": ""Recent Congestion (1h ago)"", ""feature_value"": 96.1, ""shap_value"": 2.0, ""impact"": 2.0}, {""feature_key"": ""hour_sin"", ""feature_name"": ""Time of Day (Peak Window)"", ""feature_value"": -1.0, ""shap_value"": 1.91, ""impact"": 1.91}]","[{""feature_key"": ""dow_sin"", ""feature_name"": ""Weekly Schedule Cycle"", ""feature_value"": 0.43, ""shap_value"": -0.24, ""impact"": -0.24}, {""feature_key"": ""weather_transit_surge"", ""feature_name"": ""Rainfall Transit Inflow Surge"", ""feature_value"": 0.0, ""shap_value"": -0.24, ""impact"": -0.24}, {""feature_key"": ""lag_trips_24"", ""feature_name"": ""Yesterday's Scheduled Transit Trips"", ""feature_value"": 24.0, ""shap_value"": -0.17, ""impact"": -0.17}, {""feature_key"": ""transit_weight"", ""feature_name"": ""Transit Commuter Dominance"", ""feature_value"": 0.45, ""shap_value"": -0.06, ""impact"": -0.06}, {""feature_key"": ""is_weekend"", ""feature_name"": ""Weekend Tourist Surge"", ""feature_value"": 0.0, ""shap_value"": -0.03, ""impact"": -0.03}]",60.24
2567,MAA_MYLAPORE_KAPALEESHWARAR,2026-09-24T19:00:00,2026-09-23T20:00:00,23,98.3,SEVERE,31.6,Sunny & Warm,24,"[{""feature_key"": ""lag_168"", ""feature_name"": ""Same Time Last Week Congestion"", ""feature_value"": 98.5, ""shap_value"": 25.08, ""impact"": 25.08}, {""feature_key"": ""lag_foot_24"", ""feature_name"": ""Yesterday's Foot-Traffic"", ""feature_value"": 8250.0, ""shap_value"": 2.73, ""impact"": 2.73}, {""feature_key"": ""lag_1"", ""feature_name"": ""Recent Congestion (1h ago)"", ""feature_value"": 98.9, ""shap_value"": 2.59, ""impact"": 2.59}, {""feature_key"": ""lag_24"", ""feature_name"": ""Yesterday's Same-Hour Congestion"", ""feature_value"": 98.5, ""shap_value"": 2.43, ""impact"": 2.43}, {""feature_key"": ""hour_sin"", ""feature_name"": ""Time of Day (Peak Window)"", ""feature_value"": -0.97, ""shap_value"": 1.83, ""impact"": 1.83}]","[{""feature_key"": ""dow_sin"", ""feature_name"": ""Weekly Schedule Cycle"", ""feature_value"": 0.43, ""shap_value"": -0.34, ""impact"": -0.34}, {""feature_key"": ""weather_transit_surge"", ""feature_name"": ""Rainfall Transit Inflow Surge"", ""feature_value"": 0.0, ""shap_value"": -0.22, ""impact"": -0.22}, {""feature_key"": ""lag_trips_24"", ""feature_name"": ""Yesterday's Scheduled Transit Trips"", ""feature_value"": 24.0, ""shap_value"": -0.2, ""impact"": -0.2}, {""feature_key"": ""roll_mean_6h"", ""feature_name"": ""6-Hour Moving Congestion Trend"", ""feature_value"": 67.73, ""shap_value"": -0.08, ""impact"": -0.08}, {""feature_key"": ""transit_weight"", ""feature_name"": ""Transit Commuter Dominance"", ""feature_value"": 0.45, ""shap_value"": -0.06, ""impact"": -0.06}]",60.24
2568,MAA_MYLAPORE_KAPALEESHWARAR,2026-09-24T20:00:00,2026-09-23T20:00:00,24,95.2,SEVERE,31.2,Sunny & Warm,24,"[{""feature_key"": ""lag_168"", ""feature_name"": ""Same Time Last Week Congestion"", ""feature_value"": 98.5, ""shap_value"": 24.79, ""impact"": 24.79}, {""feature_key"": ""lag_1"", ""feature_name"": ""Recent Congestion (1h ago)"", ""feature_value"": 98.3, ""shap_value"": 2.64, ""impact"": 2.64}, {""feature_key"": ""lag_foot_24"", ""feature_name"": ""Yesterday's Foot-Traffic"", ""feature_value"": 5825.0, ""shap_value"": 2.54, ""impact"": 2.54}, {""feature_key"": ""hour_sin"", ""feature_name"": ""Time of Day (Peak Window)"", ""feature_value"": -0.87, ""shap_value"": 1.83, ""impact"": 1.83}, {""feature_key"": ""lag_24"", ""feature_name"": ""Yesterday's Same-Hour Congestion"", ""feature_value"": 84.5, ""shap_value"": 1.23, ""impact"": 1.23}]","[{""feature_key"": ""lag_3"", ""feature_name"": ""Short-term Congestion (3h ago)"", ""feature_value"": 96.1, ""shap_value"": -0.58, ""impact"": -0.58}, {""feature_key"": ""dow_sin"", ""feature_name"": ""Weekly Schedule Cycle"", ""feature_value"": 0.43, ""shap_value"": -0.42, ""impact"": -0.42}, {""feature_key"": ""weather_transit_surge"", ""feature_name"": ""Rainfall Transit Inflow Surge"", ""feature_value"": 0.0, ""shap_value"": -0.31, ""impact"": -0.31}, {""feature_key"": ""lag_trips_24"", ""feature_name"": ""Yesterday's Scheduled Transit Trips"", ""feature_value"": 24.0, ""shap_value"": -0.27, ""impact"": -0.27}, {""feature_key"": ""roll_mean_6h"", ""feature_name"": ""6-Hour Moving Congestion Trend"", ""feature_value"": 77.17, ""shap_value"": -0.27, ""impact"": -0.27}]",60.24
2569,MAA_MYLAPORE_KAPALEESHWARAR,2026-09-24T21:00:00,2026-09-23T20:00:00,25,59.9,MODERATE,27.7,Sunny & Warm,9,"[{""feature_key"": ""lag_1"", ""feature_name"": ""Recent Congestion (1h ago)"", ""feature_value"": 95.2, ""shap_value"": 3.36, ""impact"": 3.36}, {""feature_key"": ""lag_168"", ""feature_name"": ""Same Time Last Week Congestion"", ""feature_value"": 66.0, ""shap_value"": 2.89, ""impact"": 2.89}, {""feature_key"": ""lag_foot_24"", ""feature_name"": ""Yesterday's Foot-Traffic"", ""feature_value"": 4402.0, ""shap_value"": 1.38, ""impact"": 1.38}, {""feature_key"": ""temp_c"", ""feature_name"": ""Ambient Temperature"", ""feature_value"": 27.7, ""shap_value"": 0.75, ""impact"": 0.75}, {""feature_key"": ""lag_trips_1"", ""feature_name"": ""Recent Transit Trips Count"", ""feature_value"": 24.0, ""shap_value"": 0.6, ""impact"": 0.6}]","[{""feature_key"": ""hour_cos"", ""feature_name"": ""Time of Day (Diurnal Cycle)"", ""feature_value"": 0.71, ""shap_value"": -1.62, ""impact"": -1.62}, {""feature_key"": ""lag_24"", ""feature_name"": ""Yesterday's Same-Hour Congestion"", ""feature_value"": 58.7, ""shap_value"": -1.44, ""impact"": -1.44}, {""feature_key"": ""lag_3"", ""feature_name"": ""Short-term Congestion (3h ago)"", ""feature_value"": 98.9, ""shap_value"": -1.02, ""impact"": -1.02}, {""feature_key"": ""scheduled_trips"", ""feature_name"": ""Transit Dispatch Frequency"", ""feature_value"": 9.0, ""shap_value"": -0.95, ""impact"": -0.95}, {""feature_key"": ""dow_sin"", ""feature_name"": ""Weekly Schedule Cycle"", ""feature_value"": 0.43, ""shap_value"": -0.88, ""impact"": -0.88}]",60.24
2570,MAA_MYLAPORE_KAPALEESHWARAR,2026-09-24T22:00:00,2026-09-23T20:00:00,26,39.0,MODERATE,27.6,Sunny & Warm,9,"[{""feature_key"": ""temp_c"", ""feature_name"": ""Ambient Temperature"", ""feature_value"": 27.6, ""shap_value"": 0.9, ""impact"": 0.9}, {""feature_key"": ""capacity_baseline"", ""feature_name"": ""Station Theoretical Capacity"", ""feature_value"": 7500.0, ""shap_value"": 0.35, ""impact"": 0.35}, {""feature_key"": ""lag_foot_1"", ""feature_name"": ""Recent Foot-Traffic (1h ago)"", ""feature_value"": 4492.0, ""shap_value"": 0.12, ""impact"": 0.12}, {""feature_key"": ""dow_cos"", ""feature_name"": ""Day of Week Alignment"", ""feature_value"": -0.9, ""shap_value"": 0.11, ""impact"": 0.11}, {""feature_key"": ""lag_2"", ""feature_name"": ""Short-term Congestion (2h ago)"", ""feature_value"": 95.2, ""shap_value"": 0.08, ""impact"": 0.08}]","[{""feature_key"": ""lag_168"", ""feature_name"": ""Same Time Last Week Congestion"", ""feature_value"": 37.6, ""shap_value"": -13.68, ""impact"": -13.68}, {""feature_key"": ""hour_cos"", ""feature_name"": ""Time of Day (Diurnal Cycle)"", ""feature_value"": 0.87, ""shap_value"": -2.3, ""impact"": -2.3}, {""feature_key"": ""lag_24"", ""feature_name"": ""Yesterday's Same-Hour Congestion"", ""feature_value"": 33.5, ""shap_value"": -1.79, ""impact"": -1.79}, {""feature_key"": ""hour_sin"", ""feature_name"": ""Time of Day (Peak Window)"", ""feature_value"": -0.5, ""shap_value"": -0.86, ""impact"": -0.86}, {""feature_key"": ""lag_3"", ""feature_name"": ""Short-term Congestion (3h ago)"", ""feature_value"": 98.3, ""shap_value"": -0.63, ""impact"": -0.63}]",60.24
2571,MAA_MYLAPORE_KAPALEESHWARAR,2026-09-24T23:00:00,2026-09-23T20:00:00,27,15.8,LOW,28.6,Sunny & Warm,9,"[{""feature_key"": ""temp_c"", ""feature_name"": ""Ambient Temperature"", ""feature_value"": 28.6, ""shap_value"": 0.45, ""impact"": 0.45}, {""feature_key"": ""roll_std_24h"", ""feature_name"": ""24-Hour Crowd Volatility"", ""feature_value"": 30.85, ""shap_value"": 0.08, ""impact"": 0.08}, {""feature_key"": ""dow_cos"", ""feature_name"": ""Day of Week Alignment"", ""feature_value"": -0.9, ""shap_value"": 0.07, ""impact"": 0.07}, {""feature_key"": ""lag_trips_24"", ""feature_name"": ""Yesterday's Scheduled Transit Trips"", ""feature_value"": 9.0, ""shap_value"": 0.06, ""impact"": 0.06}, {""feature_key"": ""feels_like_c"", ""feature_name"": ""Apparent Feels-Like Temperature"", ""feature_value"": 29.7, ""shap_value"": 0.02, ""impact"": 0.02}]","[{""feature_key"": ""lag_168"", ""feature_name"": ""Same Time Last Week Congestion"", ""feature_value"": 14.0, ""shap_value"": -30.69, ""impact"": -30.69}, {""feature_key"": ""lag_foot_24"", ""feature_name"": ""Yesterday's Foot-Traffic"", ""feature_value"": 1110.0, ""shap_value"": -2.52, ""impact"": -2.52}, {""feature_key"": ""lag_1"", ""feature_name"": ""Recent Congestion (1h ago)"", ""feature_value"": 39.0, ""shap_value"": -2.43, ""impact"": -2.43}, {""feature_key"": ""lag_24"", ""feature_name"": ""Yesterday's Same-Hour Congestion"", ""feature_value"": 14.8, ""shap_value"": -2.16, ""impact"": -2.16}, {""feature_key"": ""hour_cos"", ""feature_name"": ""Time of Day (Diurnal Cycle)"", ""feature_value"": 0.97, ""shap_value"": -1.95, ""impact"": -1.95}]",60.24
2572,MAA_MYLAPORE_KAPALEESHWARAR,2026-09-25T00:00:00,2026-09-23T20:00:00,28,15.6,LOW,27.0,Humid / Overcast,8,"[{""feature_key"": ""lag_trips_24"", ""feature_name"": ""Yesterday's Scheduled Transit Trips"", ""feature_value"": 8.0, ""shap_value"": 0.23, ""impact"": 0.23}, {""feature_key"": ""dow_cos"", ""feature_name"": ""Day of Week Alignment"", ""feature_value"": -0.9, ""shap_value"": 0.07, ""impact"": 0.07}, {""feature_key"": ""temp_c"", ""feature_name"": ""Ambient Temperature"", ""feature_value"": 27.0, ""shap_value"": 0.02, ""impact"": 0.02}, {""feature_key"": ""feels_like_c"", ""feature_name"": ""Apparent Feels-Like Temperature"", ""feature_value"": 28.2, ""shap_value"": 0.01, ""impact"": 0.01}, {""feature_key"": ""roll_mean_24h"", ""feature_name"": ""24-Hour Average Baseline"", ""feature_value"": 57.43, ""shap_value"": 0.01, ""impact"": 0.01}]","[{""feature_key"": ""lag_168"", ""feature_name"": ""Same Time Last Week Congestion"", ""feature_value"": 12.6, ""shap_value"": -30.17, ""impact"": -30.17}, {""feature_key"": ""lag_1"", ""feature_name"": ""Recent Congestion (1h ago)"", ""feature_value"": 15.8, ""shap_value"": -2.59, ""impact"": -2.59}, {""feature_key"": ""lag_foot_24"", ""feature_name"": ""Yesterday's Foot-Traffic"", ""feature_value"": 975.0, ""shap_value"": -2.59, ""impact"": -2.59}, {""feature_key"": ""lag_24"", ""feature_name"": ""Yesterday's Same-Hour Congestion"", ""feature_value"": 13.0, ""shap_value"": -2.3, ""impact"": -2.3}, {""feature_key"": ""hour_cos"", ""feature_name"": ""Time of Day (Diurnal Cycle)"", ""feature_value"": 1.0, ""shap_value"": -2.03, ""impact"": -2.03}]",60.24
2573,MAA_MYLAPORE_KAPALEESHWARAR,2026-09-25T01:00:00,2026-09-23T20:00:00,29,16.3,LOW,25.2,Humid / Overcast,8,"[{""feature_key"": ""lag_trips_24"", ""feature_name"": ""Yesterday's Scheduled Transit Trips"", ""feature_value"": 8.0, ""shap_value"": 0.25, ""impact"": 0.25}, {""feature_key"": ""lag_3"", ""feature_name"": ""Short-term Congestion (3h ago)"", ""feature_value"": 39.0, ""shap_value"": 0.24, ""impact"": 0.24}, {""feature_key"": ""roll_mean_6h"", ""feature_name"": ""6-Hour Moving Congestion Trend"", ""feature_value"": 53.97, ""shap_value"": 0.09, ""impact"": 0.09}, {""feature_key"": ""temp_c"", ""feature_name"": ""Ambient Temperature"", ""feature_value"": 25.2, ""shap_value"": 0.04, ""impact"": 0.04}, {""feature_key"": ""dow_cos"", ""feature_name"": ""Day of Week Alignment"", ""feature_value"": -0.9, ""shap_value"": 0.03, ""impact"": 0.03}]","[{""feature_key"": ""lag_168"", ""feature_name"": ""Same Time Last Week Congestion"", ""feature_value"": 13.3, ""shap_value"": -29.88, ""impact"": -29.88}, {""feature_key"": ""lag_1"", ""feature_name"": ""Recent Congestion (1h ago)"", ""feature_value"": 15.6, ""shap_value"": -2.63, ""impact"": -2.63}, {""feature_key"": ""lag_foot_24"", ""feature_name"": ""Yesterday's Foot-Traffic"", ""feature_value"": 1027.0, ""shap_value"": -2.58, ""impact"": -2.58}, {""feature_key"": ""lag_24"", ""feature_name"": ""Yesterday's Same-Hour Congestion"", ""feature_value"": 13.7, ""shap_value"": -2.31, ""impact"": -2.31}, {""feature_key"": ""hour_cos"", ""feature_name"": ""Time of Day (Diurnal Cycle)"", ""feature_value"": 0.97, ""shap_value"": -1.86, ""impact"": -1.86}]",60.24
2574,MAA_MYLAPORE_KAPALEESHWARAR,2026-09-25T02:00:00,2026-09-23T20:00:00,30,20.3,LOW,25.6,Humid / Overcast,8,"[{""feature_key"": ""lag_3"", ""feature_name"": ""Short-term Congestion (3h ago)"", ""feature_value"": 15.8, ""shap_value"": 0.4, ""impact"": 0.4}, {""feature_key"": ""lag_trips_24"", ""feature_name"": ""Yesterday's Scheduled Transit Trips"", ""feature_value"": 8.0, ""shap_value"": 0.25, ""impact"": 0.25}, {""feature_key"": ""roll_mean_6h"", ""feature_name"": ""6-Hour Moving Congestion Trend"", ""feature_value"": 40.3, ""shap_value"": 0.14, ""impact"": 0.14}, {""feature_key"": ""temp_c"", ""feature_name"": ""Ambient Temperature"", ""feature_value"": 25.6, ""shap_value"": 0.05, ""impact"": 0.05}, {""feature_key"": ""roll_std_24h"", ""feature_name"": ""24-Hour Crowd Volatility"", ""feature_value"": 30.49, ""shap_value"": 0.02, ""impact"": 0.02}]","[{""feature_key"": ""lag_168"", ""feature_name"": ""Same Time Last Week Congestion"", ""feature_value"": 21.6, ""shap_value"": -27.68, ""impact"": -27.68}, {""feature_key"": ""lag_1"", ""feature_name"": ""Recent Congestion (1h ago)"", ""feature_value"": 16.3, ""shap_value"": -2.68, ""impact"": -2.68}, {""feature_key"": ""lag_24"", ""feature_name"": ""Yesterday's Same-Hour Congestion"", ""feature_value"": 15.8, ""shap_value"": -2.45, ""impact"": -2.45}, {""feature_key"": ""lag_foot_24"", ""feature_name"": ""Yesterday's Foot-Traffic"", ""feature_value"": 1185.0, ""shap_value"": -1.72, ""impact"": -1.72}, {""feature_key"": ""lag_foot_1"", ""feature_name"": ""Recent Foot-Traffic (1h ago)"", ""feature_value"": 1222.0, ""shap_value"": -1.57, ""impact"": -1.57}]",60.24
2575,MAA_MYLAPORE_KAPALEESHWARAR,2026-09-25T03:00:00,2026-09-23T20:00:00,31,24.6,LOW,24.9,Humid / Overcast,8,"[{""feature_key"": ""lag_3"", ""feature_name"": ""Short-term Congestion (3h ago)"", ""feature_value"": 15.6, ""shap_value"": 0.44, ""impact"": 0.44}, {""feature_key"": ""lag_trips_24"", ""feature_name"": ""Yesterday's Scheduled Transit Trips"", ""feature_value"": 8.0, ""shap_value"": 0.25, ""impact"": 0.25}, {""feature_key"": ""roll_mean_6h"", ""feature_name"": ""6-Hour Moving Congestion Trend"", ""feature_value"": 27.82, ""shap_value"": 0.22, ""impact"": 0.22}, {""feature_key"": ""capacity_baseline"", ""feature_name"": ""Station Theoretical Capacity"", ""feature_value"": 7500.0, ""shap_value"": 0.19, ""impact"": 0.19}, {""feature_key"": ""temp_c"", ""feature_name"": ""Ambient Temperature"", ""feature_value"": 24.9, ""shap_value"": 0.07, ""impact"": 0.07}]","[{""feature_key"": ""lag_168"", ""feature_name"": ""Same Time Last Week Congestion"", ""feature_value"": 23.4, ""shap_value"": -25.48, ""impact"": -25.48}, {""feature_key"": ""lag_1"", ""feature_name"": ""Recent Congestion (1h ago)"", ""feature_value"": 20.3, ""shap_value"": -3.01, ""impact"": -3.01}, {""feature_key"": ""lag_24"", ""feature_name"": ""Yesterday's Same-Hour Congestion"", ""feature_value"": 22.4, ""shap_value"": -2.05, ""impact"": -2.05}, {""feature_key"": ""hour_cos"", ""feature_name"": ""Time of Day (Diurnal Cycle)"", ""feature_value"": 0.71, ""shap_value"": -1.51, ""impact"": -1.51}, {""feature_key"": ""lag_foot_1"", ""feature_name"": ""Recent Foot-Traffic (1h ago)"", ""feature_value"": 1522.0, ""shap_value"": -1.49, ""impact"": -1.49}]",60.24
2576,MAA_MYLAPORE_KAPALEESHWARAR,2026-09-25T04:00:00,2026-09-23T20:00:00,32,26.1,LOW,26.4,Sunny & Warm,8,"[{""feature_key"": ""lag_3"", ""feature_name"": ""Short-term Congestion (3h ago)"", ""feature_value"": 16.3, ""shap_value"": 0.42, ""impact"": 0.42}, {""feature_key"": ""roll_mean_6h"", ""feature_name"": ""6-Hour Moving Congestion Trend"", ""feature_value"": 21.93, ""shap_value"": 0.26, ""impact"": 0.26}, {""feature_key"": ""capacity_baseline"", ""feature_name"": ""Station Theoretical Capacity"", ""feature_value"": 7500.0, ""shap_value"": 0.25, ""impact"": 0.25}, {""feature_key"": ""lag_trips_24"", ""feature_name"": ""Yesterday's Scheduled Transit Trips"", ""feature_value"": 8.0, ""shap_value"": 0.24, ""impact"": 0.24}, {""feature_key"": ""temp_c"", ""feature_name"": ""Ambient Temperature"", ""feature_value"": 26.4, ""shap_value"": 0.11, ""impact"": 0.11}]","[{""feature_key"": ""lag_168"", ""feature_name"": ""Same Time Last Week Congestion"", ""feature_value"": 23.5, ""shap_value"": -25.07, ""impact"": -25.07}, {""feature_key"": ""lag_1"", ""feature_name"": ""Recent Congestion (1h ago)"", ""feature_value"": 24.6, ""shap_value"": -2.88, ""impact"": -2.88}, {""feature_key"": ""lag_24"", ""feature_name"": ""Yesterday's Same-Hour Congestion"", ""feature_value"": 24.8, ""shap_value"": -1.9, ""impact"": -1.9}, {""feature_key"": ""lag_foot_1"", ""feature_name"": ""Recent Foot-Traffic (1h ago)"", ""feature_value"": 1845.0, ""shap_value"": -1.31, ""impact"": -1.31}, {""feature_key"": ""hour_cos"", ""feature_name"": ""Time of Day (Diurnal Cycle)"", ""feature_value"": 0.5, ""shap_value"": -1.03, ""impact"": -1.03}]",60.24
2577,MAA_MYLAPORE_KAPALEESHWARAR,2026-09-25T05:00:00,2026-09-23T20:00:00,33,40.1,MODERATE,27.4,Monsoon Downpour,9,"[{""feature_key"": ""precip_mm"", ""feature_name"": ""Rainfall Intensity"", ""feature_value"": 7.81, ""shap_value"": 2.73, ""impact"": 2.73}, {""feature_key"": ""weather_tourism_suppression"", ""feature_name"": ""Weather Tourist Dampening Index"", ""feature_value"": 1.71, ""shap_value"": 0.92, ""impact"": 0.92}, {""feature_key"": ""lag_foot_24"", ""feature_name"": ""Yesterday's Foot-Traffic"", ""feature_value"": 2385.0, ""shap_value"": 0.67, ""impact"": 0.67}, {""feature_key"": ""is_rain"", ""feature_name"": ""Rain Weather Friction"", ""feature_value"": 1.0, ""shap_value"": 0.52, ""impact"": 0.52}, {""feature_key"": ""weather_transit_surge"", ""feature_name"": ""Rainfall Transit Inflow Surge"", ""feature_value"": 0.72, ""shap_value"": 0.42, ""impact"": 0.42}]","[{""feature_key"": ""lag_168"", ""feature_name"": ""Same Time Last Week Congestion"", ""feature_value"": 30.1, ""shap_value"": -19.66, ""impact"": -19.66}, {""feature_key"": ""lag_1"", ""feature_name"": ""Recent Congestion (1h ago)"", ""feature_value"": 26.1, ""shap_value"": -2.88, ""impact"": -2.88}, {""feature_key"": ""lag_foot_1"", ""feature_name"": ""Recent Foot-Traffic (1h ago)"", ""feature_value"": 1957.0, ""shap_value"": -1.36, ""impact"": -1.36}, {""feature_key"": ""lag_24"", ""feature_name"": ""Yesterday's Same-Hour Congestion"", ""feature_value"": 31.8, ""shap_value"": -1.17, ""impact"": -1.17}, {""feature_key"": ""hour_cos"", ""feature_name"": ""Time of Day (Diurnal Cycle)"", ""feature_value"": 0.26, ""shap_value"": -0.45, ""impact"": -0.45}]",60.24
2578,MAA_MYLAPORE_KAPALEESHWARAR,2026-09-25T06:00:00,2026-09-23T20:00:00,34,62.2,HIGH,28.5,Monsoon Downpour,9,"[{""feature_key"": ""precip_mm"", ""feature_name"": ""Rainfall Intensity"", ""feature_value"": 6.03, ""shap_value"": 1.41, ""impact"": 1.41}, {""feature_key"": ""lag_foot_24"", ""feature_name"": ""Yesterday's Foot-Traffic"", ""feature_value"": 4297.0, ""shap_value"": 1.34, ""impact"": 1.34}, {""feature_key"": ""lag_168"", ""feature_name"": ""Same Time Last Week Congestion"", ""feature_value"": 62.6, ""shap_value"": 1.23, ""impact"": 1.23}, {""feature_key"": ""temp_c"", ""feature_name"": ""Ambient Temperature"", ""feature_value"": 28.5, ""shap_value"": 1.19, ""impact"": 1.19}, {""feature_key"": ""hour_cos"", ""feature_name"": ""Time of Day (Diurnal Cycle)"", ""feature_value"": 0.0, ""shap_value"": 1.06, ""impact"": 1.06}]","[{""feature_key"": ""lag_1"", ""feature_name"": ""Recent Congestion (1h ago)"", ""feature_value"": 40.1, ""shap_value"": -4.11, ""impact"": -4.11}, {""feature_key"": ""lag_24"", ""feature_name"": ""Yesterday's Same-Hour Congestion"", ""feature_value"": 57.3, ""shap_value"": -1.53, ""impact"": -1.53}, {""feature_key"": ""lag_foot_1"", ""feature_name"": ""Recent Foot-Traffic (1h ago)"", ""feature_value"": 3007.0, ""shap_value"": -1.14, ""impact"": -1.14}, {""feature_key"": ""scheduled_trips"", ""feature_name"": ""Transit Dispatch Frequency"", ""feature_value"": 9.0, ""shap_value"": -0.41, ""impact"": -0.41}, {""feature_key"": ""transit_pressure_ratio"", ""feature_name"": ""Transit Demand-to-Supply Ratio"", ""feature_value"": 6.48, ""shap_value"": -0.35, ""impact"": -0.35}]",60.24
2579,MAA_MYLAPORE_KAPALEESHWARAR,2026-09-25T07:00:00,2026-09-23T20:00:00,35,77.7,HIGH,29.1,Monsoon Downpour,9,"[{""feature_key"": ""lag_168"", ""feature_name"": ""Same Time Last Week Congestion"", ""feature_value"": 83.6, ""shap_value"": 14.43, ""impact"": 14.43}, {""feature_key"": ""lag_foot_24"", ""feature_name"": ""Yesterday's Foot-Traffic"", ""feature_value"": 5992.0, ""shap_value"": 2.27, ""impact"": 2.27}, {""feature_key"": ""hour_cos"", ""feature_name"": ""Time of Day (Diurnal Cycle)"", ""feature_value"": -0.26, ""shap_value"": 1.74, ""impact"": 1.74}, {""feature_key"": ""hour_sin"", ""feature_name"": ""Time of Day (Peak Window)"", ""feature_value"": 0.97, ""shap_value"": 1.06, ""impact"": 1.06}, {""feature_key"": ""capacity_baseline"", ""feature_name"": ""Station Theoretical Capacity"", ""feature_value"": 7500.0, ""shap_value"": 0.71, ""impact"": 0.71}]","[{""feature_key"": ""lag_1"", ""feature_name"": ""Recent Congestion (1h ago)"", ""feature_value"": 62.2, ""shap_value"": -1.88, ""impact"": -1.88}, {""feature_key"": ""transit_pressure_ratio"", ""feature_name"": ""Transit Demand-to-Supply Ratio"", ""feature_value"": 6.5, ""shap_value"": -0.69, ""impact"": -0.69}, {""feature_key"": ""scheduled_trips"", ""feature_name"": ""Transit Dispatch Frequency"", ""feature_value"": 9.0, ""shap_value"": -0.49, ""impact"": -0.49}, {""feature_key"": ""weather_tourism_suppression"", ""feature_name"": ""Weather Tourist Dampening Index"", ""feature_value"": 1.71, ""shap_value"": -0.4, ""impact"": -0.4}, {""feature_key"": ""precip_mm"", ""feature_name"": ""Rainfall Intensity"", ""feature_value"": 9.77, ""shap_value"": -0.39, ""impact"": -0.39}]",60.24
2580,MAA_MYLAPORE_KAPALEESHWARAR,2026-09-25T08:00:00,2026-09-23T20:00:00,36,94.1,SEVERE,30.8,Monsoon Downpour,24,"[{""feature_key"": ""lag_168"", ""feature_name"": ""Same Time Last Week Congestion"", ""feature_value"": 98.5, ""shap_value"": 22.92, ""impact"": 22.92}, {""feature_key"": ""lag_foot_24"", ""feature_name"": ""Yesterday's Foot-Traffic"", ""feature_value"": 7327.0, ""shap_value"": 2.63, ""impact"": 2.63}, {""feature_key"": ""lag_24"", ""feature_name"": ""Yesterday's Same-Hour Congestion"", ""feature_value"": 97.7, ""shap_value"": 2.04, ""impact"": 2.04}, {""feature_key"": ""hour_cos"", ""feature_name"": ""Time of Day (Diurnal Cycle)"", ""feature_value"": -0.5, ""shap_value"": 1.5, ""impact"": 1.5}, {""feature_key"": ""scheduled_trips"", ""feature_name"": ""Transit Dispatch Frequency"", ""feature_value"": 24.0, ""shap_value"": 0.99, ""impact"": 0.99}]","[{""feature_key"": ""weather_tourism_suppression"", ""feature_name"": ""Weather Tourist Dampening Index"", ""feature_value"": 1.71, ""shap_value"": -1.03, ""impact"": -1.03}, {""feature_key"": ""precip_mm"", ""feature_name"": ""Rainfall Intensity"", ""feature_value"": 12.49, ""shap_value"": -0.3, ""impact"": -0.3}, {""feature_key"": ""dow_sin"", ""feature_name"": ""Weekly Schedule Cycle"", ""feature_value"": -0.43, ""shap_value"": -0.18, ""impact"": -0.18}, {""feature_key"": ""roll_mean_3h"", ""feature_name"": ""3-Hour Moving Congestion Trend"", ""feature_value"": 60.0, ""shap_value"": -0.18, ""impact"": -0.18}, {""feature_key"": ""lag_trips_24"", ""feature_name"": ""Yesterday's Scheduled Transit Trips"", ""feature_value"": 24.0, ""shap_value"": -0.17, ""impact"": -0.17}]",60.24
2581,MAA_MYLAPORE_KAPALEESHWARAR,2026-09-25T09:00:00,2026-09-23T20:00:00,37,95.2,SEVERE,31.7,Monsoon Downpour,24,"[{""feature_key"": ""lag_168"", ""feature_name"": ""Same Time Last Week Congestion"", ""feature_value"": 98.5, ""shap_value"": 23.47, ""impact"": 23.47}, {""feature_key"": ""lag_1"", ""feature_name"": ""Recent Congestion (1h ago)"", ""feature_value"": 94.1, ""shap_value"": 2.6, ""impact"": 2.6}, {""feature_key"": ""lag_foot_24"", ""feature_name"": ""Yesterday's Foot-Traffic"", ""feature_value"": 7350.0, ""shap_value"": 2.36, ""impact"": 2.36}, {""feature_key"": ""lag_24"", ""feature_name"": ""Yesterday's Same-Hour Congestion"", ""feature_value"": 98.0, ""shap_value"": 2.02, ""impact"": 2.02}, {""feature_key"": ""hour_cos"", ""feature_name"": ""Time of Day (Diurnal Cycle)"", ""feature_value"": -0.71, ""shap_value"": 1.33, ""impact"": 1.33}]","[{""feature_key"": ""weather_tourism_suppression"", ""feature_name"": ""Weather Tourist Dampening Index"", ""feature_value"": 1.71, ""shap_value"": -0.62, ""impact"": -0.62}, {""feature_key"": ""dow_sin"", ""feature_name"": ""Weekly Schedule Cycle"", ""feature_value"": -0.43, ""shap_value"": -0.25, ""impact"": -0.25}, {""feature_key"": ""precip_mm"", ""feature_name"": ""Rainfall Intensity"", ""feature_value"": 11.44, ""shap_value"": -0.14, ""impact"": -0.14}, {""feature_key"": ""lag_trips_24"", ""feature_name"": ""Yesterday's Scheduled Transit Trips"", ""feature_value"": 24.0, ""shap_value"": -0.14, ""impact"": -0.14}, {""feature_key"": ""humidity_pct"", ""feature_name"": ""Marine Layer / Humidity"", ""feature_value"": 77.0, ""shap_value"": -0.1, ""impact"": -0.1}]",60.24
2582,MAA_MYLAPORE_KAPALEESHWARAR,2026-09-25T10:00:00,2026-09-23T20:00:00,38,86.9,SEVERE,31.3,Monsoon Downpour,24,"[{""feature_key"": ""lag_168"", ""feature_name"": ""Same Time Last Week Congestion"", ""feature_value"": 94.4, ""shap_value"": 20.09, ""impact"": 20.09}, {""feature_key"": ""lag_1"", ""feature_name"": ""Recent Congestion (1h ago)"", ""feature_value"": 95.2, ""shap_value"": 2.66, ""impact"": 2.66}, {""feature_key"": ""lag_foot_24"", ""feature_name"": ""Yesterday's Foot-Traffic"", ""feature_value"": 6712.0, ""shap_value"": 2.3, ""impact"": 2.3}, {""feature_key"": ""scheduled_trips"", ""feature_name"": ""Transit Dispatch Frequency"", ""feature_value"": 24.0, ""shap_value"": 0.98, ""impact"": 0.98}, {""feature_key"": ""transit_pressure_ratio"", ""feature_name"": ""Transit Demand-to-Supply Ratio"", ""feature_value"": 2.42, ""shap_value"": 0.82, ""impact"": 0.82}]","[{""feature_key"": ""hour_cos"", ""feature_name"": ""Time of Day (Diurnal Cycle)"", ""feature_value"": -0.87, ""shap_value"": -1.48, ""impact"": -1.48}, {""feature_key"": ""hour_sin"", ""feature_name"": ""Time of Day (Peak Window)"", ""feature_value"": 0.5, ""shap_value"": -0.74, ""impact"": -0.74}, {""feature_key"": ""weather_tourism_suppression"", ""feature_name"": ""Weather Tourist Dampening Index"", ""feature_value"": 1.71, ""shap_value"": -0.5, ""impact"": -0.5}, {""feature_key"": ""dow_sin"", ""feature_name"": ""Weekly Schedule Cycle"", ""feature_value"": -0.43, ""shap_value"": -0.35, ""impact"": -0.35}, {""feature_key"": ""transit_weight"", ""feature_name"": ""Transit Commuter Dominance"", ""feature_value"": 0.45, ""shap_value"": -0.27, ""impact"": -0.27}]",60.24
2583,MAA_MYLAPORE_KAPALEESHWARAR,2026-09-25T11:00:00,2026-09-23T20:00:00,39,65.7,HIGH,33.2,Sunny & Warm,15,"[{""feature_key"": ""lag_168"", ""feature_name"": ""Same Time Last Week Congestion"", ""feature_value"": 65.0, ""shap_value"": 5.23, ""impact"": 5.23}, {""feature_key"": ""lag_1"", ""feature_name"": ""Recent Congestion (1h ago)"", ""feature_value"": 86.9, ""shap_value"": 2.77, ""impact"": 2.77}, {""feature_key"": ""lag_foot_24"", ""feature_name"": ""Yesterday's Foot-Traffic"", ""feature_value"": 5325.0, ""shap_value"": 2.31, ""impact"": 2.31}, {""feature_key"": ""lag_24"", ""feature_name"": ""Yesterday's Same-Hour Congestion"", ""feature_value"": 71.0, ""shap_value"": 0.47, ""impact"": 0.47}, {""feature_key"": ""lag_foot_1"", ""feature_name"": ""Recent Foot-Traffic (1h ago)"", ""feature_value"": 6517.0, ""shap_value"": 0.43, ""impact"": 0.43}]","[{""feature_key"": ""hour_cos"", ""feature_name"": ""Time of Day (Diurnal Cycle)"", ""feature_value"": -0.97, ""shap_value"": -1.89, ""impact"": -1.89}, {""feature_key"": ""hour_sin"", ""feature_name"": ""Time of Day (Peak Window)"", ""feature_value"": 0.26, ""shap_value"": -1.65, ""impact"": -1.65}, {""feature_key"": ""lag_3"", ""feature_name"": ""Short-term Congestion (3h ago)"", ""feature_value"": 94.1, ""shap_value"": -0.87, ""impact"": -0.87}, {""feature_key"": ""weather_transit_surge"", ""feature_name"": ""Rainfall Transit Inflow Surge"", ""feature_value"": 0.0, ""shap_value"": -0.74, ""impact"": -0.74}, {""feature_key"": ""dow_sin"", ""feature_name"": ""Weekly Schedule Cycle"", ""feature_value"": -0.43, ""shap_value"": -0.46, ""impact"": -0.46}]",60.24
2584,MAA_MYLAPORE_KAPALEESHWARAR,2026-09-25T12:00:00,2026-09-23T20:00:00,40,51.6,MODERATE,34.1,Sunny & Warm,15,"[{""feature_key"": ""lag_1"", ""feature_name"": ""Recent Congestion (1h ago)"", ""feature_value"": 65.7, ""shap_value"": 0.6, ""impact"": 0.6}, {""feature_key"": ""lag_foot_1"", ""feature_name"": ""Recent Foot-Traffic (1h ago)"", ""feature_value"": 4927.0, ""shap_value"": 0.56, ""impact"": 0.56}, {""feature_key"": ""temp_c"", ""feature_name"": ""Ambient Temperature"", ""feature_value"": 34.1, ""shap_value"": 0.44, ""impact"": 0.44}, {""feature_key"": ""capacity_baseline"", ""feature_name"": ""Station Theoretical Capacity"", ""feature_value"": 7500.0, ""shap_value"": 0.25, ""impact"": 0.25}, {""feature_key"": ""feels_like_c"", ""feature_name"": ""Apparent Feels-Like Temperature"", ""feature_value"": 33.4, ""shap_value"": 0.17, ""impact"": 0.17}]","[{""feature_key"": ""lag_168"", ""feature_name"": ""Same Time Last Week Congestion"", ""feature_value"": 51.8, ""shap_value"": -3.0, ""impact"": -3.0}, {""feature_key"": ""lag_24"", ""feature_name"": ""Yesterday's Same-Hour Congestion"", ""feature_value"": 48.7, ""shap_value"": -2.08, ""impact"": -2.08}, {""feature_key"": ""hour_cos"", ""feature_name"": ""Time of Day (Diurnal Cycle)"", ""feature_value"": -1.0, ""shap_value"": -1.3, ""impact"": -1.3}, {""feature_key"": ""hour_sin"", ""feature_name"": ""Time of Day (Peak Window)"", ""feature_value"": 0.0, ""shap_value"": -1.22, ""impact"": -1.22}, {""feature_key"": ""lag_3"", ""feature_name"": ""Short-term Congestion (3h ago)"", ""feature_value"": 95.2, ""shap_value"": -0.6, ""impact"": -0.6}]",60.24
2585,MAA_MYLAPORE_KAPALEESHWARAR,2026-09-25T13:00:00,2026-09-23T20:00:00,41,45.4,MODERATE,34.0,Sunny & Warm,15,"[{""feature_key"": ""temp_c"", ""feature_name"": ""Ambient Temperature"", ""feature_value"": 34.0, ""shap_value"": 0.39, ""impact"": 0.39}, {""feature_key"": ""capacity_baseline"", ""feature_name"": ""Station Theoretical Capacity"", ""feature_value"": 7500.0, ""shap_value"": 0.33, ""impact"": 0.33}, {""feature_key"": ""humidity_pct"", ""feature_name"": ""Marine Layer / Humidity"", ""feature_value"": 57.0, ""shap_value"": 0.28, ""impact"": 0.28}, {""feature_key"": ""lag_trips_1"", ""feature_name"": ""Recent Transit Trips Count"", ""feature_value"": 15.0, ""shap_value"": 0.18, ""impact"": 0.18}, {""feature_key"": ""feels_like_c"", ""feature_name"": ""Apparent Feels-Like Temperature"", ""feature_value"": 32.5, ""shap_value"": 0.12, ""impact"": 0.12}]","[{""feature_key"": ""lag_168"", ""feature_name"": ""Same Time Last Week Congestion"", ""feature_value"": 41.5, ""shap_value"": -8.78, ""impact"": -8.78}, {""feature_key"": ""lag_24"", ""feature_name"": ""Yesterday's Same-Hour Congestion"", ""feature_value"": 41.7, ""shap_value"": -1.27, ""impact"": -1.27}, {""feature_key"": ""hour_sin"", ""feature_name"": ""Time of Day (Peak Window)"", ""feature_value"": -0.26, ""shap_value"": -1.18, ""impact"": -1.18}, {""feature_key"": ""lag_1"", ""feature_name"": ""Recent Congestion (1h ago)"", ""feature_value"": 51.6, ""shap_value"": -1.15, ""impact"": -1.15}, {""feature_key"": ""hour_cos"", ""feature_name"": ""Time of Day (Diurnal Cycle)"", ""feature_value"": -0.97, ""shap_value"": -0.94, ""impact"": -0.94}]",60.24
2586,MAA_MYLAPORE_KAPALEESHWARAR,2026-09-25T14:00:00,2026-09-23T20:00:00,42,53.5,MODERATE,33.6,Monsoon Downpour,15,"[{""feature_key"": ""precip_mm"", ""feature_name"": ""Rainfall Intensity"", ""feature_value"": 6.56, ""shap_value"": 3.52, ""impact"": 3.52}, {""feature_key"": ""weather_tourism_suppression"", ""feature_name"": ""Weather Tourist Dampening Index"", ""feature_value"": 1.71, ""shap_value"": 0.65, ""impact"": 0.65}, {""feature_key"": ""is_rain"", ""feature_name"": ""Rain Weather Friction"", ""feature_value"": 1.0, ""shap_value"": 0.54, ""impact"": 0.54}, {""feature_key"": ""temp_c"", ""feature_name"": ""Ambient Temperature"", ""feature_value"": 33.6, ""shap_value"": 0.26, ""impact"": 0.26}, {""feature_key"": ""lag_foot_24"", ""feature_name"": ""Yesterday's Foot-Traffic"", ""feature_value"": 3307.0, ""shap_value"": 0.24, ""impact"": 0.24}]","[{""feature_key"": ""lag_168"", ""feature_name"": ""Same Time Last Week Congestion"", ""feature_value"": 43.8, ""shap_value"": -6.63, ""impact"": -6.63}, {""feature_key"": ""lag_1"", ""feature_name"": ""Recent Congestion (1h ago)"", ""feature_value"": 45.4, ""shap_value"": -1.72, ""impact"": -1.72}, {""feature_key"": ""lag_24"", ""feature_name"": ""Yesterday's Same-Hour Congestion"", ""feature_value"": 44.1, ""shap_value"": -1.22, ""impact"": -1.22}, {""feature_key"": ""hour_sin"", ""feature_name"": ""Time of Day (Peak Window)"", ""feature_value"": -0.5, ""shap_value"": -0.91, ""impact"": -0.91}, {""feature_key"": ""lag_foot_1"", ""feature_name"": ""Recent Foot-Traffic (1h ago)"", ""feature_value"": 3404.0, ""shap_value"": -0.75, ""impact"": -0.75}]",60.24
2587,MAA_MYLAPORE_KAPALEESHWARAR,2026-09-25T15:00:00,2026-09-23T20:00:00,43,62.6,HIGH,34.1,Monsoon Downpour,15,"[{""feature_key"": ""precip_mm"", ""feature_name"": ""Rainfall Intensity"", ""feature_value"": 7.63, ""shap_value"": 2.09, ""impact"": 2.09}, {""feature_key"": ""hour_cos"", ""feature_name"": ""Time of Day (Diurnal Cycle)"", ""feature_value"": -0.71, ""shap_value"": 1.59, ""impact"": 1.59}, {""feature_key"": ""lag_foot_24"", ""feature_name"": ""Yesterday's Foot-Traffic"", ""feature_value"": 3855.0, ""shap_value"": 0.92, ""impact"": 0.92}, {""feature_key"": ""weather_tourism_suppression"", ""feature_name"": ""Weather Tourist Dampening Index"", ""feature_value"": 1.71, ""shap_value"": 0.81, ""impact"": 0.81}, {""feature_key"": ""is_rain"", ""feature_name"": ""Rain Weather Friction"", ""feature_value"": 1.0, ""shap_value"": 0.61, ""impact"": 0.61}]","[{""feature_key"": ""lag_168"", ""feature_name"": ""Same Time Last Week Congestion"", ""feature_value"": 50.6, ""shap_value"": -2.75, ""impact"": -2.75}, {""feature_key"": ""lag_1"", ""feature_name"": ""Recent Congestion (1h ago)"", ""feature_value"": 53.5, ""shap_value"": -1.52, ""impact"": -1.52}, {""feature_key"": ""lag_24"", ""feature_name"": ""Yesterday's Same-Hour Congestion"", ""feature_value"": 51.4, ""shap_value"": -1.13, ""impact"": -1.13}, {""feature_key"": ""lag_trips_24"", ""feature_name"": ""Yesterday's Scheduled Transit Trips"", ""feature_value"": 15.0, ""shap_value"": -0.32, ""impact"": -0.32}, {""feature_key"": ""hour_sin"", ""feature_name"": ""Time of Day (Peak Window)"", ""feature_value"": -0.71, ""shap_value"": -0.26, ""impact"": -0.26}]",60.24
2588,MAA_MYLAPORE_KAPALEESHWARAR,2026-09-25T16:00:00,2026-09-23T20:00:00,44,70.6,HIGH,33.2,Monsoon Downpour,15,"[{""feature_key"": ""lag_168"", ""feature_name"": ""Same Time Last Week Congestion"", ""feature_value"": 66.2, ""shap_value"": 6.43, ""impact"": 6.43}, {""feature_key"": ""lag_foot_24"", ""feature_name"": ""Yesterday's Foot-Traffic"", ""feature_value"": 5565.0, ""shap_value"": 2.12, ""impact"": 2.12}, {""feature_key"": ""hour_cos"", ""feature_name"": ""Time of Day (Diurnal Cycle)"", ""feature_value"": -0.5, ""shap_value"": 1.28, ""impact"": 1.28}, {""feature_key"": ""hour_sin"", ""feature_name"": ""Time of Day (Peak Window)"", ""feature_value"": -0.87, ""shap_value"": 1.26, ""impact"": 1.26}, {""feature_key"": ""lag_24"", ""feature_name"": ""Yesterday's Same-Hour Congestion"", ""feature_value"": 74.2, ""shap_value"": 1.1, ""impact"": 1.1}]","[{""feature_key"": ""lag_1"", ""feature_name"": ""Recent Congestion (1h ago)"", ""feature_value"": 62.6, ""shap_value"": -1.26, ""impact"": -1.26}, {""feature_key"": ""precip_mm"", ""feature_name"": ""Rainfall Intensity"", ""feature_value"": 8.45, ""shap_value"": -1.13, ""impact"": -1.13}, {""feature_key"": ""lag_foot_1"", ""feature_name"": ""Recent Foot-Traffic (1h ago)"", ""feature_value"": 4695.0, ""shap_value"": -0.47, ""impact"": -0.47}, {""feature_key"": ""lag_trips_24"", ""feature_name"": ""Yesterday's Scheduled Transit Trips"", ""feature_value"": 15.0, ""shap_value"": -0.38, ""impact"": -0.38}, {""feature_key"": ""weather_tourism_suppression"", ""feature_name"": ""Weather Tourist Dampening Index"", ""feature_value"": 1.71, ""shap_value"": -0.31, ""impact"": -0.31}]",60.24
2589,MAA_MYLAPORE_KAPALEESHWARAR,2026-09-25T17:00:00,2026-09-23T20:00:00,45,91.2,SEVERE,33.7,Thunderstorm / Rain,24,"[{""feature_key"": ""lag_168"", ""feature_name"": ""Same Time Last Week Congestion"", ""feature_value"": 96.4, ""shap_value"": 21.26, ""impact"": 21.26}, {""feature_key"": ""lag_foot_24"", ""feature_name"": ""Yesterday's Foot-Traffic"", ""feature_value"": 7207.0, ""shap_value"": 2.5, ""impact"": 2.5}, {""feature_key"": ""lag_24"", ""feature_name"": ""Yesterday's Same-Hour Congestion"", ""feature_value"": 96.1, ""shap_value"": 2.15, ""impact"": 2.15}, {""feature_key"": ""hour_sin"", ""feature_name"": ""Time of Day (Peak Window)"", ""feature_value"": -0.97, ""shap_value"": 1.51, ""impact"": 1.51}, {""feature_key"": ""hour_cos"", ""feature_name"": ""Time of Day (Diurnal Cycle)"", ""feature_value"": -0.26, ""shap_value"": 1.49, ""impact"": 1.49}]","[{""feature_key"": ""weather_tourism_suppression"", ""feature_name"": ""Weather Tourist Dampening Index"", ""feature_value"": 1.71, ""shap_value"": -1.15, ""impact"": -1.15}, {""feature_key"": ""lag_1"", ""feature_name"": ""Recent Congestion (1h ago)"", ""feature_value"": 70.6, ""shap_value"": -0.48, ""impact"": -0.48}, {""feature_key"": ""dow_sin"", ""feature_name"": ""Weekly Schedule Cycle"", ""feature_value"": -0.43, ""shap_value"": -0.25, ""impact"": -0.25}, {""feature_key"": ""lag_trips_24"", ""feature_name"": ""Yesterday's Scheduled Transit Trips"", ""feature_value"": 24.0, ""shap_value"": -0.15, ""impact"": -0.15}, {""feature_key"": ""roll_mean_3h"", ""feature_name"": ""3-Hour Moving Congestion Trend"", ""feature_value"": 62.23, ""shap_value"": -0.09, ""impact"": -0.09}]",60.24
2590,MAA_MYLAPORE_KAPALEESHWARAR,2026-09-25T18:00:00,2026-09-23T20:00:00,46,96.8,SEVERE,32.6,Monsoon Downpour,24,"[{""feature_key"": ""lag_168"", ""feature_name"": ""Same Time Last Week Congestion"", ""feature_value"": 98.5, ""shap_value"": 23.51, ""impact"": 23.51}, {""feature_key"": ""lag_foot_24"", ""feature_name"": ""Yesterday's Foot-Traffic"", ""feature_value"": 7417.0, ""shap_value"": 2.48, ""impact"": 2.48}, {""feature_key"": ""lag_24"", ""feature_name"": ""Yesterday's Same-Hour Congestion"", ""feature_value"": 98.9, ""shap_value"": 2.16, ""impact"": 2.16}, {""feature_key"": ""lag_1"", ""feature_name"": ""Recent Congestion (1h ago)"", ""feature_value"": 91.2, ""shap_value"": 2.08, ""impact"": 2.08}, {""feature_key"": ""hour_sin"", ""feature_name"": ""Time of Day (Peak Window)"", ""feature_value"": -1.0, ""shap_value"": 1.6, ""impact"": 1.6}]","[{""feature_key"": ""weather_tourism_suppression"", ""feature_name"": ""Weather Tourist Dampening Index"", ""feature_value"": 1.71, ""shap_value"": -0.65, ""impact"": -0.65}, {""feature_key"": ""dow_sin"", ""feature_name"": ""Weekly Schedule Cycle"", ""feature_value"": -0.43, ""shap_value"": -0.28, ""impact"": -0.28}, {""feature_key"": ""lag_trips_24"", ""feature_name"": ""Yesterday's Scheduled Transit Trips"", ""feature_value"": 24.0, ""shap_value"": -0.16, ""impact"": -0.16}, {""feature_key"": ""transit_weight"", ""feature_name"": ""Transit Commuter Dominance"", ""feature_value"": 0.45, ""shap_value"": -0.06, ""impact"": -0.06}, {""feature_key"": ""is_weekend"", ""feature_name"": ""Weekend Tourist Surge"", ""feature_value"": 0.0, ""shap_value"": -0.03, ""impact"": -0.03}]",60.24
2591,MAA_MYLAPORE_KAPALEESHWARAR,2026-09-25T19:00:00,2026-09-23T20:00:00,47,95.6,SEVERE,31.3,Monsoon Downpour,24,"[{""feature_key"": ""lag_168"", ""feature_name"": ""Same Time Last Week Congestion"", ""feature_value"": 98.5, ""shap_value"": 23.45, ""impact"": 23.45}, {""feature_key"": ""lag_1"", ""feature_name"": ""Recent Congestion (1h ago)"", ""feature_value"": 96.8, ""shap_value"": 2.51, ""impact"": 2.51}, {""feature_key"": ""lag_foot_24"", ""feature_name"": ""Yesterday's Foot-Traffic"", ""feature_value"": 7372.0, ""shap_value"": 2.4, ""impact"": 2.4}, {""feature_key"": ""lag_24"", ""feature_name"": ""Yesterday's Same-Hour Congestion"", ""feature_value"": 98.3, ""shap_value"": 2.1, ""impact"": 2.1}, {""feature_key"": ""hour_sin"", ""feature_name"": ""Time of Day (Peak Window)"", ""feature_value"": -0.97, ""shap_value"": 1.51, ""impact"": 1.51}]","[{""feature_key"": ""weather_tourism_suppression"", ""feature_name"": ""Weather Tourist Dampening Index"", ""feature_value"": 1.71, ""shap_value"": -0.67, ""impact"": -0.67}, {""feature_key"": ""precip_mm"", ""feature_name"": ""Rainfall Intensity"", ""feature_value"": 9.73, ""shap_value"": -0.57, ""impact"": -0.57}, {""feature_key"": ""dow_sin"", ""feature_name"": ""Weekly Schedule Cycle"", ""feature_value"": -0.43, ""shap_value"": -0.3, ""impact"": -0.3}, {""feature_key"": ""lag_trips_24"", ""feature_name"": ""Yesterday's Scheduled Transit Trips"", ""feature_value"": 24.0, ""shap_value"": -0.16, ""impact"": -0.16}, {""feature_key"": ""feels_like_c"", ""feature_name"": ""Apparent Feels-Like Temperature"", ""feature_value"": 30.9, ""shap_value"": -0.06, ""impact"": -0.06}]",60.24
2592,MAA_MYLAPORE_KAPALEESHWARAR,2026-09-25T20:00:00,2026-09-23T20:00:00,48,90.3,SEVERE,30.0,Thunderstorm / Rain,24,"[{""feature_key"": ""lag_168"", ""feature_name"": ""Same Time Last Week Congestion"", ""feature_value"": 85.0, ""shap_value"": 17.13, ""impact"": 17.13}, {""feature_key"": ""lag_24"", ""feature_name"": ""Yesterday's Same-Hour Congestion"", ""feature_value"": 95.2, ""shap_value"": 2.69, ""impact"": 2.69}, {""feature_key"": ""lag_1"", ""feature_name"": ""Recent Congestion (1h ago)"", ""feature_value"": 95.6, ""shap_value"": 2.53, ""impact"": 2.53}, {""feature_key"": ""lag_foot_24"", ""feature_name"": ""Yesterday's Foot-Traffic"", ""feature_value"": 7140.0, ""shap_value"": 2.51, ""impact"": 2.51}, {""feature_key"": ""precip_mm"", ""feature_name"": ""Rainfall Intensity"", ""feature_value"": 4.05, ""shap_value"": 1.66, ""impact"": 1.66}]","[{""feature_key"": ""weather_tourism_suppression"", ""feature_name"": ""Weather Tourist Dampening Index"", ""feature_value"": 1.71, ""shap_value"": -0.67, ""impact"": -0.67}, {""feature_key"": ""lag_3"", ""feature_name"": ""Short-term Congestion (3h ago)"", ""feature_value"": 91.2, ""shap_value"": -0.49, ""impact"": -0.49}, {""feature_key"": ""dow_sin"", ""feature_name"": ""Weekly Schedule Cycle"", ""feature_value"": -0.43, ""shap_value"": -0.43, ""impact"": -0.43}, {""feature_key"": ""roll_mean_6h"", ""feature_name"": ""6-Hour Moving Congestion Trend"", ""feature_value"": 78.38, ""shap_value"": -0.36, ""impact"": -0.36}, {""feature_key"": ""hour_cos"", ""feature_name"": ""Time of Day (Diurnal Cycle)"", ""feature_value"": 0.5, ""shap_value"": -0.26, ""impact"": -0.26}]",60.24
2593,MAA_EGMORE_STATION,2026-09-23T21:00:00,2026-09-23T20:00:00,1,72.1,HIGH,29.6,Sunny & Warm,9,"[{""feature_key"": ""lag_168"", ""feature_name"": ""Same Time Last Week Congestion"", ""feature_value"": 73.4, ""shap_value"": 9.94, ""impact"": 9.94}, {""feature_key"": ""lag_1"", ""feature_name"": ""Recent Congestion (1h ago)"", ""feature_value"": 98.5, ""shap_value"": 3.88, ""impact"": 3.88}, {""feature_key"": ""lag_foot_24"", ""feature_name"": ""Yesterday's Foot-Traffic"", ""feature_value"": 7246.0, ""shap_value"": 2.03, ""impact"": 2.03}, {""feature_key"": ""temp_c"", ""feature_name"": ""Ambient Temperature"", ""feature_value"": 29.6, ""shap_value"": 0.92, ""impact"": 0.92}, {""feature_key"": ""lag_foot_1"", ""feature_name"": ""Recent Foot-Traffic (1h ago)"", ""feature_value"": 10596.0, ""shap_value"": 0.58, ""impact"": 0.58}]","[{""feature_key"": ""hour_cos"", ""feature_name"": ""Time of Day (Diurnal Cycle)"", ""feature_value"": 0.71, ""shap_value"": -1.36, ""impact"": -1.36}, {""feature_key"": ""lag_3"", ""feature_name"": ""Short-term Congestion (3h ago)"", ""feature_value"": 98.5, ""shap_value"": -0.98, ""impact"": -0.98}, {""feature_key"": ""hour_sin"", ""feature_name"": ""Time of Day (Peak Window)"", ""feature_value"": -0.71, ""shap_value"": -0.81, ""impact"": -0.81}, {""feature_key"": ""roll_mean_6h"", ""feature_name"": ""6-Hour Moving Congestion Trend"", ""feature_value"": 92.6, ""shap_value"": -0.78, ""impact"": -0.78}, {""feature_key"": ""dow_sin"", ""feature_name"": ""Weekly Schedule Cycle"", ""feature_value"": 0.97, ""shap_value"": -0.73, ""impact"": -0.73}]",60.24
2594,MAA_EGMORE_STATION,2026-09-23T22:00:00,2026-09-23T20:00:00,2,43.0,MODERATE,26.8,Sunny & Warm,9,"[{""feature_key"": ""lag_1"", ""feature_name"": ""Recent Congestion (1h ago)"", ""feature_value"": 72.1, ""shap_value"": 2.65, ""impact"": 2.65}, {""feature_key"": ""lag_foot_1"", ""feature_name"": ""Recent Foot-Traffic (1h ago)"", ""feature_value"": 6849.0, ""shap_value"": 0.67, ""impact"": 0.67}, {""feature_key"": ""dow_cos"", ""feature_name"": ""Day of Week Alignment"", ""feature_value"": -0.22, ""shap_value"": 0.15, ""impact"": 0.15}, {""feature_key"": ""capacity_baseline"", ""feature_name"": ""Station Theoretical Capacity"", ""feature_value"": 9500.0, ""shap_value"": 0.14, ""impact"": 0.14}, {""feature_key"": ""lag_trips_24"", ""feature_name"": ""Yesterday's Scheduled Transit Trips"", ""feature_value"": 9.0, ""shap_value"": 0.11, ""impact"": 0.11}]","[{""feature_key"": ""lag_168"", ""feature_name"": ""Same Time Last Week Congestion"", ""feature_value"": 54.5, ""shap_value"": -6.97, ""impact"": -6.97}, {""feature_key"": ""hour_cos"", ""feature_name"": ""Time of Day (Diurnal Cycle)"", ""feature_value"": 0.87, ""shap_value"": -3.5, ""impact"": -3.5}, {""feature_key"": ""lag_24"", ""feature_name"": ""Yesterday's Same-Hour Congestion"", ""feature_value"": 41.9, ""shap_value"": -2.19, ""impact"": -2.19}, {""feature_key"": ""lag_foot_24"", ""feature_name"": ""Yesterday's Foot-Traffic"", ""feature_value"": 2474.0, ""shap_value"": -1.71, ""impact"": -1.71}, {""feature_key"": ""hour_sin"", ""feature_name"": ""Time of Day (Peak Window)"", ""feature_value"": -0.5, ""shap_value"": -0.93, ""impact"": -0.93}]",60.24
2595,MAA_EGMORE_STATION,2026-09-23T23:00:00,2026-09-23T20:00:00,3,22.6,LOW,26.4,Sunny & Warm,9,"[{""feature_key"": ""dow_cos"", ""feature_name"": ""Day of Week Alignment"", ""feature_value"": -0.22, ""shap_value"": 0.07, ""impact"": 0.07}, {""feature_key"": ""transit_weight"", ""feature_name"": ""Transit Commuter Dominance"", ""feature_value"": 0.85, ""shap_value"": 0.06, ""impact"": 0.06}, {""feature_key"": ""lag_trips_24"", ""feature_name"": ""Yesterday's Scheduled Transit Trips"", ""feature_value"": 9.0, ""shap_value"": 0.05, ""impact"": 0.05}, {""feature_key"": ""lag_2"", ""feature_name"": ""Short-term Congestion (2h ago)"", ""feature_value"": 72.1, ""shap_value"": 0.04, ""impact"": 0.04}, {""feature_key"": ""tourist_weight"", ""feature_name"": ""Tourist Landmark Dominance"", ""feature_value"": 0.6, ""shap_value"": 0.02, ""impact"": 0.02}]","[{""feature_key"": ""lag_168"", ""feature_name"": ""Same Time Last Week Congestion"", ""feature_value"": 25.9, ""shap_value"": -23.06, ""impact"": -23.06}, {""feature_key"": ""lag_24"", ""feature_name"": ""Yesterday's Same-Hour Congestion"", ""feature_value"": 19.0, ""shap_value"": -2.79, ""impact"": -2.79}, {""feature_key"": ""lag_foot_24"", ""feature_name"": ""Yesterday's Foot-Traffic"", ""feature_value"": 803.0, ""shap_value"": -2.54, ""impact"": -2.54}, {""feature_key"": ""hour_cos"", ""feature_name"": ""Time of Day (Diurnal Cycle)"", ""feature_value"": 0.97, ""shap_value"": -2.51, ""impact"": -2.51}, {""feature_key"": ""lag_1"", ""feature_name"": ""Recent Congestion (1h ago)"", ""feature_value"": 43.0, ""shap_value"": -1.88, ""impact"": -1.88}]",60.24
2596,MAA_EGMORE_STATION,2026-09-24T00:00:00,2026-09-23T20:00:00,4,17.8,LOW,25.6,Humid / Overcast,8,"[{""feature_key"": ""lag_trips_24"", ""feature_name"": ""Yesterday's Scheduled Transit Trips"", ""feature_value"": 6.0, ""shap_value"": 0.21, ""impact"": 0.21}, {""feature_key"": ""transit_weight"", ""feature_name"": ""Transit Commuter Dominance"", ""feature_value"": 0.85, ""shap_value"": 0.03, ""impact"": 0.03}]","[{""feature_key"": ""lag_168"", ""feature_name"": ""Same Time Last Week Congestion"", ""feature_value"": 24.7, ""shap_value"": -25.1, ""impact"": -25.1}, {""feature_key"": ""lag_foot_24"", ""feature_name"": ""Yesterday's Foot-Traffic"", ""feature_value"": 481.0, ""shap_value"": -5.31, ""impact"": -5.31}, {""feature_key"": ""lag_24"", ""feature_name"": ""Yesterday's Same-Hour Congestion"", ""feature_value"": 15.6, ""shap_value"": -2.63, ""impact"": -2.63}, {""feature_key"": ""lag_1"", ""feature_name"": ""Recent Congestion (1h ago)"", ""feature_value"": 22.6, ""shap_value"": -2.5, ""impact"": -2.5}, {""feature_key"": ""hour_cos"", ""feature_name"": ""Time of Day (Diurnal Cycle)"", ""feature_value"": 1.0, ""shap_value"": -2.19, ""impact"": -2.19}]",60.24
2597,MAA_EGMORE_STATION,2026-09-24T01:00:00,2026-09-23T20:00:00,5,19.1,LOW,26.0,Humid / Overcast,8,"[{""feature_key"": ""lag_trips_24"", ""feature_name"": ""Yesterday's Scheduled Transit Trips"", ""feature_value"": 6.0, ""shap_value"": 0.24, ""impact"": 0.24}, {""feature_key"": ""lag_3"", ""feature_name"": ""Short-term Congestion (3h ago)"", ""feature_value"": 43.0, ""shap_value"": 0.22, ""impact"": 0.22}, {""feature_key"": ""roll_mean_6h"", ""feature_name"": ""6-Hour Moving Congestion Trend"", ""feature_value"": 58.75, ""shap_value"": 0.09, ""impact"": 0.09}, {""feature_key"": ""capacity_baseline"", ""feature_name"": ""Station Theoretical Capacity"", ""feature_value"": 9500.0, ""shap_value"": 0.03, ""impact"": 0.03}, {""feature_key"": ""transit_weight"", ""feature_name"": ""Transit Commuter Dominance"", ""feature_value"": 0.85, ""shap_value"": 0.03, ""impact"": 0.03}]","[{""feature_key"": ""lag_168"", ""feature_name"": ""Same Time Last Week Congestion"", ""feature_value"": 28.5, ""shap_value"": -23.64, ""impact"": -23.64}, {""feature_key"": ""lag_foot_24"", ""feature_name"": ""Yesterday's Foot-Traffic"", ""feature_value"": 527.0, ""shap_value"": -5.44, ""impact"": -5.44}, {""feature_key"": ""lag_1"", ""feature_name"": ""Recent Congestion (1h ago)"", ""feature_value"": 17.8, ""shap_value"": -2.83, ""impact"": -2.83}, {""feature_key"": ""lag_24"", ""feature_name"": ""Yesterday's Same-Hour Congestion"", ""feature_value"": 17.1, ""shap_value"": -2.72, ""impact"": -2.72}, {""feature_key"": ""hour_cos"", ""feature_name"": ""Time of Day (Diurnal Cycle)"", ""feature_value"": 0.97, ""shap_value"": -2.0, ""impact"": -2.0}]",60.24
2598,MAA_EGMORE_STATION,2026-09-24T02:00:00,2026-09-23T20:00:00,6,25.9,LOW,24.6,Humid / Overcast,8,"[{""feature_key"": ""lag_trips_24"", ""feature_name"": ""Yesterday's Scheduled Transit Trips"", ""feature_value"": 6.0, ""shap_value"": 0.26, ""impact"": 0.26}, {""feature_key"": ""lag_3"", ""feature_name"": ""Short-term Congestion (3h ago)"", ""feature_value"": 22.6, ""shap_value"": 0.17, ""impact"": 0.17}, {""feature_key"": ""roll_mean_6h"", ""feature_name"": ""6-Hour Moving Congestion Trend"", ""feature_value"": 45.52, ""shap_value"": 0.09, ""impact"": 0.09}, {""feature_key"": ""temp_c"", ""feature_name"": ""Ambient Temperature"", ""feature_value"": 24.6, ""shap_value"": 0.08, ""impact"": 0.08}, {""feature_key"": ""tourist_weight"", ""feature_name"": ""Tourist Landmark Dominance"", ""feature_value"": 0.6, ""shap_value"": 0.01, ""impact"": 0.01}]","[{""feature_key"": ""lag_168"", ""feature_name"": ""Same Time Last Week Congestion"", ""feature_value"": 37.8, ""shap_value"": -15.89, ""impact"": -15.89}, {""feature_key"": ""lag_foot_24"", ""feature_name"": ""Yesterday's Foot-Traffic"", ""feature_value"": 613.0, ""shap_value"": -5.5, ""impact"": -5.5}, {""feature_key"": ""lag_1"", ""feature_name"": ""Recent Congestion (1h ago)"", ""feature_value"": 19.1, ""shap_value"": -3.8, ""impact"": -3.8}, {""feature_key"": ""lag_24"", ""feature_name"": ""Yesterday's Same-Hour Congestion"", ""feature_value"": 19.9, ""shap_value"": -2.72, ""impact"": -2.72}, {""feature_key"": ""hour_cos"", ""feature_name"": ""Time of Day (Diurnal Cycle)"", ""feature_value"": 0.87, ""shap_value"": -1.97, ""impact"": -1.97}]",60.24
2599,MAA_EGMORE_STATION,2026-09-24T03:00:00,2026-09-23T20:00:00,7,31.8,LOW,24.9,Monsoon Downpour,8,"[{""feature_key"": ""precip_mm"", ""feature_name"": ""Rainfall Intensity"", ""feature_value"": 12.63, ""shap_value"": 3.17, ""impact"": 3.17}, {""feature_key"": ""weather_transit_surge"", ""feature_name"": ""Rainfall Transit Inflow Surge"", ""feature_value"": 1.36, ""shap_value"": 2.93, ""impact"": 2.93}, {""feature_key"": ""weather_tourism_suppression"", ""feature_name"": ""Weather Tourist Dampening Index"", ""feature_value"": 1.08, ""shap_value"": 1.26, ""impact"": 1.26}, {""feature_key"": ""roll_mean_6h"", ""feature_name"": ""6-Hour Moving Congestion Trend"", ""feature_value"": 33.42, ""shap_value"": 0.42, ""impact"": 0.42}, {""feature_key"": ""capacity_baseline"", ""feature_name"": ""Station Theoretical Capacity"", ""feature_value"": 9500.0, ""shap_value"": 0.34, ""impact"": 0.34}]","[{""feature_key"": ""lag_168"", ""feature_name"": ""Same Time Last Week Congestion"", ""feature_value"": 20.8, ""shap_value"": -26.67, ""impact"": -26.67}, {""feature_key"": ""lag_foot_24"", ""feature_name"": ""Yesterday's Foot-Traffic"", ""feature_value"": 662.0, ""shap_value"": -2.61, ""impact"": -2.61}, {""feature_key"": ""lag_1"", ""feature_name"": ""Recent Congestion (1h ago)"", ""feature_value"": 25.9, ""shap_value"": -2.38, ""impact"": -2.38}, {""feature_key"": ""lag_24"", ""feature_name"": ""Yesterday's Same-Hour Congestion"", ""feature_value"": 21.5, ""shap_value"": -1.8, ""impact"": -1.8}, {""feature_key"": ""lag_foot_1"", ""feature_name"": ""Recent Foot-Traffic (1h ago)"", ""feature_value"": 2460.0, ""shap_value"": -1.28, ""impact"": -1.28}]",60.24
2600,MAA_EGMORE_STATION,2026-09-24T04:00:00,2026-09-23T20:00:00,8,36.1,MODERATE,27.2,Monsoon Downpour,8,"[{""feature_key"": ""weather_transit_surge"", ""feature_name"": ""Rainfall Transit Inflow Surge"", ""feature_value"": 1.36, ""shap_value"": 3.38, ""impact"": 3.38}, {""feature_key"": ""precip_mm"", ""feature_name"": ""Rainfall Intensity"", ""feature_value"": 13.93, ""shap_value"": 2.65, ""impact"": 2.65}, {""feature_key"": ""weather_tourism_suppression"", ""feature_name"": ""Weather Tourist Dampening Index"", ""feature_value"": 1.08, ""shap_value"": 1.36, ""impact"": 1.36}, {""feature_key"": ""roll_mean_6h"", ""feature_name"": ""6-Hour Moving Congestion Trend"", ""feature_value"": 26.7, ""shap_value"": 0.52, ""impact"": 0.52}, {""feature_key"": ""is_rain"", ""feature_name"": ""Rain Weather Friction"", ""feature_value"": 1.0, ""shap_value"": 0.44, ""impact"": 0.44}]","[{""feature_key"": ""lag_168"", ""feature_name"": ""Same Time Last Week Congestion"", ""feature_value"": 24.8, ""shap_value"": -23.62, ""impact"": -23.62}, {""feature_key"": ""lag_foot_24"", ""feature_name"": ""Yesterday's Foot-Traffic"", ""feature_value"": 743.0, ""shap_value"": -2.44, ""impact"": -2.44}, {""feature_key"": ""lag_1"", ""feature_name"": ""Recent Congestion (1h ago)"", ""feature_value"": 31.8, ""shap_value"": -2.4, ""impact"": -2.4}, {""feature_key"": ""lag_24"", ""feature_name"": ""Yesterday's Same-Hour Congestion"", ""feature_value"": 24.1, ""shap_value"": -1.67, ""impact"": -1.67}, {""feature_key"": ""lag_foot_1"", ""feature_name"": ""Recent Foot-Traffic (1h ago)"", ""feature_value"": 3021.0, ""shap_value"": -1.21, ""impact"": -1.21}]",60.24
2601,MAA_EGMORE_STATION,2026-09-24T05:00:00,2026-09-23T20:00:00,9,43.4,MODERATE,25.6,Monsoon Downpour,9,"[{""feature_key"": ""precip_mm"", ""feature_name"": ""Rainfall Intensity"", ""feature_value"": 9.92, ""shap_value"": 3.12, ""impact"": 3.12}, {""feature_key"": ""weather_transit_surge"", ""feature_name"": ""Rainfall Transit Inflow Surge"", ""feature_value"": 1.36, ""shap_value"": 2.9, ""impact"": 2.9}, {""feature_key"": ""weather_tourism_suppression"", ""feature_name"": ""Weather Tourist Dampening Index"", ""feature_value"": 1.08, ""shap_value"": 1.23, ""impact"": 1.23}, {""feature_key"": ""hour_sin"", ""feature_name"": ""Time of Day (Peak Window)"", ""feature_value"": 0.97, ""shap_value"": 0.71, ""impact"": 0.71}, {""feature_key"": ""is_rain"", ""feature_name"": ""Rain Weather Friction"", ""feature_value"": 1.0, ""shap_value"": 0.54, ""impact"": 0.54}]","[{""feature_key"": ""lag_168"", ""feature_name"": ""Same Time Last Week Congestion"", ""feature_value"": 28.2, ""shap_value"": -20.22, ""impact"": -20.22}, {""feature_key"": ""lag_1"", ""feature_name"": ""Recent Congestion (1h ago)"", ""feature_value"": 36.1, ""shap_value"": -2.5, ""impact"": -2.5}, {""feature_key"": ""lag_24"", ""feature_name"": ""Yesterday's Same-Hour Congestion"", ""feature_value"": 31.0, ""shap_value"": -1.06, ""impact"": -1.06}, {""feature_key"": ""lag_foot_24"", ""feature_name"": ""Yesterday's Foot-Traffic"", ""feature_value"": 1351.0, ""shap_value"": -0.91, ""impact"": -0.91}, {""feature_key"": ""lag_foot_1"", ""feature_name"": ""Recent Foot-Traffic (1h ago)"", ""feature_value"": 3429.0, ""shap_value"": -0.43, ""impact"": -0.43}]",60.24
2602,MAA_EGMORE_STATION,2026-09-24T06:00:00,2026-09-23T20:00:00,10,64.5,HIGH,28.9,Monsoon Downpour,9,"[{""feature_key"": ""precip_mm"", ""feature_name"": ""Rainfall Intensity"", ""feature_value"": 13.58, ""shap_value"": 3.87, ""impact"": 3.87}, {""feature_key"": ""weather_transit_surge"", ""feature_name"": ""Rainfall Transit Inflow Surge"", ""feature_value"": 1.36, ""shap_value"": 2.95, ""impact"": 2.95}, {""feature_key"": ""hour_cos"", ""feature_name"": ""Time of Day (Diurnal Cycle)"", ""feature_value"": 0.0, ""shap_value"": 1.35, ""impact"": 1.35}, {""feature_key"": ""lag_foot_24"", ""feature_name"": ""Yesterday's Foot-Traffic"", ""feature_value"": 3689.0, ""shap_value"": 1.35, ""impact"": 1.35}, {""feature_key"": ""hour_sin"", ""feature_name"": ""Time of Day (Peak Window)"", ""feature_value"": 1.0, ""shap_value"": 1.09, ""impact"": 1.09}]","[{""feature_key"": ""lag_168"", ""feature_name"": ""Same Time Last Week Congestion"", ""feature_value"": 47.7, ""shap_value"": -6.86, ""impact"": -6.86}, {""feature_key"": ""lag_1"", ""feature_name"": ""Recent Congestion (1h ago)"", ""feature_value"": 43.4, ""shap_value"": -2.01, ""impact"": -2.01}, {""feature_key"": ""scheduled_trips"", ""feature_name"": ""Transit Dispatch Frequency"", ""feature_value"": 9.0, ""shap_value"": -0.57, ""impact"": -0.57}, {""feature_key"": ""transit_pressure_ratio"", ""feature_name"": ""Transit Demand-to-Supply Ratio"", ""feature_value"": 7.06, ""shap_value"": -0.35, ""impact"": -0.35}, {""feature_key"": ""roll_mean_3h"", ""feature_name"": ""3-Hour Moving Congestion Trend"", ""feature_value"": 37.1, ""shap_value"": -0.28, ""impact"": -0.28}]",60.24
2603,MAA_EGMORE_STATION,2026-09-24T07:00:00,2026-09-23T20:00:00,11,92.1,SEVERE,29.8,Monsoon Downpour,9,"[{""feature_key"": ""lag_168"", ""feature_name"": ""Same Time Last Week Congestion"", ""feature_value"": 98.5, ""shap_value"": 21.92, ""impact"": 21.92}, {""feature_key"": ""weather_transit_surge"", ""feature_name"": ""Rainfall Transit Inflow Surge"", ""feature_value"": 1.36, ""shap_value"": 4.56, ""impact"": 4.56}, {""feature_key"": ""lag_foot_24"", ""feature_name"": ""Yesterday's Foot-Traffic"", ""feature_value"": 8214.0, ""shap_value"": 2.22, ""impact"": 2.22}, {""feature_key"": ""hour_cos"", ""feature_name"": ""Time of Day (Diurnal Cycle)"", ""feature_value"": -0.26, ""shap_value"": 1.57, ""impact"": 1.57}, {""feature_key"": ""hour_sin"", ""feature_name"": ""Time of Day (Peak Window)"", ""feature_value"": 0.97, ""shap_value"": 1.08, ""impact"": 1.08}]","[{""feature_key"": ""lag_1"", ""feature_name"": ""Recent Congestion (1h ago)"", ""feature_value"": 64.5, ""shap_value"": -1.42, ""impact"": -1.42}, {""feature_key"": ""lag_24"", ""feature_name"": ""Yesterday's Same-Hour Congestion"", ""feature_value"": 76.1, ""shap_value"": -0.61, ""impact"": -0.61}, {""feature_key"": ""transit_pressure_ratio"", ""feature_name"": ""Transit Demand-to-Supply Ratio"", ""feature_value"": 7.1, ""shap_value"": -0.48, ""impact"": -0.48}, {""feature_key"": ""scheduled_trips"", ""feature_name"": ""Transit Dispatch Frequency"", ""feature_value"": 9.0, ""shap_value"": -0.44, ""impact"": -0.44}, {""feature_key"": ""roll_mean_3h"", ""feature_name"": ""3-Hour Moving Congestion Trend"", ""feature_value"": 48.0, ""shap_value"": -0.4, ""impact"": -0.4}]",60.24
2604,MAA_EGMORE_STATION,2026-09-24T08:00:00,2026-09-23T20:00:00,12,93.9,SEVERE,31.0,Sunny & Warm,24,"[{""feature_key"": ""lag_168"", ""feature_name"": ""Same Time Last Week Congestion"", ""feature_value"": 98.5, ""shap_value"": 24.16, ""impact"": 24.16}, {""feature_key"": ""lag_1"", ""feature_name"": ""Recent Congestion (1h ago)"", ""feature_value"": 92.1, ""shap_value"": 3.13, ""impact"": 3.13}, {""feature_key"": ""lag_foot_24"", ""feature_name"": ""Yesterday's Foot-Traffic"", ""feature_value"": 9568.0, ""shap_value"": 2.52, ""impact"": 2.52}, {""feature_key"": ""hour_cos"", ""feature_name"": ""Time of Day (Diurnal Cycle)"", ""feature_value"": -0.5, ""shap_value"": 1.5, ""impact"": 1.5}, {""feature_key"": ""scheduled_trips"", ""feature_name"": ""Transit Dispatch Frequency"", ""feature_value"": 24.0, ""shap_value"": 1.17, ""impact"": 1.17}]","[{""feature_key"": ""hour_sin"", ""feature_name"": ""Time of Day (Peak Window)"", ""feature_value"": 0.87, ""shap_value"": -0.81, ""impact"": -0.81}, {""feature_key"": ""weather_transit_surge"", ""feature_name"": ""Rainfall Transit Inflow Surge"", ""feature_value"": 0.0, ""shap_value"": -0.43, ""impact"": -0.43}, {""feature_key"": ""lag_trips_24"", ""feature_name"": ""Yesterday's Scheduled Transit Trips"", ""feature_value"": 24.0, ""shap_value"": -0.39, ""impact"": -0.39}, {""feature_key"": ""dow_sin"", ""feature_name"": ""Weekly Schedule Cycle"", ""feature_value"": 0.43, ""shap_value"": -0.24, ""impact"": -0.24}, {""feature_key"": ""precip_mm"", ""feature_name"": ""Rainfall Intensity"", ""feature_value"": 0.0, ""shap_value"": -0.13, ""impact"": -0.13}]",60.24
2605,MAA_EGMORE_STATION,2026-09-24T09:00:00,2026-09-23T20:00:00,13,96.7,SEVERE,31.6,Sunny & Warm,24,"[{""feature_key"": ""lag_168"", ""feature_name"": ""Same Time Last Week Congestion"", ""feature_value"": 98.5, ""shap_value"": 24.86, ""impact"": 24.86}, {""feature_key"": ""lag_1"", ""feature_name"": ""Recent Congestion (1h ago)"", ""feature_value"": 93.9, ""shap_value"": 3.01, ""impact"": 3.01}, {""feature_key"": ""lag_foot_24"", ""feature_name"": ""Yesterday's Foot-Traffic"", ""feature_value"": 11687.0, ""shap_value"": 2.62, ""impact"": 2.62}, {""feature_key"": ""lag_24"", ""feature_name"": ""Yesterday's Same-Hour Congestion"", ""feature_value"": 98.5, ""shap_value"": 2.29, ""impact"": 2.29}, {""feature_key"": ""scheduled_trips"", ""feature_name"": ""Transit Dispatch Frequency"", ""feature_value"": 24.0, ""shap_value"": 1.12, ""impact"": 1.12}]","[{""feature_key"": ""hour_sin"", ""feature_name"": ""Time of Day (Peak Window)"", ""feature_value"": 0.71, ""shap_value"": -0.38, ""impact"": -0.38}, {""feature_key"": ""weather_transit_surge"", ""feature_name"": ""Rainfall Transit Inflow Surge"", ""feature_value"": 0.0, ""shap_value"": -0.34, ""impact"": -0.34}, {""feature_key"": ""lag_trips_24"", ""feature_name"": ""Yesterday's Scheduled Transit Trips"", ""feature_value"": 24.0, ""shap_value"": -0.26, ""impact"": -0.26}, {""feature_key"": ""dow_sin"", ""feature_name"": ""Weekly Schedule Cycle"", ""feature_value"": 0.43, ""shap_value"": -0.24, ""impact"": -0.24}, {""feature_key"": ""precip_mm"", ""feature_name"": ""Rainfall Intensity"", ""feature_value"": 0.0, ""shap_value"": -0.12, ""impact"": -0.12}]",60.24
2606,MAA_EGMORE_STATION,2026-09-24T10:00:00,2026-09-23T20:00:00,14,87.0,SEVERE,34.0,Sunny & Warm,24,"[{""feature_key"": ""lag_168"", ""feature_name"": ""Same Time Last Week Congestion"", ""feature_value"": 98.5, ""shap_value"": 22.01, ""impact"": 22.01}, {""feature_key"": ""lag_1"", ""feature_name"": ""Recent Congestion (1h ago)"", ""feature_value"": 96.7, ""shap_value"": 3.07, ""impact"": 3.07}, {""feature_key"": ""lag_foot_24"", ""feature_name"": ""Yesterday's Foot-Traffic"", ""feature_value"": 9577.0, ""shap_value"": 2.36, ""impact"": 2.36}, {""feature_key"": ""scheduled_trips"", ""feature_name"": ""Transit Dispatch Frequency"", ""feature_value"": 24.0, ""shap_value"": 1.08, ""impact"": 1.08}, {""feature_key"": ""lag_foot_1"", ""feature_name"": ""Recent Foot-Traffic (1h ago)"", ""feature_value"": 9186.0, ""shap_value"": 0.77, ""impact"": 0.77}]","[{""feature_key"": ""hour_cos"", ""feature_name"": ""Time of Day (Diurnal Cycle)"", ""feature_value"": -0.87, ""shap_value"": -2.23, ""impact"": -2.23}, {""feature_key"": ""hour_sin"", ""feature_name"": ""Time of Day (Peak Window)"", ""feature_value"": 0.5, ""shap_value"": -1.11, ""impact"": -1.11}, {""feature_key"": ""weather_transit_surge"", ""feature_name"": ""Rainfall Transit Inflow Surge"", ""feature_value"": 0.0, ""shap_value"": -0.49, ""impact"": -0.49}, {""feature_key"": ""dow_sin"", ""feature_name"": ""Weekly Schedule Cycle"", ""feature_value"": 0.43, ""shap_value"": -0.43, ""impact"": -0.43}, {""feature_key"": ""lag_3"", ""feature_name"": ""Short-term Congestion (3h ago)"", ""feature_value"": 92.1, ""shap_value"": -0.38, ""impact"": -0.38}]",60.24
2607,MAA_EGMORE_STATION,2026-09-24T11:00:00,2026-09-23T20:00:00,15,72.2,HIGH,33.3,Sunny & Warm,15,"[{""feature_key"": ""lag_168"", ""feature_name"": ""Same Time Last Week Congestion"", ""feature_value"": 91.8, ""shap_value"": 16.7, ""impact"": 16.7}, {""feature_key"": ""lag_1"", ""feature_name"": ""Recent Congestion (1h ago)"", ""feature_value"": 87.0, ""shap_value"": 2.24, ""impact"": 2.24}, {""feature_key"": ""lag_foot_24"", ""feature_name"": ""Yesterday's Foot-Traffic"", ""feature_value"": 6622.0, ""shap_value"": 2.17, ""impact"": 2.17}, {""feature_key"": ""lag_foot_1"", ""feature_name"": ""Recent Foot-Traffic (1h ago)"", ""feature_value"": 8265.0, ""shap_value"": 0.63, ""impact"": 0.63}, {""feature_key"": ""lag_trips_1"", ""feature_name"": ""Recent Transit Trips Count"", ""feature_value"": 24.0, ""shap_value"": 0.38, ""impact"": 0.38}]","[{""feature_key"": ""hour_cos"", ""feature_name"": ""Time of Day (Diurnal Cycle)"", ""feature_value"": -0.97, ""shap_value"": -5.22, ""impact"": -5.22}, {""feature_key"": ""hour_sin"", ""feature_name"": ""Time of Day (Peak Window)"", ""feature_value"": 0.26, ""shap_value"": -1.94, ""impact"": -1.94}, {""feature_key"": ""roll_mean_6h"", ""feature_name"": ""6-Hour Moving Congestion Trend"", ""feature_value"": 79.6, ""shap_value"": -0.76, ""impact"": -0.76}, {""feature_key"": ""weather_transit_surge"", ""feature_name"": ""Rainfall Transit Inflow Surge"", ""feature_value"": 0.0, ""shap_value"": -0.72, ""impact"": -0.72}, {""feature_key"": ""dow_sin"", ""feature_name"": ""Weekly Schedule Cycle"", ""feature_value"": 0.43, ""shap_value"": -0.68, ""impact"": -0.68}]",60.24
2608,MAA_EGMORE_STATION,2026-09-24T12:00:00,2026-09-23T20:00:00,16,60.9,HIGH,35.5,Hot Summer Spell,15,"[{""feature_key"": ""lag_foot_24"", ""feature_name"": ""Yesterday's Foot-Traffic"", ""feature_value"": 5472.0, ""shap_value"": 2.52, ""impact"": 2.52}, {""feature_key"": ""lag_1"", ""feature_name"": ""Recent Congestion (1h ago)"", ""feature_value"": 72.2, ""shap_value"": 1.24, ""impact"": 1.24}, {""feature_key"": ""lag_foot_1"", ""feature_name"": ""Recent Foot-Traffic (1h ago)"", ""feature_value"": 6859.0, ""shap_value"": 0.86, ""impact"": 0.86}, {""feature_key"": ""temp_c"", ""feature_name"": ""Ambient Temperature"", ""feature_value"": 35.5, ""shap_value"": 0.65, ""impact"": 0.65}, {""feature_key"": ""lag_168"", ""feature_name"": ""Same Time Last Week Congestion"", ""feature_value"": 58.0, ""shap_value"": 0.39, ""impact"": 0.39}]","[{""feature_key"": ""hour_sin"", ""feature_name"": ""Time of Day (Peak Window)"", ""feature_value"": 0.0, ""shap_value"": -1.7, ""impact"": -1.7}, {""feature_key"": ""hour_cos"", ""feature_name"": ""Time of Day (Diurnal Cycle)"", ""feature_value"": -1.0, ""shap_value"": -1.36, ""impact"": -1.36}, {""feature_key"": ""lag_3"", ""feature_name"": ""Short-term Congestion (3h ago)"", ""feature_value"": 96.7, ""shap_value"": -0.78, ""impact"": -0.78}, {""feature_key"": ""weather_transit_surge"", ""feature_name"": ""Rainfall Transit Inflow Surge"", ""feature_value"": 0.0, ""shap_value"": -0.55, ""impact"": -0.55}, {""feature_key"": ""dow_sin"", ""feature_name"": ""Weekly Schedule Cycle"", ""feature_value"": 0.43, ""shap_value"": -0.47, ""impact"": -0.47}]",60.24
2609,MAA_EGMORE_STATION,2026-09-24T13:00:00,2026-09-23T20:00:00,17,60.3,HIGH,34.2,Sunny & Warm,15,"[{""feature_key"": ""lag_168"", ""feature_name"": ""Same Time Last Week Congestion"", ""feature_value"": 59.9, ""shap_value"": 2.43, ""impact"": 2.43}, {""feature_key"": ""lag_foot_24"", ""feature_name"": ""Yesterday's Foot-Traffic"", ""feature_value"": 5444.0, ""shap_value"": 2.43, ""impact"": 2.43}, {""feature_key"": ""lag_foot_1"", ""feature_name"": ""Recent Foot-Traffic (1h ago)"", ""feature_value"": 5785.0, ""shap_value"": 0.62, ""impact"": 0.62}, {""feature_key"": ""temp_c"", ""feature_name"": ""Ambient Temperature"", ""feature_value"": 34.2, ""shap_value"": 0.44, ""impact"": 0.44}, {""feature_key"": ""transit_weight"", ""feature_name"": ""Transit Commuter Dominance"", ""feature_value"": 0.85, ""shap_value"": 0.27, ""impact"": 0.27}]","[{""feature_key"": ""hour_sin"", ""feature_name"": ""Time of Day (Peak Window)"", ""feature_value"": -0.26, ""shap_value"": -1.94, ""impact"": -1.94}, {""feature_key"": ""hour_cos"", ""feature_name"": ""Time of Day (Diurnal Cycle)"", ""feature_value"": -0.97, ""shap_value"": -1.21, ""impact"": -1.21}, {""feature_key"": ""lag_1"", ""feature_name"": ""Recent Congestion (1h ago)"", ""feature_value"": 60.9, ""shap_value"": -0.92, ""impact"": -0.92}, {""feature_key"": ""lag_3"", ""feature_name"": ""Short-term Congestion (3h ago)"", ""feature_value"": 87.0, ""shap_value"": -0.69, ""impact"": -0.69}, {""feature_key"": ""weather_transit_surge"", ""feature_name"": ""Rainfall Transit Inflow Surge"", ""feature_value"": 0.0, ""shap_value"": -0.51, ""impact"": -0.51}]",60.24
2610,MAA_EGMORE_STATION,2026-09-24T14:00:00,2026-09-23T20:00:00,18,69.7,HIGH,35.2,Coastal Sea Breeze,15,"[{""feature_key"": ""lag_168"", ""feature_name"": ""Same Time Last Week Congestion"", ""feature_value"": 72.9, ""shap_value"": 11.24, ""impact"": 11.24}, {""feature_key"": ""lag_foot_24"", ""feature_name"": ""Yesterday's Foot-Traffic"", ""feature_value"": 4894.0, ""shap_value"": 2.19, ""impact"": 2.19}, {""feature_key"": ""temp_c"", ""feature_name"": ""Ambient Temperature"", ""feature_value"": 35.2, ""shap_value"": 1.32, ""impact"": 1.32}, {""feature_key"": ""lag_foot_1"", ""feature_name"": ""Recent Foot-Traffic (1h ago)"", ""feature_value"": 5728.0, ""shap_value"": 0.44, ""impact"": 0.44}, {""feature_key"": ""humidity_pct"", ""feature_name"": ""Marine Layer / Humidity"", ""feature_value"": 63.0, ""shap_value"": 0.32, ""impact"": 0.32}]","[{""feature_key"": ""lag_1"", ""feature_name"": ""Recent Congestion (1h ago)"", ""feature_value"": 60.3, ""shap_value"": -2.0, ""impact"": -2.0}, {""feature_key"": ""hour_sin"", ""feature_name"": ""Time of Day (Peak Window)"", ""feature_value"": -0.5, ""shap_value"": -1.1, ""impact"": -1.1}, {""feature_key"": ""hour_cos"", ""feature_name"": ""Time of Day (Diurnal Cycle)"", ""feature_value"": -0.87, ""shap_value"": -0.94, ""impact"": -0.94}, {""feature_key"": ""lag_24"", ""feature_name"": ""Yesterday's Same-Hour Congestion"", ""feature_value"": 64.1, ""shap_value"": -0.89, ""impact"": -0.89}, {""feature_key"": ""dow_sin"", ""feature_name"": ""Weekly Schedule Cycle"", ""feature_value"": 0.43, ""shap_value"": -0.7, ""impact"": -0.7}]",60.24
2611,MAA_EGMORE_STATION,2026-09-24T15:00:00,2026-09-23T20:00:00,19,78.4,HIGH,33.7,Coastal Sea Breeze,15,"[{""feature_key"": ""lag_168"", ""feature_name"": ""Same Time Last Week Congestion"", ""feature_value"": 81.5, ""shap_value"": 13.66, ""impact"": 13.66}, {""feature_key"": ""lag_foot_24"", ""feature_name"": ""Yesterday's Foot-Traffic"", ""feature_value"": 5935.0, ""shap_value"": 2.59, ""impact"": 2.59}, {""feature_key"": ""temp_c"", ""feature_name"": ""Ambient Temperature"", ""feature_value"": 33.7, ""shap_value"": 1.09, ""impact"": 1.09}, {""feature_key"": ""hour_cos"", ""feature_name"": ""Time of Day (Diurnal Cycle)"", ""feature_value"": -0.71, ""shap_value"": 0.66, ""impact"": 0.66}, {""feature_key"": ""lag_1"", ""feature_name"": ""Recent Congestion (1h ago)"", ""feature_value"": 69.7, ""shap_value"": 0.66, ""impact"": 0.66}]","[{""feature_key"": ""dow_sin"", ""feature_name"": ""Weekly Schedule Cycle"", ""feature_value"": 0.43, ""shap_value"": -0.64, ""impact"": -0.64}, {""feature_key"": ""hour_sin"", ""feature_name"": ""Time of Day (Peak Window)"", ""feature_value"": -0.71, ""shap_value"": -0.51, ""impact"": -0.51}, {""feature_key"": ""weather_transit_surge"", ""feature_name"": ""Rainfall Transit Inflow Surge"", ""feature_value"": 0.0, ""shap_value"": -0.42, ""impact"": -0.42}, {""feature_key"": ""lag_24"", ""feature_name"": ""Yesterday's Same-Hour Congestion"", ""feature_value"": 71.5, ""shap_value"": -0.36, ""impact"": -0.36}, {""feature_key"": ""lag_trips_24"", ""feature_name"": ""Yesterday's Scheduled Transit Trips"", ""feature_value"": 15.0, ""shap_value"": -0.26, ""impact"": -0.26}]",60.24
2612,MAA_EGMORE_STATION,2026-09-24T16:00:00,2026-09-23T20:00:00,20,93.2,SEVERE,33.9,Coastal Sea Breeze,15,"[{""feature_key"": ""lag_168"", ""feature_name"": ""Same Time Last Week Congestion"", ""feature_value"": 95.7, ""shap_value"": 23.9, ""impact"": 23.9}, {""feature_key"": ""lag_foot_24"", ""feature_name"": ""Yesterday's Foot-Traffic"", ""feature_value"": 9021.0, ""shap_value"": 2.52, ""impact"": 2.52}, {""feature_key"": ""hour_sin"", ""feature_name"": ""Time of Day (Peak Window)"", ""feature_value"": -0.87, ""shap_value"": 1.99, ""impact"": 1.99}, {""feature_key"": ""lag_24"", ""feature_name"": ""Yesterday's Same-Hour Congestion"", ""feature_value"": 90.1, ""shap_value"": 1.52, ""impact"": 1.52}, {""feature_key"": ""hour_cos"", ""feature_name"": ""Time of Day (Diurnal Cycle)"", ""feature_value"": -0.5, ""shap_value"": 1.42, ""impact"": 1.42}]","[{""feature_key"": ""dow_sin"", ""feature_name"": ""Weekly Schedule Cycle"", ""feature_value"": 0.43, ""shap_value"": -0.42, ""impact"": -0.42}, {""feature_key"": ""weather_transit_surge"", ""feature_name"": ""Rainfall Transit Inflow Surge"", ""feature_value"": 0.0, ""shap_value"": -0.29, ""impact"": -0.29}, {""feature_key"": ""lag_trips_24"", ""feature_name"": ""Yesterday's Scheduled Transit Trips"", ""feature_value"": 15.0, ""shap_value"": -0.26, ""impact"": -0.26}, {""feature_key"": ""tourist_weight"", ""feature_name"": ""Tourist Landmark Dominance"", ""feature_value"": 0.6, ""shap_value"": -0.15, ""impact"": -0.15}, {""feature_key"": ""humidity_pct"", ""feature_name"": ""Marine Layer / Humidity"", ""feature_value"": 77.0, ""shap_value"": -0.13, ""impact"": -0.13}]",60.24
2613,MAA_EGMORE_STATION,2026-09-24T17:00:00,2026-09-23T20:00:00,21,98.2,SEVERE,33.4,Coastal Sea Breeze,24,"[{""feature_key"": ""lag_168"", ""feature_name"": ""Same Time Last Week Congestion"", ""feature_value"": 98.5, ""shap_value"": 24.51, ""impact"": 24.51}, {""feature_key"": ""lag_foot_24"", ""feature_name"": ""Yesterday's Foot-Traffic"", ""feature_value"": 12441.0, ""shap_value"": 2.75, ""impact"": 2.75}, {""feature_key"": ""lag_24"", ""feature_name"": ""Yesterday's Same-Hour Congestion"", ""feature_value"": 98.5, ""shap_value"": 2.34, ""impact"": 2.34}, {""feature_key"": ""hour_sin"", ""feature_name"": ""Time of Day (Peak Window)"", ""feature_value"": -0.97, ""shap_value"": 2.18, ""impact"": 2.18}, {""feature_key"": ""lag_1"", ""feature_name"": ""Recent Congestion (1h ago)"", ""feature_value"": 93.2, ""shap_value"": 2.06, ""impact"": 2.06}]","[{""feature_key"": ""dow_sin"", ""feature_name"": ""Weekly Schedule Cycle"", ""feature_value"": 0.43, ""shap_value"": -0.3, ""impact"": -0.3}, {""feature_key"": ""lag_trips_24"", ""feature_name"": ""Yesterday's Scheduled Transit Trips"", ""feature_value"": 24.0, ""shap_value"": -0.21, ""impact"": -0.21}, {""feature_key"": ""weather_transit_surge"", ""feature_name"": ""Rainfall Transit Inflow Surge"", ""feature_value"": 0.0, ""shap_value"": -0.21, ""impact"": -0.21}, {""feature_key"": ""tourist_weight"", ""feature_name"": ""Tourist Landmark Dominance"", ""feature_value"": 0.6, ""shap_value"": -0.06, ""impact"": -0.06}, {""feature_key"": ""roll_mean_24h"", ""feature_name"": ""24-Hour Average Baseline"", ""feature_value"": 65.61, ""shap_value"": -0.06, ""impact"": -0.06}]",60.24
2614,MAA_EGMORE_STATION,2026-09-24T18:00:00,2026-09-23T20:00:00,22,97.9,SEVERE,33.0,Sunny & Warm,24,"[{""feature_key"": ""lag_168"", ""feature_name"": ""Same Time Last Week Congestion"", ""feature_value"": 98.5, ""shap_value"": 24.26, ""impact"": 24.26}, {""feature_key"": ""lag_foot_24"", ""feature_name"": ""Yesterday's Foot-Traffic"", ""feature_value"": 16022.0, ""shap_value"": 2.73, ""impact"": 2.73}, {""feature_key"": ""lag_24"", ""feature_name"": ""Yesterday's Same-Hour Congestion"", ""feature_value"": 98.5, ""shap_value"": 2.36, ""impact"": 2.36}, {""feature_key"": ""lag_1"", ""feature_name"": ""Recent Congestion (1h ago)"", ""feature_value"": 98.2, ""shap_value"": 2.3, ""impact"": 2.3}, {""feature_key"": ""hour_sin"", ""feature_name"": ""Time of Day (Peak Window)"", ""feature_value"": -1.0, ""shap_value"": 2.25, ""impact"": 2.25}]","[{""feature_key"": ""dow_sin"", ""feature_name"": ""Weekly Schedule Cycle"", ""feature_value"": 0.43, ""shap_value"": -0.27, ""impact"": -0.27}, {""feature_key"": ""lag_trips_24"", ""feature_name"": ""Yesterday's Scheduled Transit Trips"", ""feature_value"": 24.0, ""shap_value"": -0.22, ""impact"": -0.22}, {""feature_key"": ""weather_transit_surge"", ""feature_name"": ""Rainfall Transit Inflow Surge"", ""feature_value"": 0.0, ""shap_value"": -0.22, ""impact"": -0.22}, {""feature_key"": ""roll_mean_6h"", ""feature_name"": ""6-Hour Moving Congestion Trend"", ""feature_value"": 76.78, ""shap_value"": -0.1, ""impact"": -0.1}, {""feature_key"": ""tourist_weight"", ""feature_name"": ""Tourist Landmark Dominance"", ""feature_value"": 0.6, ""shap_value"": -0.06, ""impact"": -0.06}]",60.24
2615,MAA_EGMORE_STATION,2026-09-24T19:00:00,2026-09-23T20:00:00,23,97.7,SEVERE,31.6,Sunny & Warm,24,"[{""feature_key"": ""lag_168"", ""feature_name"": ""Same Time Last Week Congestion"", ""feature_value"": 98.5, ""shap_value"": 24.13, ""impact"": 24.13}, {""feature_key"": ""lag_foot_24"", ""feature_name"": ""Yesterday's Foot-Traffic"", ""feature_value"": 14061.0, ""shap_value"": 2.78, ""impact"": 2.78}, {""feature_key"": ""lag_1"", ""feature_name"": ""Recent Congestion (1h ago)"", ""feature_value"": 97.9, ""shap_value"": 2.66, ""impact"": 2.66}, {""feature_key"": ""lag_24"", ""feature_name"": ""Yesterday's Same-Hour Congestion"", ""feature_value"": 98.5, ""shap_value"": 2.41, ""impact"": 2.41}, {""feature_key"": ""hour_sin"", ""feature_name"": ""Time of Day (Peak Window)"", ""feature_value"": -0.97, ""shap_value"": 2.22, ""impact"": 2.22}]","[{""feature_key"": ""lag_3"", ""feature_name"": ""Short-term Congestion (3h ago)"", ""feature_value"": 93.2, ""shap_value"": -0.38, ""impact"": -0.38}, {""feature_key"": ""dow_sin"", ""feature_name"": ""Weekly Schedule Cycle"", ""feature_value"": 0.43, ""shap_value"": -0.3, ""impact"": -0.3}, {""feature_key"": ""lag_trips_24"", ""feature_name"": ""Yesterday's Scheduled Transit Trips"", ""feature_value"": 24.0, ""shap_value"": -0.23, ""impact"": -0.23}, {""feature_key"": ""weather_transit_surge"", ""feature_name"": ""Rainfall Transit Inflow Surge"", ""feature_value"": 0.0, ""shap_value"": -0.23, ""impact"": -0.23}, {""feature_key"": ""roll_mean_6h"", ""feature_name"": ""6-Hour Moving Congestion Trend"", ""feature_value"": 82.95, ""shap_value"": -0.21, ""impact"": -0.21}]",60.24
2616,MAA_EGMORE_STATION,2026-09-24T20:00:00,2026-09-23T20:00:00,24,94.7,SEVERE,31.2,Sunny & Warm,24,"[{""feature_key"": ""lag_168"", ""feature_name"": ""Same Time Last Week Congestion"", ""feature_value"": 96.8, ""shap_value"": 23.16, ""impact"": 23.16}, {""feature_key"": ""lag_foot_24"", ""feature_name"": ""Yesterday's Foot-Traffic"", ""feature_value"": 10596.0, ""shap_value"": 2.65, ""impact"": 2.65}, {""feature_key"": ""lag_1"", ""feature_name"": ""Recent Congestion (1h ago)"", ""feature_value"": 97.7, ""shap_value"": 2.48, ""impact"": 2.48}, {""feature_key"": ""lag_24"", ""feature_name"": ""Yesterday's Same-Hour Congestion"", ""feature_value"": 98.5, ""shap_value"": 2.39, ""impact"": 2.39}, {""feature_key"": ""hour_sin"", ""feature_name"": ""Time of Day (Peak Window)"", ""feature_value"": -0.87, ""shap_value"": 1.5, ""impact"": 1.5}]","[{""feature_key"": ""lag_3"", ""feature_name"": ""Short-term Congestion (3h ago)"", ""feature_value"": 98.2, ""shap_value"": -0.43, ""impact"": -0.43}, {""feature_key"": ""dow_sin"", ""feature_name"": ""Weekly Schedule Cycle"", ""feature_value"": 0.43, ""shap_value"": -0.37, ""impact"": -0.37}, {""feature_key"": ""roll_mean_6h"", ""feature_name"": ""6-Hour Moving Congestion Trend"", ""feature_value"": 89.18, ""shap_value"": -0.28, ""impact"": -0.28}, {""feature_key"": ""weather_transit_surge"", ""feature_name"": ""Rainfall Transit Inflow Surge"", ""feature_value"": 0.0, ""shap_value"": -0.28, ""impact"": -0.28}, {""feature_key"": ""lag_trips_24"", ""feature_name"": ""Yesterday's Scheduled Transit Trips"", ""feature_value"": 24.0, ""shap_value"": -0.26, ""impact"": -0.26}]",60.24
2617,MAA_EGMORE_STATION,2026-09-24T21:00:00,2026-09-23T20:00:00,25,67.0,HIGH,27.7,Sunny & Warm,9,"[{""feature_key"": ""lag_168"", ""feature_name"": ""Same Time Last Week Congestion"", ""feature_value"": 64.3, ""shap_value"": 4.57, ""impact"": 4.57}, {""feature_key"": ""lag_1"", ""feature_name"": ""Recent Congestion (1h ago)"", ""feature_value"": 94.7, ""shap_value"": 3.47, ""impact"": 3.47}, {""feature_key"": ""lag_foot_24"", ""feature_name"": ""Yesterday's Foot-Traffic"", ""feature_value"": 6849.0, ""shap_value"": 2.26, ""impact"": 2.26}, {""feature_key"": ""lag_24"", ""feature_name"": ""Yesterday's Same-Hour Congestion"", ""feature_value"": 72.1, ""shap_value"": 0.93, ""impact"": 0.93}, {""feature_key"": ""temp_c"", ""feature_name"": ""Ambient Temperature"", ""feature_value"": 27.7, ""shap_value"": 0.87, ""impact"": 0.87}]","[{""feature_key"": ""hour_cos"", ""feature_name"": ""Time of Day (Diurnal Cycle)"", ""feature_value"": 0.71, ""shap_value"": -1.73, ""impact"": -1.73}, {""feature_key"": ""scheduled_trips"", ""feature_name"": ""Transit Dispatch Frequency"", ""feature_value"": 9.0, ""shap_value"": -1.05, ""impact"": -1.05}, {""feature_key"": ""lag_3"", ""feature_name"": ""Short-term Congestion (3h ago)"", ""feature_value"": 97.9, ""shap_value"": -0.94, ""impact"": -0.94}, {""feature_key"": ""transit_pressure_ratio"", ""feature_name"": ""Transit Demand-to-Supply Ratio"", ""feature_value"": 7.26, ""shap_value"": -0.93, ""impact"": -0.93}, {""feature_key"": ""roll_mean_6h"", ""feature_name"": ""6-Hour Moving Congestion Trend"", ""feature_value"": 93.35, ""shap_value"": -0.75, ""impact"": -0.75}]",60.24
2618,MAA_EGMORE_STATION,2026-09-24T22:00:00,2026-09-23T20:00:00,26,45.6,MODERATE,27.6,Sunny & Warm,9,"[{""feature_key"": ""lag_1"", ""feature_name"": ""Recent Congestion (1h ago)"", ""feature_value"": 67.0, ""shap_value"": 1.04, ""impact"": 1.04}, {""feature_key"": ""lag_foot_24"", ""feature_name"": ""Yesterday's Foot-Traffic"", ""feature_value"": 4085.0, ""shap_value"": 1.03, ""impact"": 1.03}, {""feature_key"": ""temp_c"", ""feature_name"": ""Ambient Temperature"", ""feature_value"": 27.6, ""shap_value"": 0.94, ""impact"": 0.94}, {""feature_key"": ""lag_foot_1"", ""feature_name"": ""Recent Foot-Traffic (1h ago)"", ""feature_value"": 6365.0, ""shap_value"": 0.58, ""impact"": 0.58}, {""feature_key"": ""capacity_baseline"", ""feature_name"": ""Station Theoretical Capacity"", ""feature_value"": 9500.0, ""shap_value"": 0.14, ""impact"": 0.14}]","[{""feature_key"": ""lag_168"", ""feature_name"": ""Same Time Last Week Congestion"", ""feature_value"": 45.9, ""shap_value"": -8.88, ""impact"": -8.88}, {""feature_key"": ""hour_cos"", ""feature_name"": ""Time of Day (Diurnal Cycle)"", ""feature_value"": 0.87, ""shap_value"": -2.7, ""impact"": -2.7}, {""feature_key"": ""lag_24"", ""feature_name"": ""Yesterday's Same-Hour Congestion"", ""feature_value"": 43.0, ""shap_value"": -1.39, ""impact"": -1.39}, {""feature_key"": ""hour_sin"", ""feature_name"": ""Time of Day (Peak Window)"", ""feature_value"": -0.5, ""shap_value"": -0.98, ""impact"": -0.98}, {""feature_key"": ""lag_3"", ""feature_name"": ""Short-term Congestion (3h ago)"", ""feature_value"": 97.7, ""shap_value"": -0.81, ""impact"": -0.81}]",60.24
2619,MAA_EGMORE_STATION,2026-09-24T23:00:00,2026-09-23T20:00:00,27,21.5,LOW,28.6,Sunny & Warm,9,"[{""feature_key"": ""temp_c"", ""feature_name"": ""Ambient Temperature"", ""feature_value"": 28.6, ""shap_value"": 0.53, ""impact"": 0.53}, {""feature_key"": ""transit_weight"", ""feature_name"": ""Transit Commuter Dominance"", ""feature_value"": 0.85, ""shap_value"": 0.14, ""impact"": 0.14}, {""feature_key"": ""capacity_baseline"", ""feature_name"": ""Station Theoretical Capacity"", ""feature_value"": 9500.0, ""shap_value"": 0.11, ""impact"": 0.11}, {""feature_key"": ""dow_cos"", ""feature_name"": ""Day of Week Alignment"", ""feature_value"": -0.9, ""shap_value"": 0.1, ""impact"": 0.1}, {""feature_key"": ""lag_trips_24"", ""feature_name"": ""Yesterday's Scheduled Transit Trips"", ""feature_value"": 9.0, ""shap_value"": 0.08, ""impact"": 0.08}]","[{""feature_key"": ""lag_168"", ""feature_name"": ""Same Time Last Week Congestion"", ""feature_value"": 19.7, ""shap_value"": -28.96, ""impact"": -28.96}, {""feature_key"": ""hour_cos"", ""feature_name"": ""Time of Day (Diurnal Cycle)"", ""feature_value"": 0.97, ""shap_value"": -2.48, ""impact"": -2.48}, {""feature_key"": ""lag_1"", ""feature_name"": ""Recent Congestion (1h ago)"", ""feature_value"": 45.6, ""shap_value"": -1.94, ""impact"": -1.94}, {""feature_key"": ""lag_24"", ""feature_name"": ""Yesterday's Same-Hour Congestion"", ""feature_value"": 22.6, ""shap_value"": -1.84, ""impact"": -1.84}, {""feature_key"": ""hour_sin"", ""feature_name"": ""Time of Day (Peak Window)"", ""feature_value"": -0.26, ""shap_value"": -1.15, ""impact"": -1.15}]",60.24
2620,MAA_EGMORE_STATION,2026-09-25T00:00:00,2026-09-23T20:00:00,28,24.3,LOW,27.0,Humid / Overcast,8,"[{""feature_key"": ""lag_trips_24"", ""feature_name"": ""Yesterday's Scheduled Transit Trips"", ""feature_value"": 8.0, ""shap_value"": 0.22, ""impact"": 0.22}, {""feature_key"": ""dow_cos"", ""feature_name"": ""Day of Week Alignment"", ""feature_value"": -0.9, ""shap_value"": 0.06, ""impact"": 0.06}, {""feature_key"": ""temp_c"", ""feature_name"": ""Ambient Temperature"", ""feature_value"": 27.0, ""shap_value"": 0.03, ""impact"": 0.03}, {""feature_key"": ""transit_weight"", ""feature_name"": ""Transit Commuter Dominance"", ""feature_value"": 0.85, ""shap_value"": 0.03, ""impact"": 0.03}, {""feature_key"": ""feels_like_c"", ""feature_name"": ""Apparent Feels-Like Temperature"", ""feature_value"": 28.2, ""shap_value"": 0.02, ""impact"": 0.02}]","[{""feature_key"": ""lag_168"", ""feature_name"": ""Same Time Last Week Congestion"", ""feature_value"": 24.9, ""shap_value"": -24.03, ""impact"": -24.03}, {""feature_key"": ""lag_1"", ""feature_name"": ""Recent Congestion (1h ago)"", ""feature_value"": 21.5, ""shap_value"": -2.83, ""impact"": -2.83}, {""feature_key"": ""hour_cos"", ""feature_name"": ""Time of Day (Diurnal Cycle)"", ""feature_value"": 1.0, ""shap_value"": -2.5, ""impact"": -2.5}, {""feature_key"": ""lag_24"", ""feature_name"": ""Yesterday's Same-Hour Congestion"", ""feature_value"": 17.8, ""shap_value"": -2.44, ""impact"": -2.44}, {""feature_key"": ""lag_foot_1"", ""feature_name"": ""Recent Foot-Traffic (1h ago)"", ""feature_value"": 2042.0, ""shap_value"": -1.13, ""impact"": -1.13}]",60.24
2621,MAA_EGMORE_STATION,2026-09-25T01:00:00,2026-09-23T20:00:00,29,24.9,LOW,25.2,Humid / Overcast,8,"[{""feature_key"": ""lag_trips_24"", ""feature_name"": ""Yesterday's Scheduled Transit Trips"", ""feature_value"": 8.0, ""shap_value"": 0.26, ""impact"": 0.26}, {""feature_key"": ""lag_3"", ""feature_name"": ""Short-term Congestion (3h ago)"", ""feature_value"": 45.6, ""shap_value"": 0.25, ""impact"": 0.25}, {""feature_key"": ""roll_mean_6h"", ""feature_name"": ""6-Hour Moving Congestion Trend"", ""feature_value"": 58.47, ""shap_value"": 0.11, ""impact"": 0.11}, {""feature_key"": ""temp_c"", ""feature_name"": ""Ambient Temperature"", ""feature_value"": 25.2, ""shap_value"": 0.07, ""impact"": 0.07}, {""feature_key"": ""lag_foot_24"", ""feature_name"": ""Yesterday's Foot-Traffic"", ""feature_value"": 1814.0, ""shap_value"": 0.07, ""impact"": 0.07}]","[{""feature_key"": ""lag_168"", ""feature_name"": ""Same Time Last Week Congestion"", ""feature_value"": 25.0, ""shap_value"": -23.47, ""impact"": -23.47}, {""feature_key"": ""lag_1"", ""feature_name"": ""Recent Congestion (1h ago)"", ""feature_value"": 24.3, ""shap_value"": -2.78, ""impact"": -2.78}, {""feature_key"": ""lag_24"", ""feature_name"": ""Yesterday's Same-Hour Congestion"", ""feature_value"": 19.1, ""shap_value"": -2.49, ""impact"": -2.49}, {""feature_key"": ""hour_cos"", ""feature_name"": ""Time of Day (Diurnal Cycle)"", ""feature_value"": 0.97, ""shap_value"": -2.41, ""impact"": -2.41}, {""feature_key"": ""lag_foot_1"", ""feature_name"": ""Recent Foot-Traffic (1h ago)"", ""feature_value"": 2308.0, ""shap_value"": -1.36, ""impact"": -1.36}]",60.24
2622,MAA_EGMORE_STATION,2026-09-25T02:00:00,2026-09-23T20:00:00,30,29.3,LOW,25.6,Humid / Overcast,8,"[{""feature_key"": ""lag_foot_24"", ""feature_name"": ""Yesterday's Foot-Traffic"", ""feature_value"": 2460.0, ""shap_value"": 0.39, ""impact"": 0.39}, {""feature_key"": ""lag_trips_24"", ""feature_name"": ""Yesterday's Scheduled Transit Trips"", ""feature_value"": 8.0, ""shap_value"": 0.28, ""impact"": 0.28}, {""feature_key"": ""lag_3"", ""feature_name"": ""Short-term Congestion (3h ago)"", ""feature_value"": 21.5, ""shap_value"": 0.25, ""impact"": 0.25}, {""feature_key"": ""roll_mean_6h"", ""feature_name"": ""6-Hour Moving Congestion Trend"", ""feature_value"": 46.33, ""shap_value"": 0.16, ""impact"": 0.16}, {""feature_key"": ""transit_weight"", ""feature_name"": ""Transit Commuter Dominance"", ""feature_value"": 0.85, ""shap_value"": 0.03, ""impact"": 0.03}]","[{""feature_key"": ""lag_168"", ""feature_name"": ""Same Time Last Week Congestion"", ""feature_value"": 30.8, ""shap_value"": -20.55, ""impact"": -20.55}, {""feature_key"": ""lag_1"", ""feature_name"": ""Recent Congestion (1h ago)"", ""feature_value"": 24.9, ""shap_value"": -2.71, ""impact"": -2.71}, {""feature_key"": ""lag_24"", ""feature_name"": ""Yesterday's Same-Hour Congestion"", ""feature_value"": 25.9, ""shap_value"": -2.03, ""impact"": -2.03}, {""feature_key"": ""hour_cos"", ""feature_name"": ""Time of Day (Diurnal Cycle)"", ""feature_value"": 0.87, ""shap_value"": -1.93, ""impact"": -1.93}, {""feature_key"": ""lag_foot_1"", ""feature_name"": ""Recent Foot-Traffic (1h ago)"", ""feature_value"": 2365.0, ""shap_value"": -1.22, ""impact"": -1.22}]",60.24
2623,MAA_EGMORE_STATION,2026-09-25T03:00:00,2026-09-23T20:00:00,31,30.8,LOW,24.9,Humid / Overcast,8,"[{""feature_key"": ""lag_foot_24"", ""feature_name"": ""Yesterday's Foot-Traffic"", ""feature_value"": 3021.0, ""shap_value"": 0.69, ""impact"": 0.69}, {""feature_key"": ""lag_trips_24"", ""feature_name"": ""Yesterday's Scheduled Transit Trips"", ""feature_value"": 8.0, ""shap_value"": 0.29, ""impact"": 0.29}, {""feature_key"": ""lag_3"", ""feature_name"": ""Short-term Congestion (3h ago)"", ""feature_value"": 24.3, ""shap_value"": 0.23, ""impact"": 0.23}, {""feature_key"": ""roll_mean_6h"", ""feature_name"": ""6-Hour Moving Congestion Trend"", ""feature_value"": 35.43, ""shap_value"": 0.17, ""impact"": 0.17}, {""feature_key"": ""temp_c"", ""feature_name"": ""Ambient Temperature"", ""feature_value"": 24.9, ""shap_value"": 0.06, ""impact"": 0.06}]","[{""feature_key"": ""lag_168"", ""feature_name"": ""Same Time Last Week Congestion"", ""feature_value"": 29.8, ""shap_value"": -20.66, ""impact"": -20.66}, {""feature_key"": ""lag_1"", ""feature_name"": ""Recent Congestion (1h ago)"", ""feature_value"": 29.3, ""shap_value"": -2.71, ""impact"": -2.71}, {""feature_key"": ""hour_cos"", ""feature_name"": ""Time of Day (Diurnal Cycle)"", ""feature_value"": 0.71, ""shap_value"": -1.53, ""impact"": -1.53}, {""feature_key"": ""lag_24"", ""feature_name"": ""Yesterday's Same-Hour Congestion"", ""feature_value"": 31.8, ""shap_value"": -1.44, ""impact"": -1.44}, {""feature_key"": ""lag_foot_1"", ""feature_name"": ""Recent Foot-Traffic (1h ago)"", ""feature_value"": 2783.0, ""shap_value"": -1.07, ""impact"": -1.07}]",60.24
2624,MAA_EGMORE_STATION,2026-09-25T04:00:00,2026-09-23T20:00:00,32,36.3,MODERATE,26.4,Sunny & Warm,8,"[{""feature_key"": ""lag_foot_24"", ""feature_name"": ""Yesterday's Foot-Traffic"", ""feature_value"": 3429.0, ""shap_value"": 0.94, ""impact"": 0.94}, {""feature_key"": ""roll_mean_6h"", ""feature_name"": ""6-Hour Moving Congestion Trend"", ""feature_value"": 29.4, ""shap_value"": 0.35, ""impact"": 0.35}, {""feature_key"": ""lag_trips_24"", ""feature_name"": ""Yesterday's Scheduled Transit Trips"", ""feature_value"": 8.0, ""shap_value"": 0.33, ""impact"": 0.33}, {""feature_key"": ""lag_3"", ""feature_name"": ""Short-term Congestion (3h ago)"", ""feature_value"": 24.9, ""shap_value"": 0.19, ""impact"": 0.19}, {""feature_key"": ""temp_c"", ""feature_name"": ""Ambient Temperature"", ""feature_value"": 26.4, ""shap_value"": 0.18, ""impact"": 0.18}]","[{""feature_key"": ""lag_168"", ""feature_name"": ""Same Time Last Week Congestion"", ""feature_value"": 35.5, ""shap_value"": -15.32, ""impact"": -15.32}, {""feature_key"": ""lag_1"", ""feature_name"": ""Recent Congestion (1h ago)"", ""feature_value"": 30.8, ""shap_value"": -3.03, ""impact"": -3.03}, {""feature_key"": ""hour_cos"", ""feature_name"": ""Time of Day (Diurnal Cycle)"", ""feature_value"": 0.5, ""shap_value"": -1.55, ""impact"": -1.55}, {""feature_key"": ""lag_24"", ""feature_name"": ""Yesterday's Same-Hour Congestion"", ""feature_value"": 36.1, ""shap_value"": -1.09, ""impact"": -1.09}, {""feature_key"": ""lag_foot_1"", ""feature_name"": ""Recent Foot-Traffic (1h ago)"", ""feature_value"": 2926.0, ""shap_value"": -1.08, ""impact"": -1.08}]",60.24
2625,MAA_EGMORE_STATION,2026-09-25T05:00:00,2026-09-23T20:00:00,33,55.6,MODERATE,27.4,Monsoon Downpour,9,"[{""feature_key"": ""precip_mm"", ""feature_name"": ""Rainfall Intensity"", ""feature_value"": 7.81, ""shap_value"": 3.84, ""impact"": 3.84}, {""feature_key"": ""lag_foot_24"", ""feature_name"": ""Yesterday's Foot-Traffic"", ""feature_value"": 4123.0, ""shap_value"": 3.1, ""impact"": 3.1}, {""feature_key"": ""weather_transit_surge"", ""feature_name"": ""Rainfall Transit Inflow Surge"", ""feature_value"": 1.36, ""shap_value"": 2.97, ""impact"": 2.97}, {""feature_key"": ""weather_tourism_suppression"", ""feature_name"": ""Weather Tourist Dampening Index"", ""feature_value"": 1.08, ""shap_value"": 1.13, ""impact"": 1.13}, {""feature_key"": ""hour_sin"", ""feature_name"": ""Time of Day (Peak Window)"", ""feature_value"": 0.97, ""shap_value"": 0.83, ""impact"": 0.83}]","[{""feature_key"": ""lag_168"", ""feature_name"": ""Same Time Last Week Congestion"", ""feature_value"": 38.2, ""shap_value"": -11.64, ""impact"": -11.64}, {""feature_key"": ""lag_1"", ""feature_name"": ""Recent Congestion (1h ago)"", ""feature_value"": 36.3, ""shap_value"": -3.3, ""impact"": -3.3}, {""feature_key"": ""lag_24"", ""feature_name"": ""Yesterday's Same-Hour Congestion"", ""feature_value"": 43.4, ""shap_value"": -0.96, ""impact"": -0.96}, {""feature_key"": ""hour_cos"", ""feature_name"": ""Time of Day (Diurnal Cycle)"", ""feature_value"": 0.26, ""shap_value"": -0.84, ""impact"": -0.84}, {""feature_key"": ""scheduled_trips"", ""feature_name"": ""Transit Dispatch Frequency"", ""feature_value"": 9.0, ""shap_value"": -0.59, ""impact"": -0.59}]",60.24
2626,MAA_EGMORE_STATION,2026-09-25T06:00:00,2026-09-23T20:00:00,34,80.2,SEVERE,28.5,Monsoon Downpour,9,"[{""feature_key"": ""weather_transit_surge"", ""feature_name"": ""Rainfall Transit Inflow Surge"", ""feature_value"": 1.36, ""shap_value"": 7.11, ""impact"": 7.11}, {""feature_key"": ""lag_168"", ""feature_name"": ""Same Time Last Week Congestion"", ""feature_value"": 67.6, ""shap_value"": 6.93, ""impact"": 6.93}, {""feature_key"": ""lag_foot_24"", ""feature_name"": ""Yesterday's Foot-Traffic"", ""feature_value"": 6127.0, ""shap_value"": 2.51, ""impact"": 2.51}, {""feature_key"": ""precip_mm"", ""feature_name"": ""Rainfall Intensity"", ""feature_value"": 6.03, ""shap_value"": 1.74, ""impact"": 1.74}, {""feature_key"": ""temp_c"", ""feature_name"": ""Ambient Temperature"", ""feature_value"": 28.5, ""shap_value"": 1.54, ""impact"": 1.54}]","[{""feature_key"": ""lag_1"", ""feature_name"": ""Recent Congestion (1h ago)"", ""feature_value"": 55.6, ""shap_value"": -2.5, ""impact"": -2.5}, {""feature_key"": ""transit_pressure_ratio"", ""feature_name"": ""Transit Demand-to-Supply Ratio"", ""feature_value"": 7.37, ""shap_value"": -0.48, ""impact"": -0.48}, {""feature_key"": ""scheduled_trips"", ""feature_name"": ""Transit Dispatch Frequency"", ""feature_value"": 9.0, ""shap_value"": -0.44, ""impact"": -0.44}, {""feature_key"": ""roll_mean_3h"", ""feature_name"": ""3-Hour Moving Congestion Trend"", ""feature_value"": 40.9, ""shap_value"": -0.33, ""impact"": -0.33}, {""feature_key"": ""dow_cos"", ""feature_name"": ""Day of Week Alignment"", ""feature_value"": -0.9, ""shap_value"": -0.17, ""impact"": -0.17}]",60.24
2627,MAA_EGMORE_STATION,2026-09-25T07:00:00,2026-09-23T20:00:00,35,95.2,SEVERE,29.1,Monsoon Downpour,9,"[{""feature_key"": ""lag_168"", ""feature_name"": ""Same Time Last Week Congestion"", ""feature_value"": 97.7, ""shap_value"": 22.49, ""impact"": 22.49}, {""feature_key"": ""weather_transit_surge"", ""feature_name"": ""Rainfall Transit Inflow Surge"", ""feature_value"": 1.36, ""shap_value"": 3.17, ""impact"": 3.17}, {""feature_key"": ""lag_foot_24"", ""feature_name"": ""Yesterday's Foot-Traffic"", ""feature_value"": 8749.0, ""shap_value"": 2.18, ""impact"": 2.18}, {""feature_key"": ""lag_1"", ""feature_name"": ""Recent Congestion (1h ago)"", ""feature_value"": 80.2, ""shap_value"": 1.6, ""impact"": 1.6}, {""feature_key"": ""hour_cos"", ""feature_name"": ""Time of Day (Diurnal Cycle)"", ""feature_value"": -0.26, ""shap_value"": 1.55, ""impact"": 1.55}]","[{""feature_key"": ""scheduled_trips"", ""feature_name"": ""Transit Dispatch Frequency"", ""feature_value"": 9.0, ""shap_value"": -1.1, ""impact"": -1.1}, {""feature_key"": ""transit_pressure_ratio"", ""feature_name"": ""Transit Demand-to-Supply Ratio"", ""feature_value"": 7.45, ""shap_value"": -0.56, ""impact"": -0.56}, {""feature_key"": ""roll_mean_3h"", ""feature_name"": ""3-Hour Moving Congestion Trend"", ""feature_value"": 57.37, ""shap_value"": -0.16, ""impact"": -0.16}, {""feature_key"": ""tourist_weight"", ""feature_name"": ""Tourist Landmark Dominance"", ""feature_value"": 0.6, ""shap_value"": -0.09, ""impact"": -0.09}, {""feature_key"": ""roll_std_24h"", ""feature_name"": ""24-Hour Crowd Volatility"", ""feature_value"": 26.86, ""shap_value"": -0.09, ""impact"": -0.09}]",60.24
2628,MAA_EGMORE_STATION,2026-09-25T08:00:00,2026-09-23T20:00:00,36,98.2,SEVERE,30.8,Monsoon Downpour,24,"[{""feature_key"": ""lag_168"", ""feature_name"": ""Same Time Last Week Congestion"", ""feature_value"": 86.5, ""shap_value"": 19.62, ""impact"": 19.62}, {""feature_key"": ""weather_transit_surge"", ""feature_name"": ""Rainfall Transit Inflow Surge"", ""feature_value"": 1.36, ""shap_value"": 4.47, ""impact"": 4.47}, {""feature_key"": ""lag_foot_24"", ""feature_name"": ""Yesterday's Foot-Traffic"", ""feature_value"": 8920.0, ""shap_value"": 2.57, ""impact"": 2.57}, {""feature_key"": ""lag_1"", ""feature_name"": ""Recent Congestion (1h ago)"", ""feature_value"": 95.2, ""shap_value"": 2.47, ""impact"": 2.47}, {""feature_key"": ""lag_24"", ""feature_name"": ""Yesterday's Same-Hour Congestion"", ""feature_value"": 93.9, ""shap_value"": 1.56, ""impact"": 1.56}]","[{""feature_key"": ""lag_trips_24"", ""feature_name"": ""Yesterday's Scheduled Transit Trips"", ""feature_value"": 24.0, ""shap_value"": -0.23, ""impact"": -0.23}, {""feature_key"": ""dow_sin"", ""feature_name"": ""Weekly Schedule Cycle"", ""feature_value"": -0.43, ""shap_value"": -0.16, ""impact"": -0.16}, {""feature_key"": ""humidity_pct"", ""feature_name"": ""Marine Layer / Humidity"", ""feature_value"": 80.0, ""shap_value"": -0.13, ""impact"": -0.13}, {""feature_key"": ""roll_mean_24h"", ""feature_name"": ""24-Hour Average Baseline"", ""feature_value"": 67.15, ""shap_value"": -0.08, ""impact"": -0.08}, {""feature_key"": ""lag_trips_1"", ""feature_name"": ""Recent Transit Trips Count"", ""feature_value"": 9.0, ""shap_value"": -0.06, ""impact"": -0.06}]",60.24
2629,MAA_EGMORE_STATION,2026-09-25T09:00:00,2026-09-23T20:00:00,37,99.1,SEVERE,31.7,Monsoon Downpour,24,"[{""feature_key"": ""lag_168"", ""feature_name"": ""Same Time Last Week Congestion"", ""feature_value"": 98.5, ""shap_value"": 23.22, ""impact"": 23.22}, {""feature_key"": ""weather_transit_surge"", ""feature_name"": ""Rainfall Transit Inflow Surge"", ""feature_value"": 1.36, ""shap_value"": 3.24, ""impact"": 3.24}, {""feature_key"": ""lag_1"", ""feature_name"": ""Recent Congestion (1h ago)"", ""feature_value"": 98.2, ""shap_value"": 2.77, ""impact"": 2.77}, {""feature_key"": ""lag_foot_24"", ""feature_name"": ""Yesterday's Foot-Traffic"", ""feature_value"": 9186.0, ""shap_value"": 2.4, ""impact"": 2.4}, {""feature_key"": ""lag_24"", ""feature_name"": ""Yesterday's Same-Hour Congestion"", ""feature_value"": 96.7, ""shap_value"": 1.79, ""impact"": 1.79}]","[{""feature_key"": ""lag_trips_24"", ""feature_name"": ""Yesterday's Scheduled Transit Trips"", ""feature_value"": 24.0, ""shap_value"": -0.2, ""impact"": -0.2}, {""feature_key"": ""dow_sin"", ""feature_name"": ""Weekly Schedule Cycle"", ""feature_value"": -0.43, ""shap_value"": -0.15, ""impact"": -0.15}, {""feature_key"": ""lag_3"", ""feature_name"": ""Short-term Congestion (3h ago)"", ""feature_value"": 80.2, ""shap_value"": -0.15, ""impact"": -0.15}, {""feature_key"": ""humidity_pct"", ""feature_name"": ""Marine Layer / Humidity"", ""feature_value"": 77.0, ""shap_value"": -0.1, ""impact"": -0.1}, {""feature_key"": ""roll_mean_24h"", ""feature_name"": ""24-Hour Average Baseline"", ""feature_value"": 67.33, ""shap_value"": -0.05, ""impact"": -0.05}]",60.24
2630,MAA_EGMORE_STATION,2026-09-25T10:00:00,2026-09-23T20:00:00,38,95.7,SEVERE,31.3,Monsoon Downpour,24,"[{""feature_key"": ""lag_168"", ""feature_name"": ""Same Time Last Week Congestion"", ""feature_value"": 83.1, ""shap_value"": 17.27, ""impact"": 17.27}, {""feature_key"": ""weather_transit_surge"", ""feature_name"": ""Rainfall Transit Inflow Surge"", ""feature_value"": 1.36, ""shap_value"": 5.5, ""impact"": 5.5}, {""feature_key"": ""lag_1"", ""feature_name"": ""Recent Congestion (1h ago)"", ""feature_value"": 99.1, ""shap_value"": 3.67, ""impact"": 3.67}, {""feature_key"": ""lag_foot_24"", ""feature_name"": ""Yesterday's Foot-Traffic"", ""feature_value"": 8265.0, ""shap_value"": 2.56, ""impact"": 2.56}, {""feature_key"": ""lag_24"", ""feature_name"": ""Yesterday's Same-Hour Congestion"", ""feature_value"": 87.0, ""shap_value"": 1.55, ""impact"": 1.55}]","[{""feature_key"": ""lag_3"", ""feature_name"": ""Short-term Congestion (3h ago)"", ""feature_value"": 95.2, ""shap_value"": -0.52, ""impact"": -0.52}, {""feature_key"": ""roll_mean_6h"", ""feature_name"": ""6-Hour Moving Congestion Trend"", ""feature_value"": 77.43, ""shap_value"": -0.46, ""impact"": -0.46}, {""feature_key"": ""lag_trips_24"", ""feature_name"": ""Yesterday's Scheduled Transit Trips"", ""feature_value"": 24.0, ""shap_value"": -0.22, ""impact"": -0.22}, {""feature_key"": ""dow_sin"", ""feature_name"": ""Weekly Schedule Cycle"", ""feature_value"": -0.43, ""shap_value"": -0.21, ""impact"": -0.21}, {""feature_key"": ""hour_cos"", ""feature_name"": ""Time of Day (Diurnal Cycle)"", ""feature_value"": -0.87, ""shap_value"": -0.19, ""impact"": -0.19}]",60.24
2631,MAA_EGMORE_STATION,2026-09-25T11:00:00,2026-09-23T20:00:00,39,72.1,HIGH,33.2,Sunny & Warm,15,"[{""feature_key"": ""lag_168"", ""feature_name"": ""Same Time Last Week Congestion"", ""feature_value"": 77.2, ""shap_value"": 12.2, ""impact"": 12.2}, {""feature_key"": ""lag_1"", ""feature_name"": ""Recent Congestion (1h ago)"", ""feature_value"": 95.7, ""shap_value"": 2.82, ""impact"": 2.82}, {""feature_key"": ""lag_foot_24"", ""feature_name"": ""Yesterday's Foot-Traffic"", ""feature_value"": 6859.0, ""shap_value"": 2.25, ""impact"": 2.25}, {""feature_key"": ""lag_foot_1"", ""feature_name"": ""Recent Foot-Traffic (1h ago)"", ""feature_value"": 9091.0, ""shap_value"": 0.77, ""impact"": 0.77}, {""feature_key"": ""temp_c"", ""feature_name"": ""Ambient Temperature"", ""feature_value"": 33.2, ""shap_value"": 0.62, ""impact"": 0.62}]","[{""feature_key"": ""hour_cos"", ""feature_name"": ""Time of Day (Diurnal Cycle)"", ""feature_value"": -0.97, ""shap_value"": -2.17, ""impact"": -2.17}, {""feature_key"": ""hour_sin"", ""feature_name"": ""Time of Day (Peak Window)"", ""feature_value"": 0.26, ""shap_value"": -1.7, ""impact"": -1.7}, {""feature_key"": ""weather_transit_surge"", ""feature_name"": ""Rainfall Transit Inflow Surge"", ""feature_value"": 0.0, ""shap_value"": -0.95, ""impact"": -0.95}, {""feature_key"": ""lag_3"", ""feature_name"": ""Short-term Congestion (3h ago)"", ""feature_value"": 98.2, ""shap_value"": -0.89, ""impact"": -0.89}, {""feature_key"": ""dow_sin"", ""feature_name"": ""Weekly Schedule Cycle"", ""feature_value"": -0.43, ""shap_value"": -0.51, ""impact"": -0.51}]",60.24
2632,MAA_EGMORE_STATION,2026-09-25T12:00:00,2026-09-23T20:00:00,40,61.2,HIGH,34.1,Sunny & Warm,15,"[{""feature_key"": ""lag_168"", ""feature_name"": ""Same Time Last Week Congestion"", ""feature_value"": 62.4, ""shap_value"": 2.81, ""impact"": 2.81}, {""feature_key"": ""lag_foot_24"", ""feature_name"": ""Yesterday's Foot-Traffic"", ""feature_value"": 5785.0, ""shap_value"": 2.32, ""impact"": 2.32}, {""feature_key"": ""lag_1"", ""feature_name"": ""Recent Congestion (1h ago)"", ""feature_value"": 72.1, ""shap_value"": 1.04, ""impact"": 1.04}, {""feature_key"": ""lag_foot_1"", ""feature_name"": ""Recent Foot-Traffic (1h ago)"", ""feature_value"": 6849.0, ""shap_value"": 0.77, ""impact"": 0.77}, {""feature_key"": ""temp_c"", ""feature_name"": ""Ambient Temperature"", ""feature_value"": 34.1, ""shap_value"": 0.35, ""impact"": 0.35}]","[{""feature_key"": ""hour_sin"", ""feature_name"": ""Time of Day (Peak Window)"", ""feature_value"": 0.0, ""shap_value"": -1.9, ""impact"": -1.9}, {""feature_key"": ""hour_cos"", ""feature_name"": ""Time of Day (Diurnal Cycle)"", ""feature_value"": -1.0, ""shap_value"": -1.53, ""impact"": -1.53}, {""feature_key"": ""lag_3"", ""feature_name"": ""Short-term Congestion (3h ago)"", ""feature_value"": 99.1, ""shap_value"": -1.04, ""impact"": -1.04}, {""feature_key"": ""lag_24"", ""feature_name"": ""Yesterday's Same-Hour Congestion"", ""feature_value"": 60.9, ""shap_value"": -0.65, ""impact"": -0.65}, {""feature_key"": ""roll_mean_6h"", ""feature_name"": ""6-Hour Moving Congestion Trend"", ""feature_value"": 90.08, ""shap_value"": -0.57, ""impact"": -0.57}]",60.24
2633,MAA_EGMORE_STATION,2026-09-25T13:00:00,2026-09-23T20:00:00,41,59.6,MODERATE,34.0,Sunny & Warm,15,"[{""feature_key"": ""lag_foot_24"", ""feature_name"": ""Yesterday's Foot-Traffic"", ""feature_value"": 5728.0, ""shap_value"": 2.47, ""impact"": 2.47}, {""feature_key"": ""lag_168"", ""feature_name"": ""Same Time Last Week Congestion"", ""feature_value"": 58.4, ""shap_value"": 1.73, ""impact"": 1.73}, {""feature_key"": ""lag_foot_1"", ""feature_name"": ""Recent Foot-Traffic (1h ago)"", ""feature_value"": 5814.0, ""shap_value"": 0.7, ""impact"": 0.7}, {""feature_key"": ""humidity_pct"", ""feature_name"": ""Marine Layer / Humidity"", ""feature_value"": 57.0, ""shap_value"": 0.37, ""impact"": 0.37}, {""feature_key"": ""transit_weight"", ""feature_name"": ""Transit Commuter Dominance"", ""feature_value"": 0.85, ""shap_value"": 0.28, ""impact"": 0.28}]","[{""feature_key"": ""hour_sin"", ""feature_name"": ""Time of Day (Peak Window)"", ""feature_value"": -0.26, ""shap_value"": -1.8, ""impact"": -1.8}, {""feature_key"": ""hour_cos"", ""feature_name"": ""Time of Day (Diurnal Cycle)"", ""feature_value"": -0.97, ""shap_value"": -1.06, ""impact"": -1.06}, {""feature_key"": ""lag_3"", ""feature_name"": ""Short-term Congestion (3h ago)"", ""feature_value"": 95.7, ""shap_value"": -0.93, ""impact"": -0.93}, {""feature_key"": ""lag_1"", ""feature_name"": ""Recent Congestion (1h ago)"", ""feature_value"": 61.2, ""shap_value"": -0.83, ""impact"": -0.83}, {""feature_key"": ""weather_transit_surge"", ""feature_name"": ""Rainfall Transit Inflow Surge"", ""feature_value"": 0.0, ""shap_value"": -0.51, ""impact"": -0.51}]",60.24
2634,MAA_EGMORE_STATION,2026-09-25T14:00:00,2026-09-23T20:00:00,42,72.6,HIGH,33.6,Monsoon Downpour,15,"[{""feature_key"": ""lag_168"", ""feature_name"": ""Same Time Last Week Congestion"", ""feature_value"": 75.2, ""shap_value"": 11.43, ""impact"": 11.43}, {""feature_key"": ""weather_transit_surge"", ""feature_name"": ""Rainfall Transit Inflow Surge"", ""feature_value"": 1.36, ""shap_value"": 3.99, ""impact"": 3.99}, {""feature_key"": ""lag_foot_24"", ""feature_name"": ""Yesterday's Foot-Traffic"", ""feature_value"": 6621.0, ""shap_value"": 2.15, ""impact"": 2.15}, {""feature_key"": ""precip_mm"", ""feature_name"": ""Rainfall Intensity"", ""feature_value"": 6.56, ""shap_value"": 1.14, ""impact"": 1.14}, {""feature_key"": ""temp_c"", ""feature_name"": ""Ambient Temperature"", ""feature_value"": 33.6, ""shap_value"": 0.39, ""impact"": 0.39}]","[{""feature_key"": ""hour_sin"", ""feature_name"": ""Time of Day (Peak Window)"", ""feature_value"": -0.5, ""shap_value"": -2.3, ""impact"": -2.3}, {""feature_key"": ""lag_1"", ""feature_name"": ""Recent Congestion (1h ago)"", ""feature_value"": 59.6, ""shap_value"": -2.08, ""impact"": -2.08}, {""feature_key"": ""hour_cos"", ""feature_name"": ""Time of Day (Diurnal Cycle)"", ""feature_value"": -0.87, ""shap_value"": -1.15, ""impact"": -1.15}, {""feature_key"": ""dow_sin"", ""feature_name"": ""Weekly Schedule Cycle"", ""feature_value"": -0.43, ""shap_value"": -0.92, ""impact"": -0.92}, {""feature_key"": ""roll_mean_6h"", ""feature_name"": ""6-Hour Moving Congestion Trend"", ""feature_value"": 80.98, ""shap_value"": -0.83, ""impact"": -0.83}]",60.24
2635,MAA_EGMORE_STATION,2026-09-25T15:00:00,2026-09-23T20:00:00,43,81.8,SEVERE,34.1,Monsoon Downpour,15,"[{""feature_key"": ""lag_168"", ""feature_name"": ""Same Time Last Week Congestion"", ""feature_value"": 82.3, ""shap_value"": 15.15, ""impact"": 15.15}, {""feature_key"": ""weather_transit_surge"", ""feature_name"": ""Rainfall Transit Inflow Surge"", ""feature_value"": 1.36, ""shap_value"": 3.24, ""impact"": 3.24}, {""feature_key"": ""lag_foot_24"", ""feature_name"": ""Yesterday's Foot-Traffic"", ""feature_value"": 7448.0, ""shap_value"": 2.22, ""impact"": 2.22}, {""feature_key"": ""lag_1"", ""feature_name"": ""Recent Congestion (1h ago)"", ""feature_value"": 72.6, ""shap_value"": 0.95, ""impact"": 0.95}, {""feature_key"": ""hour_cos"", ""feature_name"": ""Time of Day (Diurnal Cycle)"", ""feature_value"": -0.71, ""shap_value"": 0.9, ""impact"": 0.9}]","[{""feature_key"": ""hour_sin"", ""feature_name"": ""Time of Day (Peak Window)"", ""feature_value"": -0.71, ""shap_value"": -1.46, ""impact"": -1.46}, {""feature_key"": ""dow_sin"", ""feature_name"": ""Weekly Schedule Cycle"", ""feature_value"": -0.43, ""shap_value"": -0.77, ""impact"": -0.77}, {""feature_key"": ""roll_mean_6h"", ""feature_name"": ""6-Hour Moving Congestion Trend"", ""feature_value"": 76.72, ""shap_value"": -0.58, ""impact"": -0.58}, {""feature_key"": ""transit_pressure_ratio"", ""feature_name"": ""Transit Demand-to-Supply Ratio"", ""feature_value"": 4.53, ""shap_value"": -0.46, ""impact"": -0.46}, {""feature_key"": ""scheduled_trips"", ""feature_name"": ""Transit Dispatch Frequency"", ""feature_value"": 15.0, ""shap_value"": -0.27, ""impact"": -0.27}]",60.24
2636,MAA_EGMORE_STATION,2026-09-25T16:00:00,2026-09-23T20:00:00,44,94.6,SEVERE,33.2,Monsoon Downpour,15,"[{""feature_key"": ""lag_168"", ""feature_name"": ""Same Time Last Week Congestion"", ""feature_value"": 98.5, ""shap_value"": 23.6, ""impact"": 23.6}, {""feature_key"": ""lag_foot_24"", ""feature_name"": ""Yesterday's Foot-Traffic"", ""feature_value"": 8854.0, ""shap_value"": 2.33, ""impact"": 2.33}, {""feature_key"": ""weather_transit_surge"", ""feature_name"": ""Rainfall Transit Inflow Surge"", ""feature_value"": 1.36, ""shap_value"": 1.8, ""impact"": 1.8}, {""feature_key"": ""lag_24"", ""feature_name"": ""Yesterday's Same-Hour Congestion"", ""feature_value"": 93.2, ""shap_value"": 1.47, ""impact"": 1.47}, {""feature_key"": ""hour_cos"", ""feature_name"": ""Time of Day (Diurnal Cycle)"", ""feature_value"": -0.5, ""shap_value"": 1.42, ""impact"": 1.42}]","[{""feature_key"": ""dow_sin"", ""feature_name"": ""Weekly Schedule Cycle"", ""feature_value"": -0.43, ""shap_value"": -0.32, ""impact"": -0.32}, {""feature_key"": ""precip_mm"", ""feature_name"": ""Rainfall Intensity"", ""feature_value"": 8.45, ""shap_value"": -0.27, ""impact"": -0.27}, {""feature_key"": ""lag_trips_24"", ""feature_name"": ""Yesterday's Scheduled Transit Trips"", ""feature_value"": 15.0, ""shap_value"": -0.18, ""impact"": -0.18}, {""feature_key"": ""transit_pressure_ratio"", ""feature_name"": ""Transit Demand-to-Supply Ratio"", ""feature_value"": 4.54, ""shap_value"": -0.05, ""impact"": -0.05}, {""feature_key"": ""roll_mean_6h"", ""feature_name"": ""6-Hour Moving Congestion Trend"", ""feature_value"": 73.83, ""shap_value"": -0.04, ""impact"": -0.04}]",60.24
2637,MAA_EGMORE_STATION,2026-09-25T17:00:00,2026-09-23T20:00:00,45,98.5,SEVERE,33.7,Thunderstorm / Rain,24,"[{""feature_key"": ""lag_168"", ""feature_name"": ""Same Time Last Week Congestion"", ""feature_value"": 98.5, ""shap_value"": 23.21, ""impact"": 23.21}, {""feature_key"": ""lag_foot_24"", ""feature_name"": ""Yesterday's Foot-Traffic"", ""feature_value"": 9329.0, ""shap_value"": 2.49, ""impact"": 2.49}, {""feature_key"": ""lag_24"", ""feature_name"": ""Yesterday's Same-Hour Congestion"", ""feature_value"": 98.2, ""shap_value"": 1.96, ""impact"": 1.96}, {""feature_key"": ""lag_1"", ""feature_name"": ""Recent Congestion (1h ago)"", ""feature_value"": 94.6, ""shap_value"": 1.93, ""impact"": 1.93}, {""feature_key"": ""weather_transit_surge"", ""feature_name"": ""Rainfall Transit Inflow Surge"", ""feature_value"": 1.36, ""shap_value"": 1.79, ""impact"": 1.79}]","[{""feature_key"": ""dow_sin"", ""feature_name"": ""Weekly Schedule Cycle"", ""feature_value"": -0.43, ""shap_value"": -0.27, ""impact"": -0.27}, {""feature_key"": ""lag_trips_24"", ""feature_name"": ""Yesterday's Scheduled Transit Trips"", ""feature_value"": 24.0, ""shap_value"": -0.18, ""impact"": -0.18}, {""feature_key"": ""roll_mean_24h"", ""feature_name"": ""24-Hour Average Baseline"", ""feature_value"": 68.09, ""shap_value"": -0.1, ""impact"": -0.1}, {""feature_key"": ""tourist_weight"", ""feature_name"": ""Tourist Landmark Dominance"", ""feature_value"": 0.6, ""shap_value"": -0.06, ""impact"": -0.06}, {""feature_key"": ""roll_mean_6h"", ""feature_name"": ""6-Hour Moving Congestion Trend"", ""feature_value"": 73.65, ""shap_value"": -0.05, ""impact"": -0.05}]",60.24
2638,MAA_EGMORE_STATION,2026-09-25T18:00:00,2026-09-23T20:00:00,46,98.4,SEVERE,32.6,Monsoon Downpour,24,"[{""feature_key"": ""lag_168"", ""feature_name"": ""Same Time Last Week Congestion"", ""feature_value"": 98.5, ""shap_value"": 23.04, ""impact"": 23.04}, {""feature_key"": ""lag_foot_24"", ""feature_name"": ""Yesterday's Foot-Traffic"", ""feature_value"": 9300.0, ""shap_value"": 2.51, ""impact"": 2.51}, {""feature_key"": ""lag_1"", ""feature_name"": ""Recent Congestion (1h ago)"", ""feature_value"": 98.5, ""shap_value"": 2.41, ""impact"": 2.41}, {""feature_key"": ""lag_24"", ""feature_name"": ""Yesterday's Same-Hour Congestion"", ""feature_value"": 97.9, ""shap_value"": 2.01, ""impact"": 2.01}, {""feature_key"": ""weather_transit_surge"", ""feature_name"": ""Rainfall Transit Inflow Surge"", ""feature_value"": 1.36, ""shap_value"": 1.76, ""impact"": 1.76}]","[{""feature_key"": ""dow_sin"", ""feature_name"": ""Weekly Schedule Cycle"", ""feature_value"": -0.43, ""shap_value"": -0.26, ""impact"": -0.26}, {""feature_key"": ""lag_trips_24"", ""feature_name"": ""Yesterday's Scheduled Transit Trips"", ""feature_value"": 24.0, ""shap_value"": -0.2, ""impact"": -0.2}, {""feature_key"": ""lag_3"", ""feature_name"": ""Short-term Congestion (3h ago)"", ""feature_value"": 81.8, ""shap_value"": -0.16, ""impact"": -0.16}, {""feature_key"": ""roll_mean_6h"", ""feature_name"": ""6-Hour Moving Congestion Trend"", ""feature_value"": 78.05, ""shap_value"": -0.15, ""impact"": -0.15}, {""feature_key"": ""roll_mean_24h"", ""feature_name"": ""24-Hour Average Baseline"", ""feature_value"": 68.1, ""shap_value"": -0.09, ""impact"": -0.09}]",60.24
2639,MAA_EGMORE_STATION,2026-09-25T19:00:00,2026-09-23T20:00:00,47,97.9,SEVERE,31.3,Monsoon Downpour,24,"[{""feature_key"": ""lag_168"", ""feature_name"": ""Same Time Last Week Congestion"", ""feature_value"": 98.5, ""shap_value"": 23.24, ""impact"": 23.24}, {""feature_key"": ""lag_1"", ""feature_name"": ""Recent Congestion (1h ago)"", ""feature_value"": 98.4, ""shap_value"": 2.64, ""impact"": 2.64}, {""feature_key"": ""lag_foot_24"", ""feature_name"": ""Yesterday's Foot-Traffic"", ""feature_value"": 9281.0, ""shap_value"": 2.42, ""impact"": 2.42}, {""feature_key"": ""lag_24"", ""feature_name"": ""Yesterday's Same-Hour Congestion"", ""feature_value"": 97.7, ""shap_value"": 1.98, ""impact"": 1.98}, {""feature_key"": ""weather_transit_surge"", ""feature_name"": ""Rainfall Transit Inflow Surge"", ""feature_value"": 1.36, ""shap_value"": 1.96, ""impact"": 1.96}]","[{""feature_key"": ""lag_3"", ""feature_name"": ""Short-term Congestion (3h ago)"", ""feature_value"": 94.6, ""shap_value"": -0.34, ""impact"": -0.34}, {""feature_key"": ""dow_sin"", ""feature_name"": ""Weekly Schedule Cycle"", ""feature_value"": -0.43, ""shap_value"": -0.27, ""impact"": -0.27}, {""feature_key"": ""roll_mean_6h"", ""feature_name"": ""6-Hour Moving Congestion Trend"", ""feature_value"": 84.25, ""shap_value"": -0.24, ""impact"": -0.24}, {""feature_key"": ""lag_trips_24"", ""feature_name"": ""Yesterday's Scheduled Transit Trips"", ""feature_value"": 24.0, ""shap_value"": -0.2, ""impact"": -0.2}, {""feature_key"": ""feels_like_c"", ""feature_name"": ""Apparent Feels-Like Temperature"", ""feature_value"": 30.9, ""shap_value"": -0.05, ""impact"": -0.05}]",60.24
2640,MAA_EGMORE_STATION,2026-09-25T20:00:00,2026-09-23T20:00:00,48,96.9,SEVERE,30.0,Thunderstorm / Rain,24,"[{""feature_key"": ""lag_168"", ""feature_name"": ""Same Time Last Week Congestion"", ""feature_value"": 98.5, ""shap_value"": 22.87, ""impact"": 22.87}, {""feature_key"": ""lag_1"", ""feature_name"": ""Recent Congestion (1h ago)"", ""feature_value"": 97.9, ""shap_value"": 2.52, ""impact"": 2.52}, {""feature_key"": ""lag_foot_24"", ""feature_name"": ""Yesterday's Foot-Traffic"", ""feature_value"": 8996.0, ""shap_value"": 2.37, ""impact"": 2.37}, {""feature_key"": ""weather_transit_surge"", ""feature_name"": ""Rainfall Transit Inflow Surge"", ""feature_value"": 1.36, ""shap_value"": 2.02, ""impact"": 2.02}, {""feature_key"": ""lag_24"", ""feature_name"": ""Yesterday's Same-Hour Congestion"", ""feature_value"": 94.7, ""shap_value"": 1.47, ""impact"": 1.47}]","[{""feature_key"": ""lag_3"", ""feature_name"": ""Short-term Congestion (3h ago)"", ""feature_value"": 98.5, ""shap_value"": -0.43, ""impact"": -0.43}, {""feature_key"": ""dow_sin"", ""feature_name"": ""Weekly Schedule Cycle"", ""feature_value"": -0.43, ""shap_value"": -0.35, ""impact"": -0.35}, {""feature_key"": ""roll_mean_6h"", ""feature_name"": ""6-Hour Moving Congestion Trend"", ""feature_value"": 90.63, ""shap_value"": -0.28, ""impact"": -0.28}, {""feature_key"": ""lag_trips_24"", ""feature_name"": ""Yesterday's Scheduled Transit Trips"", ""feature_value"": 24.0, ""shap_value"": -0.24, ""impact"": -0.24}, {""feature_key"": ""roll_mean_24h"", ""feature_name"": ""24-Hour Average Baseline"", ""feature_value"": 68.13, ""shap_value"": -0.16, ""impact"": -0.16}]",60.24
2641,MAA_BESANT_NAGAR_ELLIOTS,2026-09-23T21:00:00,2026-09-23T20:00:00,1,73.8,HIGH,29.6,Sunny & Warm,6,"[{""feature_key"": ""lag_168"", ""feature_name"": ""Same Time Last Week Congestion"", ""feature_value"": 73.9, ""shap_value"": 11.5, ""impact"": 11.5}, {""feature_key"": ""lag_1"", ""feature_name"": ""Recent Congestion (1h ago)"", ""feature_value"": 79.6, ""shap_value"": 2.66, ""impact"": 2.66}, {""feature_key"": ""lag_foot_24"", ""feature_name"": ""Yesterday's Foot-Traffic"", ""feature_value"": 5881.0, ""shap_value"": 2.09, ""impact"": 2.09}, {""feature_key"": ""temp_c"", ""feature_name"": ""Ambient Temperature"", ""feature_value"": 29.6, ""shap_value"": 0.98, ""impact"": 0.98}, {""feature_key"": ""capacity_baseline"", ""feature_name"": ""Station Theoretical Capacity"", ""feature_value"": 8000.0, ""shap_value"": 0.33, ""impact"": 0.33}]","[{""feature_key"": ""hour_cos"", ""feature_name"": ""Time of Day (Diurnal Cycle)"", ""feature_value"": 0.71, ""shap_value"": -1.15, ""impact"": -1.15}, {""feature_key"": ""dow_sin"", ""feature_name"": ""Weekly Schedule Cycle"", ""feature_value"": 0.97, ""shap_value"": -0.86, ""impact"": -0.86}, {""feature_key"": ""roll_mean_6h"", ""feature_name"": ""6-Hour Moving Congestion Trend"", ""feature_value"": 79.25, ""shap_value"": -0.74, ""impact"": -0.74}, {""feature_key"": ""transit_pressure_ratio"", ""feature_name"": ""Transit Demand-to-Supply Ratio"", ""feature_value"": 7.98, ""shap_value"": -0.63, ""impact"": -0.63}, {""feature_key"": ""hour_sin"", ""feature_name"": ""Time of Day (Peak Window)"", ""feature_value"": -0.71, ""shap_value"": -0.62, ""impact"": -0.62}]",60.24
2642,MAA_BESANT_NAGAR_ELLIOTS,2026-09-23T22:00:00,2026-09-23T20:00:00,2,45.3,MODERATE,26.8,Sunny & Warm,6,"[{""feature_key"": ""lag_1"", ""feature_name"": ""Recent Congestion (1h ago)"", ""feature_value"": 73.8, ""shap_value"": 2.68, ""impact"": 2.68}, {""feature_key"": ""lag_foot_1"", ""feature_name"": ""Recent Foot-Traffic (1h ago)"", ""feature_value"": 5904.0, ""shap_value"": 0.42, ""impact"": 0.42}, {""feature_key"": ""lag_trips_24"", ""feature_name"": ""Yesterday's Scheduled Transit Trips"", ""feature_value"": 6.0, ""shap_value"": 0.29, ""impact"": 0.29}, {""feature_key"": ""roll_mean_24h"", ""feature_name"": ""24-Hour Average Baseline"", ""feature_value"": 47.85, ""shap_value"": 0.28, ""impact"": 0.28}, {""feature_key"": ""capacity_baseline"", ""feature_name"": ""Station Theoretical Capacity"", ""feature_value"": 8000.0, ""shap_value"": 0.23, ""impact"": 0.23}]","[{""feature_key"": ""lag_168"", ""feature_name"": ""Same Time Last Week Congestion"", ""feature_value"": 52.2, ""shap_value"": -6.36, ""impact"": -6.36}, {""feature_key"": ""hour_cos"", ""feature_name"": ""Time of Day (Diurnal Cycle)"", ""feature_value"": 0.87, ""shap_value"": -2.64, ""impact"": -2.64}, {""feature_key"": ""lag_24"", ""feature_name"": ""Yesterday's Same-Hour Congestion"", ""feature_value"": 44.7, ""shap_value"": -2.41, ""impact"": -2.41}, {""feature_key"": ""lag_foot_24"", ""feature_name"": ""Yesterday's Foot-Traffic"", ""feature_value"": 3020.0, ""shap_value"": -1.25, ""impact"": -1.25}, {""feature_key"": ""hour_sin"", ""feature_name"": ""Time of Day (Peak Window)"", ""feature_value"": -0.5, ""shap_value"": -0.8, ""impact"": -0.8}]",60.24
2643,MAA_BESANT_NAGAR_ELLIOTS,2026-09-23T23:00:00,2026-09-23T20:00:00,3,19.4,LOW,26.4,Sunny & Warm,6,"[{""feature_key"": ""lag_foot_1"", ""feature_name"": ""Recent Foot-Traffic (1h ago)"", ""feature_value"": 3623.0, ""shap_value"": 0.69, ""impact"": 0.69}, {""feature_key"": ""lag_trips_24"", ""feature_name"": ""Yesterday's Scheduled Transit Trips"", ""feature_value"": 6.0, ""shap_value"": 0.23, ""impact"": 0.23}, {""feature_key"": ""capacity_baseline"", ""feature_name"": ""Station Theoretical Capacity"", ""feature_value"": 8000.0, ""shap_value"": 0.12, ""impact"": 0.12}, {""feature_key"": ""roll_mean_24h"", ""feature_name"": ""24-Hour Average Baseline"", ""feature_value"": 47.88, ""shap_value"": 0.08, ""impact"": 0.08}, {""feature_key"": ""dow_cos"", ""feature_name"": ""Day of Week Alignment"", ""feature_value"": -0.22, ""shap_value"": 0.07, ""impact"": 0.07}]","[{""feature_key"": ""lag_168"", ""feature_name"": ""Same Time Last Week Congestion"", ""feature_value"": 20.3, ""shap_value"": -28.15, ""impact"": -28.15}, {""feature_key"": ""lag_foot_24"", ""feature_name"": ""Yesterday's Foot-Traffic"", ""feature_value"": 483.0, ""shap_value"": -4.05, ""impact"": -4.05}, {""feature_key"": ""hour_cos"", ""feature_name"": ""Time of Day (Diurnal Cycle)"", ""feature_value"": 0.97, ""shap_value"": -2.05, ""impact"": -2.05}, {""feature_key"": ""lag_24"", ""feature_name"": ""Yesterday's Same-Hour Congestion"", ""feature_value"": 16.2, ""shap_value"": -2.05, ""impact"": -2.05}, {""feature_key"": ""lag_1"", ""feature_name"": ""Recent Congestion (1h ago)"", ""feature_value"": 45.3, ""shap_value"": -1.78, ""impact"": -1.78}]",60.24
2644,MAA_BESANT_NAGAR_ELLIOTS,2026-09-24T00:00:00,2026-09-23T20:00:00,4,13.1,LOW,25.6,Humid / Overcast,8,"[{""feature_key"": ""lag_trips_24"", ""feature_name"": ""Yesterday's Scheduled Transit Trips"", ""feature_value"": 6.0, ""shap_value"": 0.23, ""impact"": 0.23}, {""feature_key"": ""roll_mean_24h"", ""feature_name"": ""24-Hour Average Baseline"", ""feature_value"": 48.01, ""shap_value"": 0.09, ""impact"": 0.09}, {""feature_key"": ""dow_cos"", ""feature_name"": ""Day of Week Alignment"", ""feature_value"": -0.9, ""shap_value"": 0.05, ""impact"": 0.05}, {""feature_key"": ""roll_mean_6h"", ""feature_name"": ""6-Hour Moving Congestion Trend"", ""feature_value"": 65.47, ""shap_value"": 0.03, ""impact"": 0.03}, {""feature_key"": ""tourist_weight"", ""feature_name"": ""Tourist Landmark Dominance"", ""feature_value"": 0.88, ""shap_value"": 0.02, ""impact"": 0.02}]","[{""feature_key"": ""lag_168"", ""feature_name"": ""Same Time Last Week Congestion"", ""feature_value"": 19.5, ""shap_value"": -29.49, ""impact"": -29.49}, {""feature_key"": ""lag_foot_24"", ""feature_name"": ""Yesterday's Foot-Traffic"", ""feature_value"": 366.0, ""shap_value"": -5.67, ""impact"": -5.67}, {""feature_key"": ""lag_1"", ""feature_name"": ""Recent Congestion (1h ago)"", ""feature_value"": 19.4, ""shap_value"": -2.66, ""impact"": -2.66}, {""feature_key"": ""lag_24"", ""feature_name"": ""Yesterday's Same-Hour Congestion"", ""feature_value"": 12.3, ""shap_value"": -2.47, ""impact"": -2.47}, {""feature_key"": ""hour_cos"", ""feature_name"": ""Time of Day (Diurnal Cycle)"", ""feature_value"": 1.0, ""shap_value"": -1.97, ""impact"": -1.97}]",60.24
2645,MAA_BESANT_NAGAR_ELLIOTS,2026-09-24T01:00:00,2026-09-23T20:00:00,5,13.4,LOW,26.0,Humid / Overcast,8,"[{""feature_key"": ""lag_trips_24"", ""feature_name"": ""Yesterday's Scheduled Transit Trips"", ""feature_value"": 6.0, ""shap_value"": 0.25, ""impact"": 0.25}, {""feature_key"": ""lag_3"", ""feature_name"": ""Short-term Congestion (3h ago)"", ""feature_value"": 45.3, ""shap_value"": 0.2, ""impact"": 0.2}, {""feature_key"": ""roll_mean_6h"", ""feature_name"": ""6-Hour Moving Congestion Trend"", ""feature_value"": 53.6, ""shap_value"": 0.08, ""impact"": 0.08}, {""feature_key"": ""roll_mean_24h"", ""feature_name"": ""24-Hour Average Baseline"", ""feature_value"": 48.05, ""shap_value"": 0.08, ""impact"": 0.08}, {""feature_key"": ""temp_c"", ""feature_name"": ""Ambient Temperature"", ""feature_value"": 26.0, ""shap_value"": 0.02, ""impact"": 0.02}]","[{""feature_key"": ""lag_168"", ""feature_name"": ""Same Time Last Week Congestion"", ""feature_value"": 21.1, ""shap_value"": -28.69, ""impact"": -28.69}, {""feature_key"": ""lag_foot_24"", ""feature_name"": ""Yesterday's Foot-Traffic"", ""feature_value"": 378.0, ""shap_value"": -5.81, ""impact"": -5.81}, {""feature_key"": ""lag_1"", ""feature_name"": ""Recent Congestion (1h ago)"", ""feature_value"": 13.1, ""shap_value"": -2.66, ""impact"": -2.66}, {""feature_key"": ""lag_24"", ""feature_name"": ""Yesterday's Same-Hour Congestion"", ""feature_value"": 12.7, ""shap_value"": -2.49, ""impact"": -2.49}, {""feature_key"": ""hour_cos"", ""feature_name"": ""Time of Day (Diurnal Cycle)"", ""feature_value"": 0.97, ""shap_value"": -1.88, ""impact"": -1.88}]",60.24
2646,MAA_BESANT_NAGAR_ELLIOTS,2026-09-24T02:00:00,2026-09-23T20:00:00,6,14.3,LOW,24.6,Humid / Overcast,8,"[{""feature_key"": ""lag_trips_24"", ""feature_name"": ""Yesterday's Scheduled Transit Trips"", ""feature_value"": 6.0, ""shap_value"": 0.25, ""impact"": 0.25}, {""feature_key"": ""lag_3"", ""feature_name"": ""Short-term Congestion (3h ago)"", ""feature_value"": 19.4, ""shap_value"": 0.16, ""impact"": 0.16}, {""feature_key"": ""roll_mean_24h"", ""feature_name"": ""24-Hour Average Baseline"", ""feature_value"": 48.07, ""shap_value"": 0.1, ""impact"": 0.1}, {""feature_key"": ""roll_mean_6h"", ""feature_name"": ""6-Hour Moving Congestion Trend"", ""feature_value"": 40.77, ""shap_value"": 0.09, ""impact"": 0.09}, {""feature_key"": ""temp_c"", ""feature_name"": ""Ambient Temperature"", ""feature_value"": 24.6, ""shap_value"": 0.01, ""impact"": 0.01}]","[{""feature_key"": ""lag_168"", ""feature_name"": ""Same Time Last Week Congestion"", ""feature_value"": 20.9, ""shap_value"": -28.84, ""impact"": -28.84}, {""feature_key"": ""lag_foot_24"", ""feature_name"": ""Yesterday's Foot-Traffic"", ""feature_value"": 415.0, ""shap_value"": -5.61, ""impact"": -5.61}, {""feature_key"": ""lag_1"", ""feature_name"": ""Recent Congestion (1h ago)"", ""feature_value"": 13.4, ""shap_value"": -2.72, ""impact"": -2.72}, {""feature_key"": ""lag_24"", ""feature_name"": ""Yesterday's Same-Hour Congestion"", ""feature_value"": 14.0, ""shap_value"": -2.41, ""impact"": -2.41}, {""feature_key"": ""lag_foot_1"", ""feature_name"": ""Recent Foot-Traffic (1h ago)"", ""feature_value"": 1072.0, ""shap_value"": -1.53, ""impact"": -1.53}]",60.24
2647,MAA_BESANT_NAGAR_ELLIOTS,2026-09-24T03:00:00,2026-09-23T20:00:00,7,21.9,LOW,24.9,Monsoon Downpour,8,"[{""feature_key"": ""precip_mm"", ""feature_name"": ""Rainfall Intensity"", ""feature_value"": 12.63, ""shap_value"": 2.09, ""impact"": 2.09}, {""feature_key"": ""weather_tourism_suppression"", ""feature_name"": ""Weather Tourist Dampening Index"", ""feature_value"": 1.58, ""shap_value"": 1.43, ""impact"": 1.43}, {""feature_key"": ""is_rain"", ""feature_name"": ""Rain Weather Friction"", ""feature_value"": 1.0, ""shap_value"": 0.36, ""impact"": 0.36}, {""feature_key"": ""lag_3"", ""feature_name"": ""Short-term Congestion (3h ago)"", ""feature_value"": 13.1, ""shap_value"": 0.33, ""impact"": 0.33}, {""feature_key"": ""lag_trips_24"", ""feature_name"": ""Yesterday's Scheduled Transit Trips"", ""feature_value"": 6.0, ""shap_value"": 0.22, ""impact"": 0.22}]","[{""feature_key"": ""lag_168"", ""feature_name"": ""Same Time Last Week Congestion"", ""feature_value"": 14.5, ""shap_value"": -28.02, ""impact"": -28.02}, {""feature_key"": ""lag_foot_24"", ""feature_name"": ""Yesterday's Foot-Traffic"", ""feature_value"": 432.0, ""shap_value"": -4.65, ""impact"": -4.65}, {""feature_key"": ""lag_1"", ""feature_name"": ""Recent Congestion (1h ago)"", ""feature_value"": 14.3, ""shap_value"": -2.52, ""impact"": -2.52}, {""feature_key"": ""lag_24"", ""feature_name"": ""Yesterday's Same-Hour Congestion"", ""feature_value"": 14.5, ""shap_value"": -1.99, ""impact"": -1.99}, {""feature_key"": ""lag_foot_1"", ""feature_name"": ""Recent Foot-Traffic (1h ago)"", ""feature_value"": 1144.0, ""shap_value"": -1.45, ""impact"": -1.45}]",60.24
2648,MAA_BESANT_NAGAR_ELLIOTS,2026-09-24T04:00:00,2026-09-23T20:00:00,8,23.8,LOW,27.2,Monsoon Downpour,8,"[{""feature_key"": ""precip_mm"", ""feature_name"": ""Rainfall Intensity"", ""feature_value"": 13.93, ""shap_value"": 1.93, ""impact"": 1.93}, {""feature_key"": ""weather_tourism_suppression"", ""feature_name"": ""Weather Tourist Dampening Index"", ""feature_value"": 1.58, ""shap_value"": 1.75, ""impact"": 1.75}, {""feature_key"": ""is_rain"", ""feature_name"": ""Rain Weather Friction"", ""feature_value"": 1.0, ""shap_value"": 0.34, ""impact"": 0.34}, {""feature_key"": ""lag_3"", ""feature_name"": ""Short-term Congestion (3h ago)"", ""feature_value"": 13.4, ""shap_value"": 0.32, ""impact"": 0.32}, {""feature_key"": ""roll_mean_6h"", ""feature_name"": ""6-Hour Moving Congestion Trend"", ""feature_value"": 21.23, ""shap_value"": 0.27, ""impact"": 0.27}]","[{""feature_key"": ""lag_168"", ""feature_name"": ""Same Time Last Week Congestion"", ""feature_value"": 15.7, ""shap_value"": -28.23, ""impact"": -28.23}, {""feature_key"": ""lag_foot_24"", ""feature_name"": ""Yesterday's Foot-Traffic"", ""feature_value"": 483.0, ""shap_value"": -3.82, ""impact"": -3.82}, {""feature_key"": ""lag_1"", ""feature_name"": ""Recent Congestion (1h ago)"", ""feature_value"": 21.9, ""shap_value"": -2.49, ""impact"": -2.49}, {""feature_key"": ""lag_24"", ""feature_name"": ""Yesterday's Same-Hour Congestion"", ""feature_value"": 16.2, ""shap_value"": -1.92, ""impact"": -1.92}, {""feature_key"": ""lag_foot_1"", ""feature_name"": ""Recent Foot-Traffic (1h ago)"", ""feature_value"": 1751.0, ""shap_value"": -1.27, ""impact"": -1.27}]",60.24
2649,MAA_BESANT_NAGAR_ELLIOTS,2026-09-24T05:00:00,2026-09-23T20:00:00,9,34.4,LOW,25.6,Monsoon Downpour,6,"[{""feature_key"": ""precip_mm"", ""feature_name"": ""Rainfall Intensity"", ""feature_value"": 9.92, ""shap_value"": 2.06, ""impact"": 2.06}, {""feature_key"": ""weather_tourism_suppression"", ""feature_name"": ""Weather Tourist Dampening Index"", ""feature_value"": 1.58, ""shap_value"": 1.12, ""impact"": 1.12}, {""feature_key"": ""is_rain"", ""feature_name"": ""Rain Weather Friction"", ""feature_value"": 1.0, ""shap_value"": 0.41, ""impact"": 0.41}, {""feature_key"": ""hour_sin"", ""feature_name"": ""Time of Day (Peak Window)"", ""feature_value"": 0.97, ""shap_value"": 0.37, ""impact"": 0.37}, {""feature_key"": ""roll_mean_6h"", ""feature_name"": ""6-Hour Moving Congestion Trend"", ""feature_value"": 17.65, ""shap_value"": 0.34, ""impact"": 0.34}]","[{""feature_key"": ""lag_168"", ""feature_name"": ""Same Time Last Week Congestion"", ""feature_value"": 26.9, ""shap_value"": -20.89, ""impact"": -20.89}, {""feature_key"": ""lag_1"", ""feature_name"": ""Recent Congestion (1h ago)"", ""feature_value"": 23.8, ""shap_value"": -2.6, ""impact"": -2.6}, {""feature_key"": ""lag_foot_24"", ""feature_name"": ""Yesterday's Foot-Traffic"", ""feature_value"": 747.0, ""shap_value"": -2.29, ""impact"": -2.29}, {""feature_key"": ""lag_24"", ""feature_name"": ""Yesterday's Same-Hour Congestion"", ""feature_value"": 25.1, ""shap_value"": -1.81, ""impact"": -1.81}, {""feature_key"": ""lag_foot_1"", ""feature_name"": ""Recent Foot-Traffic (1h ago)"", ""feature_value"": 1904.0, ""shap_value"": -1.01, ""impact"": -1.01}]",60.24
2650,MAA_BESANT_NAGAR_ELLIOTS,2026-09-24T06:00:00,2026-09-23T20:00:00,10,55.2,MODERATE,28.9,Monsoon Downpour,6,"[{""feature_key"": ""hour_cos"", ""feature_name"": ""Time of Day (Diurnal Cycle)"", ""feature_value"": 0.0, ""shap_value"": 1.24, ""impact"": 1.24}, {""feature_key"": ""precip_mm"", ""feature_name"": ""Rainfall Intensity"", ""feature_value"": 13.58, ""shap_value"": 1.24, ""impact"": 1.24}, {""feature_key"": ""weather_tourism_suppression"", ""feature_name"": ""Weather Tourist Dampening Index"", ""feature_value"": 1.58, ""shap_value"": 0.53, ""impact"": 0.53}, {""feature_key"": ""temp_c"", ""feature_name"": ""Ambient Temperature"", ""feature_value"": 28.9, ""shap_value"": 0.43, ""impact"": 0.43}, {""feature_key"": ""roll_mean_6h"", ""feature_name"": ""6-Hour Moving Congestion Trend"", ""feature_value"": 20.15, ""shap_value"": 0.37, ""impact"": 0.37}]","[{""feature_key"": ""lag_1"", ""feature_name"": ""Recent Congestion (1h ago)"", ""feature_value"": 34.4, ""shap_value"": -3.77, ""impact"": -3.77}, {""feature_key"": ""lag_168"", ""feature_name"": ""Same Time Last Week Congestion"", ""feature_value"": 57.6, ""shap_value"": -1.46, ""impact"": -1.46}, {""feature_key"": ""lag_foot_1"", ""feature_name"": ""Recent Foot-Traffic (1h ago)"", ""feature_value"": 2752.0, ""shap_value"": -1.3, ""impact"": -1.3}, {""feature_key"": ""lag_24"", ""feature_name"": ""Yesterday's Same-Hour Congestion"", ""feature_value"": 50.0, ""shap_value"": -1.29, ""impact"": -1.29}, {""feature_key"": ""scheduled_trips"", ""feature_name"": ""Transit Dispatch Frequency"", ""feature_value"": 6.0, ""shap_value"": -0.49, ""impact"": -0.49}]",60.24
2651,MAA_BESANT_NAGAR_ELLIOTS,2026-09-24T07:00:00,2026-09-23T20:00:00,11,68.2,HIGH,29.8,Monsoon Downpour,6,"[{""feature_key"": ""lag_168"", ""feature_name"": ""Same Time Last Week Congestion"", ""feature_value"": 69.6, ""shap_value"": 7.81, ""impact"": 7.81}, {""feature_key"": ""lag_foot_24"", ""feature_name"": ""Yesterday's Foot-Traffic"", ""feature_value"": 5182.0, ""shap_value"": 2.11, ""impact"": 2.11}, {""feature_key"": ""hour_cos"", ""feature_name"": ""Time of Day (Diurnal Cycle)"", ""feature_value"": -0.26, ""shap_value"": 1.78, ""impact"": 1.78}, {""feature_key"": ""hour_sin"", ""feature_name"": ""Time of Day (Peak Window)"", ""feature_value"": 0.97, ""shap_value"": 0.67, ""impact"": 0.67}, {""feature_key"": ""temp_c"", ""feature_name"": ""Ambient Temperature"", ""feature_value"": 29.8, ""shap_value"": 0.61, ""impact"": 0.61}]","[{""feature_key"": ""lag_1"", ""feature_name"": ""Recent Congestion (1h ago)"", ""feature_value"": 55.2, ""shap_value"": -2.47, ""impact"": -2.47}, {""feature_key"": ""lag_24"", ""feature_name"": ""Yesterday's Same-Hour Congestion"", ""feature_value"": 60.2, ""shap_value"": -1.1, ""impact"": -1.1}, {""feature_key"": ""weather_transit_surge"", ""feature_name"": ""Rainfall Transit Inflow Surge"", ""feature_value"": 0.48, ""shap_value"": -1.02, ""impact"": -1.02}, {""feature_key"": ""transit_weight"", ""feature_name"": ""Transit Commuter Dominance"", ""feature_value"": 0.3, ""shap_value"": -0.62, ""impact"": -0.62}, {""feature_key"": ""scheduled_trips"", ""feature_name"": ""Transit Dispatch Frequency"", ""feature_value"": 6.0, ""shap_value"": -0.39, ""impact"": -0.39}]",60.24
2652,MAA_BESANT_NAGAR_ELLIOTS,2026-09-24T08:00:00,2026-09-23T20:00:00,12,58.7,MODERATE,31.0,Sunny & Warm,16,"[{""feature_key"": ""hour_cos"", ""feature_name"": ""Time of Day (Diurnal Cycle)"", ""feature_value"": -0.5, ""shap_value"": 1.31, ""impact"": 1.31}, {""feature_key"": ""lag_foot_1"", ""feature_name"": ""Recent Foot-Traffic (1h ago)"", ""feature_value"": 5456.0, ""shap_value"": 0.7, ""impact"": 0.7}, {""feature_key"": ""lag_3"", ""feature_name"": ""Short-term Congestion (3h ago)"", ""feature_value"": 34.4, ""shap_value"": 0.37, ""impact"": 0.37}, {""feature_key"": ""lag_1"", ""feature_name"": ""Recent Congestion (1h ago)"", ""feature_value"": 68.2, ""shap_value"": 0.34, ""impact"": 0.34}, {""feature_key"": ""temp_c"", ""feature_name"": ""Ambient Temperature"", ""feature_value"": 31.0, ""shap_value"": 0.25, ""impact"": 0.25}]","[{""feature_key"": ""hour_sin"", ""feature_name"": ""Time of Day (Peak Window)"", ""feature_value"": 0.87, ""shap_value"": -1.09, ""impact"": -1.09}, {""feature_key"": ""lag_24"", ""feature_name"": ""Yesterday's Same-Hour Congestion"", ""feature_value"": 57.5, ""shap_value"": -0.91, ""impact"": -0.91}, {""feature_key"": ""lag_trips_24"", ""feature_name"": ""Yesterday's Scheduled Transit Trips"", ""feature_value"": 16.0, ""shap_value"": -0.66, ""impact"": -0.66}, {""feature_key"": ""weather_transit_surge"", ""feature_name"": ""Rainfall Transit Inflow Surge"", ""feature_value"": 0.0, ""shap_value"": -0.6, ""impact"": -0.6}, {""feature_key"": ""lag_foot_24"", ""feature_name"": ""Yesterday's Foot-Traffic"", ""feature_value"": 3948.0, ""shap_value"": -0.48, ""impact"": -0.48}]",60.24
2653,MAA_BESANT_NAGAR_ELLIOTS,2026-09-24T09:00:00,2026-09-23T20:00:00,13,64.2,HIGH,31.6,Sunny & Warm,16,"[{""feature_key"": ""lag_168"", ""feature_name"": ""Same Time Last Week Congestion"", ""feature_value"": 73.0, ""shap_value"": 10.19, ""impact"": 10.19}, {""feature_key"": ""temp_c"", ""feature_name"": ""Ambient Temperature"", ""feature_value"": 31.6, ""shap_value"": 0.57, ""impact"": 0.57}, {""feature_key"": ""capacity_baseline"", ""feature_name"": ""Station Theoretical Capacity"", ""feature_value"": 8000.0, ""shap_value"": 0.32, ""impact"": 0.32}, {""feature_key"": ""hour_cos"", ""feature_name"": ""Time of Day (Diurnal Cycle)"", ""feature_value"": -0.71, ""shap_value"": 0.26, ""impact"": 0.26}, {""feature_key"": ""scheduled_trips"", ""feature_name"": ""Transit Dispatch Frequency"", ""feature_value"": 16.0, ""shap_value"": 0.19, ""impact"": 0.19}]","[{""feature_key"": ""lag_1"", ""feature_name"": ""Recent Congestion (1h ago)"", ""feature_value"": 58.7, ""shap_value"": -2.21, ""impact"": -2.21}, {""feature_key"": ""lag_24"", ""feature_name"": ""Yesterday's Same-Hour Congestion"", ""feature_value"": 58.5, ""shap_value"": -1.06, ""impact"": -1.06}, {""feature_key"": ""hour_sin"", ""feature_name"": ""Time of Day (Peak Window)"", ""feature_value"": 0.71, ""shap_value"": -1.05, ""impact"": -1.05}, {""feature_key"": ""weather_transit_surge"", ""feature_name"": ""Rainfall Transit Inflow Surge"", ""feature_value"": 0.0, ""shap_value"": -0.98, ""impact"": -0.98}, {""feature_key"": ""lag_trips_24"", ""feature_name"": ""Yesterday's Scheduled Transit Trips"", ""feature_value"": 16.0, ""shap_value"": -0.66, ""impact"": -0.66}]",60.24
2654,MAA_BESANT_NAGAR_ELLIOTS,2026-09-24T10:00:00,2026-09-23T20:00:00,14,56.5,MODERATE,34.0,Sunny & Warm,16,"[{""feature_key"": ""lag_168"", ""feature_name"": ""Same Time Last Week Congestion"", ""feature_value"": 66.0, ""shap_value"": 3.84, ""impact"": 3.84}, {""feature_key"": ""lag_foot_1"", ""feature_name"": ""Recent Foot-Traffic (1h ago)"", ""feature_value"": 5136.0, ""shap_value"": 0.54, ""impact"": 0.54}, {""feature_key"": ""scheduled_trips"", ""feature_name"": ""Transit Dispatch Frequency"", ""feature_value"": 16.0, ""shap_value"": 0.27, ""impact"": 0.27}, {""feature_key"": ""temp_c"", ""feature_name"": ""Ambient Temperature"", ""feature_value"": 34.0, ""shap_value"": 0.25, ""impact"": 0.25}, {""feature_key"": ""lag_trips_1"", ""feature_name"": ""Recent Transit Trips Count"", ""feature_value"": 16.0, ""shap_value"": 0.2, ""impact"": 0.2}]","[{""feature_key"": ""lag_24"", ""feature_name"": ""Yesterday's Same-Hour Congestion"", ""feature_value"": 49.8, ""shap_value"": -2.28, ""impact"": -2.28}, {""feature_key"": ""hour_sin"", ""feature_name"": ""Time of Day (Peak Window)"", ""feature_value"": 0.5, ""shap_value"": -1.41, ""impact"": -1.41}, {""feature_key"": ""hour_cos"", ""feature_name"": ""Time of Day (Diurnal Cycle)"", ""feature_value"": -0.87, ""shap_value"": -0.9, ""impact"": -0.9}, {""feature_key"": ""lag_foot_24"", ""feature_name"": ""Yesterday's Foot-Traffic"", ""feature_value"": 3141.0, ""shap_value"": -0.89, ""impact"": -0.89}, {""feature_key"": ""lag_1"", ""feature_name"": ""Recent Congestion (1h ago)"", ""feature_value"": 64.2, ""shap_value"": -0.72, ""impact"": -0.72}]",60.24
2655,MAA_BESANT_NAGAR_ELLIOTS,2026-09-24T11:00:00,2026-09-23T20:00:00,15,50.2,MODERATE,33.3,Sunny & Warm,10,"[{""feature_key"": ""capacity_baseline"", ""feature_name"": ""Station Theoretical Capacity"", ""feature_value"": 8000.0, ""shap_value"": 0.39, ""impact"": 0.39}, {""feature_key"": ""temp_c"", ""feature_name"": ""Ambient Temperature"", ""feature_value"": 33.3, ""shap_value"": 0.34, ""impact"": 0.34}, {""feature_key"": ""lag_trips_1"", ""feature_name"": ""Recent Transit Trips Count"", ""feature_value"": 16.0, ""shap_value"": 0.33, ""impact"": 0.33}, {""feature_key"": ""roll_mean_6h"", ""feature_name"": ""6-Hour Moving Congestion Trend"", ""feature_value"": 56.2, ""shap_value"": 0.12, ""impact"": 0.12}, {""feature_key"": ""roll_mean_24h"", ""feature_name"": ""24-Hour Average Baseline"", ""feature_value"": 50.22, ""shap_value"": 0.09, ""impact"": 0.09}]","[{""feature_key"": ""lag_24"", ""feature_name"": ""Yesterday's Same-Hour Congestion"", ""feature_value"": 44.2, ""shap_value"": -2.64, ""impact"": -2.64}, {""feature_key"": ""lag_foot_24"", ""feature_name"": ""Yesterday's Foot-Traffic"", ""feature_value"": 2064.0, ""shap_value"": -1.77, ""impact"": -1.77}, {""feature_key"": ""hour_sin"", ""feature_name"": ""Time of Day (Peak Window)"", ""feature_value"": 0.26, ""shap_value"": -1.15, ""impact"": -1.15}, {""feature_key"": ""hour_cos"", ""feature_name"": ""Time of Day (Diurnal Cycle)"", ""feature_value"": -0.97, ""shap_value"": -1.06, ""impact"": -1.06}, {""feature_key"": ""lag_1"", ""feature_name"": ""Recent Congestion (1h ago)"", ""feature_value"": 56.5, ""shap_value"": -1.05, ""impact"": -1.05}]",60.24
2656,MAA_BESANT_NAGAR_ELLIOTS,2026-09-24T12:00:00,2026-09-23T20:00:00,16,39.7,MODERATE,35.5,Hot Summer Spell,10,"[{""feature_key"": ""temp_c"", ""feature_name"": ""Ambient Temperature"", ""feature_value"": 35.5, ""shap_value"": 0.57, ""impact"": 0.57}, {""feature_key"": ""capacity_baseline"", ""feature_name"": ""Station Theoretical Capacity"", ""feature_value"": 8000.0, ""shap_value"": 0.41, ""impact"": 0.41}, {""feature_key"": ""humidity_pct"", ""feature_name"": ""Marine Layer / Humidity"", ""feature_value"": 66.0, ""shap_value"": 0.17, ""impact"": 0.17}, {""feature_key"": ""feels_like_c"", ""feature_name"": ""Apparent Feels-Like Temperature"", ""feature_value"": 34.8, ""shap_value"": 0.14, ""impact"": 0.14}, {""feature_key"": ""roll_mean_6h"", ""feature_name"": ""6-Hour Moving Congestion Trend"", ""feature_value"": 58.83, ""shap_value"": 0.1, ""impact"": 0.1}]","[{""feature_key"": ""lag_168"", ""feature_name"": ""Same Time Last Week Congestion"", ""feature_value"": 37.1, ""shap_value"": -13.12, ""impact"": -13.12}, {""feature_key"": ""lag_foot_24"", ""feature_name"": ""Yesterday's Foot-Traffic"", ""feature_value"": 1569.0, ""shap_value"": -2.04, ""impact"": -2.04}, {""feature_key"": ""lag_1"", ""feature_name"": ""Recent Congestion (1h ago)"", ""feature_value"": 50.2, ""shap_value"": -1.36, ""impact"": -1.36}, {""feature_key"": ""lag_24"", ""feature_name"": ""Yesterday's Same-Hour Congestion"", ""feature_value"": 36.2, ""shap_value"": -1.31, ""impact"": -1.31}, {""feature_key"": ""hour_sin"", ""feature_name"": ""Time of Day (Peak Window)"", ""feature_value"": 0.0, ""shap_value"": -1.13, ""impact"": -1.13}]",60.24
2657,MAA_BESANT_NAGAR_ELLIOTS,2026-09-24T13:00:00,2026-09-23T20:00:00,17,37.4,MODERATE,34.2,Sunny & Warm,10,"[{""feature_key"": ""temp_c"", ""feature_name"": ""Ambient Temperature"", ""feature_value"": 34.2, ""shap_value"": 0.36, ""impact"": 0.36}, {""feature_key"": ""capacity_baseline"", ""feature_name"": ""Station Theoretical Capacity"", ""feature_value"": 8000.0, ""shap_value"": 0.32, ""impact"": 0.32}, {""feature_key"": ""humidity_pct"", ""feature_name"": ""Marine Layer / Humidity"", ""feature_value"": 61.0, ""shap_value"": 0.25, ""impact"": 0.25}, {""feature_key"": ""roll_mean_6h"", ""feature_name"": ""6-Hour Moving Congestion Trend"", ""feature_value"": 56.25, ""shap_value"": 0.15, ""impact"": 0.15}, {""feature_key"": ""roll_mean_24h"", ""feature_name"": ""24-Hour Average Baseline"", ""feature_value"": 50.61, ""shap_value"": 0.13, ""impact"": 0.13}]","[{""feature_key"": ""lag_168"", ""feature_name"": ""Same Time Last Week Congestion"", ""feature_value"": 35.4, ""shap_value"": -15.16, ""impact"": -15.16}, {""feature_key"": ""lag_1"", ""feature_name"": ""Recent Congestion (1h ago)"", ""feature_value"": 39.7, ""shap_value"": -2.18, ""impact"": -2.18}, {""feature_key"": ""lag_foot_24"", ""feature_name"": ""Yesterday's Foot-Traffic"", ""feature_value"": 1514.0, ""shap_value"": -1.52, ""impact"": -1.52}, {""feature_key"": ""lag_24"", ""feature_name"": ""Yesterday's Same-Hour Congestion"", ""feature_value"": 34.9, ""shap_value"": -1.06, ""impact"": -1.06}, {""feature_key"": ""hour_sin"", ""feature_name"": ""Time of Day (Peak Window)"", ""feature_value"": -0.26, ""shap_value"": -1.01, ""impact"": -1.01}]",60.24
2658,MAA_BESANT_NAGAR_ELLIOTS,2026-09-24T14:00:00,2026-09-23T20:00:00,18,43.8,MODERATE,35.2,Coastal Sea Breeze,10,"[{""feature_key"": ""temp_c"", ""feature_name"": ""Ambient Temperature"", ""feature_value"": 35.2, ""shap_value"": 0.61, ""impact"": 0.61}, {""feature_key"": ""capacity_baseline"", ""feature_name"": ""Station Theoretical Capacity"", ""feature_value"": 8000.0, ""shap_value"": 0.38, ""impact"": 0.38}, {""feature_key"": ""hour_cos"", ""feature_name"": ""Time of Day (Diurnal Cycle)"", ""feature_value"": -0.87, ""shap_value"": 0.3, ""impact"": 0.3}, {""feature_key"": ""humidity_pct"", ""feature_name"": ""Marine Layer / Humidity"", ""feature_value"": 63.0, ""shap_value"": 0.25, ""impact"": 0.25}, {""feature_key"": ""wind_speed_kmh"", ""feature_name"": ""Coastal Wind Speed"", ""feature_value"": 20.6, ""shap_value"": 0.21, ""impact"": 0.21}]","[{""feature_key"": ""lag_168"", ""feature_name"": ""Same Time Last Week Congestion"", ""feature_value"": 42.9, ""shap_value"": -9.64, ""impact"": -9.64}, {""feature_key"": ""lag_1"", ""feature_name"": ""Recent Congestion (1h ago)"", ""feature_value"": 37.4, ""shap_value"": -2.61, ""impact"": -2.61}, {""feature_key"": ""lag_foot_24"", ""feature_name"": ""Yesterday's Foot-Traffic"", ""feature_value"": 1829.0, ""shap_value"": -1.85, ""impact"": -1.85}, {""feature_key"": ""lag_foot_1"", ""feature_name"": ""Recent Foot-Traffic (1h ago)"", ""feature_value"": 2992.0, ""shap_value"": -0.88, ""impact"": -0.88}, {""feature_key"": ""lag_24"", ""feature_name"": ""Yesterday's Same-Hour Congestion"", ""feature_value"": 52.2, ""shap_value"": -0.86, ""impact"": -0.86}]",60.24
2659,MAA_BESANT_NAGAR_ELLIOTS,2026-09-24T15:00:00,2026-09-23T20:00:00,19,55.2,MODERATE,33.7,Coastal Sea Breeze,10,"[{""feature_key"": ""hour_cos"", ""feature_name"": ""Time of Day (Diurnal Cycle)"", ""feature_value"": -0.71, ""shap_value"": 1.38, ""impact"": 1.38}, {""feature_key"": ""hour_sin"", ""feature_name"": ""Time of Day (Peak Window)"", ""feature_value"": -0.71, ""shap_value"": 0.84, ""impact"": 0.84}, {""feature_key"": ""temp_c"", ""feature_name"": ""Ambient Temperature"", ""feature_value"": 33.7, ""shap_value"": 0.52, ""impact"": 0.52}, {""feature_key"": ""capacity_baseline"", ""feature_name"": ""Station Theoretical Capacity"", ""feature_value"": 8000.0, ""shap_value"": 0.37, ""impact"": 0.37}, {""feature_key"": ""lag_3"", ""feature_name"": ""Short-term Congestion (3h ago)"", ""feature_value"": 39.7, ""shap_value"": 0.36, ""impact"": 0.36}]","[{""feature_key"": ""lag_1"", ""feature_name"": ""Recent Congestion (1h ago)"", ""feature_value"": 43.8, ""shap_value"": -3.11, ""impact"": -3.11}, {""feature_key"": ""lag_foot_24"", ""feature_name"": ""Yesterday's Foot-Traffic"", ""feature_value"": 2512.0, ""shap_value"": -1.76, ""impact"": -1.76}, {""feature_key"": ""lag_168"", ""feature_name"": ""Same Time Last Week Congestion"", ""feature_value"": 58.7, ""shap_value"": -1.3, ""impact"": -1.3}, {""feature_key"": ""weather_transit_surge"", ""feature_name"": ""Rainfall Transit Inflow Surge"", ""feature_value"": 0.0, ""shap_value"": -0.51, ""impact"": -0.51}, {""feature_key"": ""lag_foot_1"", ""feature_name"": ""Recent Foot-Traffic (1h ago)"", ""feature_value"": 3503.0, ""shap_value"": -0.49, ""impact"": -0.49}]",60.24
2660,MAA_BESANT_NAGAR_ELLIOTS,2026-09-24T16:00:00,2026-09-23T20:00:00,20,74.1,HIGH,33.9,Coastal Sea Breeze,10,"[{""feature_key"": ""lag_168"", ""feature_name"": ""Same Time Last Week Congestion"", ""feature_value"": 79.4, ""shap_value"": 13.56, ""impact"": 13.56}, {""feature_key"": ""hour_sin"", ""feature_name"": ""Time of Day (Peak Window)"", ""feature_value"": -0.87, ""shap_value"": 2.32, ""impact"": 2.32}, {""feature_key"": ""hour_cos"", ""feature_name"": ""Time of Day (Diurnal Cycle)"", ""feature_value"": -0.5, ""shap_value"": 2.2, ""impact"": 2.2}, {""feature_key"": ""lag_3"", ""feature_name"": ""Short-term Congestion (3h ago)"", ""feature_value"": 37.4, ""shap_value"": 0.4, ""impact"": 0.4}, {""feature_key"": ""capacity_baseline"", ""feature_name"": ""Station Theoretical Capacity"", ""feature_value"": 8000.0, ""shap_value"": 0.37, ""impact"": 0.37}]","[{""feature_key"": ""lag_1"", ""feature_name"": ""Recent Congestion (1h ago)"", ""feature_value"": 55.2, ""shap_value"": -1.58, ""impact"": -1.58}, {""feature_key"": ""roll_mean_3h"", ""feature_name"": ""3-Hour Moving Congestion Trend"", ""feature_value"": 45.47, ""shap_value"": -0.86, ""impact"": -0.86}, {""feature_key"": ""lag_foot_24"", ""feature_name"": ""Yesterday's Foot-Traffic"", ""feature_value"": 3317.0, ""shap_value"": -0.71, ""impact"": -0.71}, {""feature_key"": ""lag_24"", ""feature_name"": ""Yesterday's Same-Hour Congestion"", ""feature_value"": 64.4, ""shap_value"": -0.66, ""impact"": -0.66}, {""feature_key"": ""weather_transit_surge"", ""feature_name"": ""Rainfall Transit Inflow Surge"", ""feature_value"": 0.0, ""shap_value"": -0.54, ""impact"": -0.54}]",60.24
2661,MAA_BESANT_NAGAR_ELLIOTS,2026-09-24T17:00:00,2026-09-23T20:00:00,21,97.0,SEVERE,33.4,Coastal Sea Breeze,16,"[{""feature_key"": ""lag_168"", ""feature_name"": ""Same Time Last Week Congestion"", ""feature_value"": 94.9, ""shap_value"": 24.5, ""impact"": 24.5}, {""feature_key"": ""lag_foot_24"", ""feature_name"": ""Yesterday's Foot-Traffic"", ""feature_value"": 10097.0, ""shap_value"": 2.69, ""impact"": 2.69}, {""feature_key"": ""lag_24"", ""feature_name"": ""Yesterday's Same-Hour Congestion"", ""feature_value"": 98.5, ""shap_value"": 2.65, ""impact"": 2.65}, {""feature_key"": ""hour_sin"", ""feature_name"": ""Time of Day (Peak Window)"", ""feature_value"": -0.97, ""shap_value"": 2.62, ""impact"": 2.62}, {""feature_key"": ""hour_cos"", ""feature_name"": ""Time of Day (Diurnal Cycle)"", ""feature_value"": -0.26, ""shap_value"": 1.46, ""impact"": 1.46}]","[{""feature_key"": ""dow_sin"", ""feature_name"": ""Weekly Schedule Cycle"", ""feature_value"": 0.43, ""shap_value"": -0.31, ""impact"": -0.31}, {""feature_key"": ""lag_trips_24"", ""feature_name"": ""Yesterday's Scheduled Transit Trips"", ""feature_value"": 16.0, ""shap_value"": -0.25, ""impact"": -0.25}, {""feature_key"": ""weather_transit_surge"", ""feature_name"": ""Rainfall Transit Inflow Surge"", ""feature_value"": 0.0, ""shap_value"": -0.22, ""impact"": -0.22}, {""feature_key"": ""transit_weight"", ""feature_name"": ""Transit Commuter Dominance"", ""feature_value"": 0.3, ""shap_value"": -0.13, ""impact"": -0.13}, {""feature_key"": ""is_weekend"", ""feature_name"": ""Weekend Tourist Surge"", ""feature_value"": 0.0, ""shap_value"": -0.05, ""impact"": -0.05}]",60.24
2662,MAA_BESANT_NAGAR_ELLIOTS,2026-09-24T18:00:00,2026-09-23T20:00:00,22,97.8,SEVERE,33.0,Sunny & Warm,16,"[{""feature_key"": ""lag_168"", ""feature_name"": ""Same Time Last Week Congestion"", ""feature_value"": 98.5, ""shap_value"": 25.78, ""impact"": 25.78}, {""feature_key"": ""hour_sin"", ""feature_name"": ""Time of Day (Peak Window)"", ""feature_value"": -1.0, ""shap_value"": 2.57, ""impact"": 2.57}, {""feature_key"": ""lag_foot_24"", ""feature_name"": ""Yesterday's Foot-Traffic"", ""feature_value"": 6645.0, ""shap_value"": 2.51, ""impact"": 2.51}, {""feature_key"": ""lag_1"", ""feature_name"": ""Recent Congestion (1h ago)"", ""feature_value"": 97.0, ""shap_value"": 2.18, ""impact"": 2.18}, {""feature_key"": ""hour_cos"", ""feature_name"": ""Time of Day (Diurnal Cycle)"", ""feature_value"": -0.0, ""shap_value"": 1.3, ""impact"": 1.3}]","[{""feature_key"": ""dow_sin"", ""feature_name"": ""Weekly Schedule Cycle"", ""feature_value"": 0.43, ""shap_value"": -0.32, ""impact"": -0.32}, {""feature_key"": ""weather_transit_surge"", ""feature_name"": ""Rainfall Transit Inflow Surge"", ""feature_value"": 0.0, ""shap_value"": -0.3, ""impact"": -0.3}, {""feature_key"": ""lag_trips_24"", ""feature_name"": ""Yesterday's Scheduled Transit Trips"", ""feature_value"": 16.0, ""shap_value"": -0.25, ""impact"": -0.25}, {""feature_key"": ""transit_weight"", ""feature_name"": ""Transit Commuter Dominance"", ""feature_value"": 0.3, ""shap_value"": -0.12, ""impact"": -0.12}, {""feature_key"": ""is_weekend"", ""feature_name"": ""Weekend Tourist Surge"", ""feature_value"": 0.0, ""shap_value"": -0.04, ""impact"": -0.04}]",60.24
2663,MAA_BESANT_NAGAR_ELLIOTS,2026-09-24T19:00:00,2026-09-23T20:00:00,23,97.1,SEVERE,31.6,Sunny & Warm,16,"[{""feature_key"": ""lag_168"", ""feature_name"": ""Same Time Last Week Congestion"", ""feature_value"": 98.5, ""shap_value"": 25.69, ""impact"": 25.69}, {""feature_key"": ""lag_foot_24"", ""feature_name"": ""Yesterday's Foot-Traffic"", ""feature_value"": 6890.0, ""shap_value"": 2.57, ""impact"": 2.57}, {""feature_key"": ""lag_1"", ""feature_name"": ""Recent Congestion (1h ago)"", ""feature_value"": 97.8, ""shap_value"": 2.47, ""impact"": 2.47}, {""feature_key"": ""hour_sin"", ""feature_name"": ""Time of Day (Peak Window)"", ""feature_value"": -0.97, ""shap_value"": 2.3, ""impact"": 2.3}, {""feature_key"": ""lag_24"", ""feature_name"": ""Yesterday's Same-Hour Congestion"", ""feature_value"": 90.4, ""shap_value"": 1.55, ""impact"": 1.55}]","[{""feature_key"": ""dow_sin"", ""feature_name"": ""Weekly Schedule Cycle"", ""feature_value"": 0.43, ""shap_value"": -0.41, ""impact"": -0.41}, {""feature_key"": ""weather_transit_surge"", ""feature_name"": ""Rainfall Transit Inflow Surge"", ""feature_value"": 0.0, ""shap_value"": -0.26, ""impact"": -0.26}, {""feature_key"": ""lag_trips_24"", ""feature_name"": ""Yesterday's Scheduled Transit Trips"", ""feature_value"": 16.0, ""shap_value"": -0.25, ""impact"": -0.25}, {""feature_key"": ""transit_weight"", ""feature_name"": ""Transit Commuter Dominance"", ""feature_value"": 0.3, ""shap_value"": -0.14, ""impact"": -0.14}, {""feature_key"": ""feels_like_c"", ""feature_name"": ""Apparent Feels-Like Temperature"", ""feature_value"": 31.1, ""shap_value"": -0.05, ""impact"": -0.05}]",60.24
2664,MAA_BESANT_NAGAR_ELLIOTS,2026-09-24T20:00:00,2026-09-23T20:00:00,24,93.4,SEVERE,31.2,Sunny & Warm,16,"[{""feature_key"": ""lag_168"", ""feature_name"": ""Same Time Last Week Congestion"", ""feature_value"": 98.2, ""shap_value"": 25.42, ""impact"": 25.42}, {""feature_key"": ""lag_1"", ""feature_name"": ""Recent Congestion (1h ago)"", ""feature_value"": 97.1, ""shap_value"": 3.02, ""impact"": 3.02}, {""feature_key"": ""lag_foot_24"", ""feature_name"": ""Yesterday's Foot-Traffic"", ""feature_value"": 5066.0, ""shap_value"": 2.23, ""impact"": 2.23}, {""feature_key"": ""hour_sin"", ""feature_name"": ""Time of Day (Peak Window)"", ""feature_value"": -0.87, ""shap_value"": 1.92, ""impact"": 1.92}, {""feature_key"": ""lag_foot_1"", ""feature_name"": ""Recent Foot-Traffic (1h ago)"", ""feature_value"": 7768.0, ""shap_value"": 0.57, ""impact"": 0.57}]","[{""feature_key"": ""lag_3"", ""feature_name"": ""Short-term Congestion (3h ago)"", ""feature_value"": 97.0, ""shap_value"": -0.6, ""impact"": -0.6}, {""feature_key"": ""dow_sin"", ""feature_name"": ""Weekly Schedule Cycle"", ""feature_value"": 0.43, ""shap_value"": -0.52, ""impact"": -0.52}, {""feature_key"": ""weather_transit_surge"", ""feature_name"": ""Rainfall Transit Inflow Surge"", ""feature_value"": 0.0, ""shap_value"": -0.35, ""impact"": -0.35}, {""feature_key"": ""lag_trips_24"", ""feature_name"": ""Yesterday's Scheduled Transit Trips"", ""feature_value"": 16.0, ""shap_value"": -0.29, ""impact"": -0.29}, {""feature_key"": ""roll_mean_6h"", ""feature_name"": ""6-Hour Moving Congestion Trend"", ""feature_value"": 77.5, ""shap_value"": -0.24, ""impact"": -0.24}]",60.24
2665,MAA_BESANT_NAGAR_ELLIOTS,2026-09-24T21:00:00,2026-09-23T20:00:00,25,70.7,HIGH,27.7,Sunny & Warm,6,"[{""feature_key"": ""lag_168"", ""feature_name"": ""Same Time Last Week Congestion"", ""feature_value"": 74.5, ""shap_value"": 10.75, ""impact"": 10.75}, {""feature_key"": ""lag_1"", ""feature_name"": ""Recent Congestion (1h ago)"", ""feature_value"": 93.4, ""shap_value"": 2.98, ""impact"": 2.98}, {""feature_key"": ""lag_foot_24"", ""feature_name"": ""Yesterday's Foot-Traffic"", ""feature_value"": 5904.0, ""shap_value"": 2.01, ""impact"": 2.01}, {""feature_key"": ""temp_c"", ""feature_name"": ""Ambient Temperature"", ""feature_value"": 27.7, ""shap_value"": 1.45, ""impact"": 1.45}, {""feature_key"": ""lag_trips_24"", ""feature_name"": ""Yesterday's Scheduled Transit Trips"", ""feature_value"": 6.0, ""shap_value"": 0.34, ""impact"": 0.34}]","[{""feature_key"": ""hour_cos"", ""feature_name"": ""Time of Day (Diurnal Cycle)"", ""feature_value"": 0.71, ""shap_value"": -1.23, ""impact"": -1.23}, {""feature_key"": ""lag_3"", ""feature_name"": ""Short-term Congestion (3h ago)"", ""feature_value"": 97.8, ""shap_value"": -1.05, ""impact"": -1.05}, {""feature_key"": ""transit_pressure_ratio"", ""feature_name"": ""Transit Demand-to-Supply Ratio"", ""feature_value"": 8.67, ""shap_value"": -0.97, ""impact"": -0.97}, {""feature_key"": ""hour_sin"", ""feature_name"": ""Time of Day (Peak Window)"", ""feature_value"": -0.71, ""shap_value"": -0.86, ""impact"": -0.86}, {""feature_key"": ""scheduled_trips"", ""feature_name"": ""Transit Dispatch Frequency"", ""feature_value"": 6.0, ""shap_value"": -0.85, ""impact"": -0.85}]",60.24
2666,MAA_BESANT_NAGAR_ELLIOTS,2026-09-24T22:00:00,2026-09-23T20:00:00,26,45.7,MODERATE,27.6,Sunny & Warm,6,"[{""feature_key"": ""lag_1"", ""feature_name"": ""Recent Congestion (1h ago)"", ""feature_value"": 70.7, ""shap_value"": 1.54, ""impact"": 1.54}, {""feature_key"": ""temp_c"", ""feature_name"": ""Ambient Temperature"", ""feature_value"": 27.6, ""shap_value"": 0.84, ""impact"": 0.84}, {""feature_key"": ""lag_foot_1"", ""feature_name"": ""Recent Foot-Traffic (1h ago)"", ""feature_value"": 5656.0, ""shap_value"": 0.42, ""impact"": 0.42}, {""feature_key"": ""lag_trips_24"", ""feature_name"": ""Yesterday's Scheduled Transit Trips"", ""feature_value"": 6.0, ""shap_value"": 0.27, ""impact"": 0.27}, {""feature_key"": ""lag_foot_24"", ""feature_name"": ""Yesterday's Foot-Traffic"", ""feature_value"": 3623.0, ""shap_value"": 0.24, ""impact"": 0.24}]","[{""feature_key"": ""lag_168"", ""feature_name"": ""Same Time Last Week Congestion"", ""feature_value"": 44.7, ""shap_value"": -9.39, ""impact"": -9.39}, {""feature_key"": ""hour_cos"", ""feature_name"": ""Time of Day (Diurnal Cycle)"", ""feature_value"": 0.87, ""shap_value"": -2.09, ""impact"": -2.09}, {""feature_key"": ""lag_24"", ""feature_name"": ""Yesterday's Same-Hour Congestion"", ""feature_value"": 45.3, ""shap_value"": -1.52, ""impact"": -1.52}, {""feature_key"": ""hour_sin"", ""feature_name"": ""Time of Day (Peak Window)"", ""feature_value"": -0.5, ""shap_value"": -0.86, ""impact"": -0.86}, {""feature_key"": ""lag_3"", ""feature_name"": ""Short-term Congestion (3h ago)"", ""feature_value"": 97.1, ""shap_value"": -0.74, ""impact"": -0.74}]",60.24
2667,MAA_BESANT_NAGAR_ELLIOTS,2026-09-24T23:00:00,2026-09-23T20:00:00,27,18.4,LOW,28.6,Sunny & Warm,6,"[{""feature_key"": ""temp_c"", ""feature_name"": ""Ambient Temperature"", ""feature_value"": 28.6, ""shap_value"": 0.45, ""impact"": 0.45}, {""feature_key"": ""lag_trips_24"", ""feature_name"": ""Yesterday's Scheduled Transit Trips"", ""feature_value"": 6.0, ""shap_value"": 0.23, ""impact"": 0.23}, {""feature_key"": ""roll_mean_24h"", ""feature_name"": ""24-Hour Average Baseline"", ""feature_value"": 51.88, ""shap_value"": 0.08, ""impact"": 0.08}, {""feature_key"": ""dow_cos"", ""feature_name"": ""Day of Week Alignment"", ""feature_value"": -0.9, ""shap_value"": 0.06, ""impact"": 0.06}, {""feature_key"": ""lag_2"", ""feature_name"": ""Short-term Congestion (2h ago)"", ""feature_value"": 70.7, ""shap_value"": 0.06, ""impact"": 0.06}]","[{""feature_key"": ""lag_168"", ""feature_name"": ""Same Time Last Week Congestion"", ""feature_value"": 16.5, ""shap_value"": -30.34, ""impact"": -30.34}, {""feature_key"": ""lag_24"", ""feature_name"": ""Yesterday's Same-Hour Congestion"", ""feature_value"": 19.4, ""shap_value"": -2.2, ""impact"": -2.2}, {""feature_key"": ""lag_foot_24"", ""feature_name"": ""Yesterday's Foot-Traffic"", ""feature_value"": 1551.0, ""shap_value"": -2.1, ""impact"": -2.1}, {""feature_key"": ""hour_cos"", ""feature_name"": ""Time of Day (Diurnal Cycle)"", ""feature_value"": 0.97, ""shap_value"": -2.03, ""impact"": -2.03}, {""feature_key"": ""lag_1"", ""feature_name"": ""Recent Congestion (1h ago)"", ""feature_value"": 45.7, ""shap_value"": -1.91, ""impact"": -1.91}]",60.24
2668,MAA_BESANT_NAGAR_ELLIOTS,2026-09-25T00:00:00,2026-09-23T20:00:00,28,15.9,LOW,27.0,Humid / Overcast,8,"[{""feature_key"": ""lag_trips_24"", ""feature_name"": ""Yesterday's Scheduled Transit Trips"", ""feature_value"": 8.0, ""shap_value"": 0.22, ""impact"": 0.22}, {""feature_key"": ""dow_cos"", ""feature_name"": ""Day of Week Alignment"", ""feature_value"": -0.9, ""shap_value"": 0.06, ""impact"": 0.06}, {""feature_key"": ""roll_mean_24h"", ""feature_name"": ""24-Hour Average Baseline"", ""feature_value"": 51.84, ""shap_value"": 0.06, ""impact"": 0.06}, {""feature_key"": ""tourist_weight"", ""feature_name"": ""Tourist Landmark Dominance"", ""feature_value"": 0.88, ""shap_value"": 0.02, ""impact"": 0.02}, {""feature_key"": ""temp_c"", ""feature_name"": ""Ambient Temperature"", ""feature_value"": 27.0, ""shap_value"": 0.01, ""impact"": 0.01}]","[{""feature_key"": ""lag_168"", ""feature_name"": ""Same Time Last Week Congestion"", ""feature_value"": 13.5, ""shap_value"": -30.43, ""impact"": -30.43}, {""feature_key"": ""lag_1"", ""feature_name"": ""Recent Congestion (1h ago)"", ""feature_value"": 18.4, ""shap_value"": -2.64, ""impact"": -2.64}, {""feature_key"": ""lag_foot_24"", ""feature_name"": ""Yesterday's Foot-Traffic"", ""feature_value"": 1048.0, ""shap_value"": -2.42, ""impact"": -2.42}, {""feature_key"": ""lag_24"", ""feature_name"": ""Yesterday's Same-Hour Congestion"", ""feature_value"": 13.1, ""shap_value"": -2.21, ""impact"": -2.21}, {""feature_key"": ""hour_cos"", ""feature_name"": ""Time of Day (Diurnal Cycle)"", ""feature_value"": 1.0, ""shap_value"": -1.97, ""impact"": -1.97}]",60.24
2669,MAA_BESANT_NAGAR_ELLIOTS,2026-09-25T01:00:00,2026-09-23T20:00:00,29,16.5,LOW,25.2,Humid / Overcast,8,"[{""feature_key"": ""lag_trips_24"", ""feature_name"": ""Yesterday's Scheduled Transit Trips"", ""feature_value"": 8.0, ""shap_value"": 0.25, ""impact"": 0.25}, {""feature_key"": ""lag_3"", ""feature_name"": ""Short-term Congestion (3h ago)"", ""feature_value"": 45.7, ""shap_value"": 0.21, ""impact"": 0.21}, {""feature_key"": ""roll_mean_6h"", ""feature_name"": ""6-Hour Moving Congestion Trend"", ""feature_value"": 56.87, ""shap_value"": 0.09, ""impact"": 0.09}, {""feature_key"": ""roll_mean_24h"", ""feature_name"": ""24-Hour Average Baseline"", ""feature_value"": 51.96, ""shap_value"": 0.06, ""impact"": 0.06}, {""feature_key"": ""temp_c"", ""feature_name"": ""Ambient Temperature"", ""feature_value"": 25.2, ""shap_value"": 0.04, ""impact"": 0.04}]","[{""feature_key"": ""lag_168"", ""feature_name"": ""Same Time Last Week Congestion"", ""feature_value"": 13.6, ""shap_value"": -29.94, ""impact"": -29.94}, {""feature_key"": ""lag_1"", ""feature_name"": ""Recent Congestion (1h ago)"", ""feature_value"": 15.9, ""shap_value"": -2.63, ""impact"": -2.63}, {""feature_key"": ""lag_foot_24"", ""feature_name"": ""Yesterday's Foot-Traffic"", ""feature_value"": 1072.0, ""shap_value"": -2.36, ""impact"": -2.36}, {""feature_key"": ""lag_24"", ""feature_name"": ""Yesterday's Same-Hour Congestion"", ""feature_value"": 13.4, ""shap_value"": -2.26, ""impact"": -2.26}, {""feature_key"": ""hour_cos"", ""feature_name"": ""Time of Day (Diurnal Cycle)"", ""feature_value"": 0.97, ""shap_value"": -1.79, ""impact"": -1.79}]",60.24
2670,MAA_BESANT_NAGAR_ELLIOTS,2026-09-25T02:00:00,2026-09-23T20:00:00,30,19.1,LOW,25.6,Humid / Overcast,8,"[{""feature_key"": ""lag_trips_24"", ""feature_name"": ""Yesterday's Scheduled Transit Trips"", ""feature_value"": 8.0, ""shap_value"": 0.25, ""impact"": 0.25}, {""feature_key"": ""lag_3"", ""feature_name"": ""Short-term Congestion (3h ago)"", ""feature_value"": 18.4, ""shap_value"": 0.17, ""impact"": 0.17}, {""feature_key"": ""roll_mean_6h"", ""feature_name"": ""6-Hour Moving Congestion Trend"", ""feature_value"": 43.43, ""shap_value"": 0.13, ""impact"": 0.13}, {""feature_key"": ""roll_mean_24h"", ""feature_name"": ""24-Hour Average Baseline"", ""feature_value"": 52.09, ""shap_value"": 0.08, ""impact"": 0.08}, {""feature_key"": ""temp_c"", ""feature_name"": ""Ambient Temperature"", ""feature_value"": 25.6, ""shap_value"": 0.01, ""impact"": 0.01}]","[{""feature_key"": ""lag_168"", ""feature_name"": ""Same Time Last Week Congestion"", ""feature_value"": 20.2, ""shap_value"": -28.33, ""impact"": -28.33}, {""feature_key"": ""lag_1"", ""feature_name"": ""Recent Congestion (1h ago)"", ""feature_value"": 16.5, ""shap_value"": -2.65, ""impact"": -2.65}, {""feature_key"": ""lag_24"", ""feature_name"": ""Yesterday's Same-Hour Congestion"", ""feature_value"": 14.3, ""shap_value"": -2.29, ""impact"": -2.29}, {""feature_key"": ""lag_foot_24"", ""feature_name"": ""Yesterday's Foot-Traffic"", ""feature_value"": 1144.0, ""shap_value"": -2.04, ""impact"": -2.04}, {""feature_key"": ""lag_foot_1"", ""feature_name"": ""Recent Foot-Traffic (1h ago)"", ""feature_value"": 1320.0, ""shap_value"": -1.43, ""impact"": -1.43}]",60.24
2671,MAA_BESANT_NAGAR_ELLIOTS,2026-09-25T03:00:00,2026-09-23T20:00:00,31,22.0,LOW,24.9,Humid / Overcast,8,"[{""feature_key"": ""lag_3"", ""feature_name"": ""Short-term Congestion (3h ago)"", ""feature_value"": 15.9, ""shap_value"": 0.41, ""impact"": 0.41}, {""feature_key"": ""lag_trips_24"", ""feature_name"": ""Yesterday's Scheduled Transit Trips"", ""feature_value"": 8.0, ""shap_value"": 0.27, ""impact"": 0.27}, {""feature_key"": ""roll_mean_6h"", ""feature_name"": ""6-Hour Moving Congestion Trend"", ""feature_value"": 31.05, ""shap_value"": 0.26, ""impact"": 0.26}, {""feature_key"": ""roll_mean_24h"", ""feature_name"": ""24-Hour Average Baseline"", ""feature_value"": 52.29, ""shap_value"": 0.1, ""impact"": 0.1}, {""feature_key"": ""temp_c"", ""feature_name"": ""Ambient Temperature"", ""feature_value"": 24.9, ""shap_value"": 0.09, ""impact"": 0.09}]","[{""feature_key"": ""lag_168"", ""feature_name"": ""Same Time Last Week Congestion"", ""feature_value"": 20.9, ""shap_value"": -27.96, ""impact"": -27.96}, {""feature_key"": ""lag_1"", ""feature_name"": ""Recent Congestion (1h ago)"", ""feature_value"": 19.1, ""shap_value"": -2.99, ""impact"": -2.99}, {""feature_key"": ""lag_24"", ""feature_name"": ""Yesterday's Same-Hour Congestion"", ""feature_value"": 21.9, ""shap_value"": -1.99, ""impact"": -1.99}, {""feature_key"": ""hour_cos"", ""feature_name"": ""Time of Day (Diurnal Cycle)"", ""feature_value"": 0.71, ""shap_value"": -1.4, ""impact"": -1.4}, {""feature_key"": ""lag_foot_1"", ""feature_name"": ""Recent Foot-Traffic (1h ago)"", ""feature_value"": 1528.0, ""shap_value"": -1.31, ""impact"": -1.31}]",60.24
2672,MAA_BESANT_NAGAR_ELLIOTS,2026-09-25T04:00:00,2026-09-23T20:00:00,32,25.4,LOW,26.4,Sunny & Warm,8,"[{""feature_key"": ""lag_3"", ""feature_name"": ""Short-term Congestion (3h ago)"", ""feature_value"": 16.5, ""shap_value"": 0.39, ""impact"": 0.39}, {""feature_key"": ""lag_trips_24"", ""feature_name"": ""Yesterday's Scheduled Transit Trips"", ""feature_value"": 8.0, ""shap_value"": 0.29, ""impact"": 0.29}, {""feature_key"": ""roll_mean_6h"", ""feature_name"": ""6-Hour Moving Congestion Trend"", ""feature_value"": 22.93, ""shap_value"": 0.22, ""impact"": 0.22}, {""feature_key"": ""temp_c"", ""feature_name"": ""Ambient Temperature"", ""feature_value"": 26.4, ""shap_value"": 0.11, ""impact"": 0.11}, {""feature_key"": ""roll_mean_24h"", ""feature_name"": ""24-Hour Average Baseline"", ""feature_value"": 52.29, ""shap_value"": 0.1, ""impact"": 0.1}]","[{""feature_key"": ""lag_168"", ""feature_name"": ""Same Time Last Week Congestion"", ""feature_value"": 23.1, ""shap_value"": -25.63, ""impact"": -25.63}, {""feature_key"": ""lag_1"", ""feature_name"": ""Recent Congestion (1h ago)"", ""feature_value"": 22.0, ""shap_value"": -2.99, ""impact"": -2.99}, {""feature_key"": ""lag_24"", ""feature_name"": ""Yesterday's Same-Hour Congestion"", ""feature_value"": 23.8, ""shap_value"": -1.91, ""impact"": -1.91}, {""feature_key"": ""lag_foot_1"", ""feature_name"": ""Recent Foot-Traffic (1h ago)"", ""feature_value"": 1760.0, ""shap_value"": -1.18, ""impact"": -1.18}, {""feature_key"": ""hour_cos"", ""feature_name"": ""Time of Day (Diurnal Cycle)"", ""feature_value"": 0.5, ""shap_value"": -1.06, ""impact"": -1.06}]",60.24
2673,MAA_BESANT_NAGAR_ELLIOTS,2026-09-25T05:00:00,2026-09-23T20:00:00,33,42.5,MODERATE,27.4,Monsoon Downpour,6,"[{""feature_key"": ""precip_mm"", ""feature_name"": ""Rainfall Intensity"", ""feature_value"": 7.81, ""shap_value"": 2.83, ""impact"": 2.83}, {""feature_key"": ""lag_foot_24"", ""feature_name"": ""Yesterday's Foot-Traffic"", ""feature_value"": 2752.0, ""shap_value"": 1.18, ""impact"": 1.18}, {""feature_key"": ""weather_tourism_suppression"", ""feature_name"": ""Weather Tourist Dampening Index"", ""feature_value"": 1.58, ""shap_value"": 0.91, ""impact"": 0.91}, {""feature_key"": ""is_rain"", ""feature_name"": ""Rain Weather Friction"", ""feature_value"": 1.0, ""shap_value"": 0.55, ""impact"": 0.55}, {""feature_key"": ""lag_trips_24"", ""feature_name"": ""Yesterday's Scheduled Transit Trips"", ""feature_value"": 6.0, ""shap_value"": 0.31, ""impact"": 0.31}]","[{""feature_key"": ""lag_168"", ""feature_name"": ""Same Time Last Week Congestion"", ""feature_value"": 31.5, ""shap_value"": -17.3, ""impact"": -17.3}, {""feature_key"": ""lag_1"", ""feature_name"": ""Recent Congestion (1h ago)"", ""feature_value"": 25.4, ""shap_value"": -2.88, ""impact"": -2.88}, {""feature_key"": ""lag_foot_1"", ""feature_name"": ""Recent Foot-Traffic (1h ago)"", ""feature_value"": 2032.0, ""shap_value"": -1.03, ""impact"": -1.03}, {""feature_key"": ""lag_24"", ""feature_name"": ""Yesterday's Same-Hour Congestion"", ""feature_value"": 34.4, ""shap_value"": -0.84, ""impact"": -0.84}, {""feature_key"": ""hour_cos"", ""feature_name"": ""Time of Day (Diurnal Cycle)"", ""feature_value"": 0.26, ""shap_value"": -0.5, ""impact"": -0.5}]",60.24
2674,MAA_BESANT_NAGAR_ELLIOTS,2026-09-25T06:00:00,2026-09-23T20:00:00,34,59.5,MODERATE,28.5,Monsoon Downpour,6,"[{""feature_key"": ""lag_foot_24"", ""feature_name"": ""Yesterday's Foot-Traffic"", ""feature_value"": 4416.0, ""shap_value"": 1.86, ""impact"": 1.86}, {""feature_key"": ""temp_c"", ""feature_name"": ""Ambient Temperature"", ""feature_value"": 28.5, ""shap_value"": 1.81, ""impact"": 1.81}, {""feature_key"": ""precip_mm"", ""feature_name"": ""Rainfall Intensity"", ""feature_value"": 6.03, ""shap_value"": 1.59, ""impact"": 1.59}, {""feature_key"": ""hour_cos"", ""feature_name"": ""Time of Day (Diurnal Cycle)"", ""feature_value"": 0.0, ""shap_value"": 1.09, ""impact"": 1.09}, {""feature_key"": ""dow_sin"", ""feature_name"": ""Weekly Schedule Cycle"", ""feature_value"": -0.43, ""shap_value"": 0.43, ""impact"": 0.43}]","[{""feature_key"": ""lag_1"", ""feature_name"": ""Recent Congestion (1h ago)"", ""feature_value"": 42.5, ""shap_value"": -3.37, ""impact"": -3.37}, {""feature_key"": ""lag_168"", ""feature_name"": ""Same Time Last Week Congestion"", ""feature_value"": 55.6, ""shap_value"": -2.59, ""impact"": -2.59}, {""feature_key"": ""lag_foot_1"", ""feature_name"": ""Recent Foot-Traffic (1h ago)"", ""feature_value"": 3400.0, ""shap_value"": -0.77, ""impact"": -0.77}, {""feature_key"": ""scheduled_trips"", ""feature_name"": ""Transit Dispatch Frequency"", ""feature_value"": 6.0, ""shap_value"": -0.61, ""impact"": -0.61}, {""feature_key"": ""weather_transit_surge"", ""feature_name"": ""Rainfall Transit Inflow Surge"", ""feature_value"": 0.48, ""shap_value"": -0.61, ""impact"": -0.61}]",60.24
2675,MAA_BESANT_NAGAR_ELLIOTS,2026-09-25T07:00:00,2026-09-23T20:00:00,35,70.2,HIGH,29.1,Monsoon Downpour,6,"[{""feature_key"": ""lag_168"", ""feature_name"": ""Same Time Last Week Congestion"", ""feature_value"": 69.6, ""shap_value"": 8.1, ""impact"": 8.1}, {""feature_key"": ""lag_foot_24"", ""feature_name"": ""Yesterday's Foot-Traffic"", ""feature_value"": 5456.0, ""shap_value"": 2.2, ""impact"": 2.2}, {""feature_key"": ""hour_cos"", ""feature_name"": ""Time of Day (Diurnal Cycle)"", ""feature_value"": -0.26, ""shap_value"": 1.71, ""impact"": 1.71}, {""feature_key"": ""hour_sin"", ""feature_name"": ""Time of Day (Peak Window)"", ""feature_value"": 0.97, ""shap_value"": 0.62, ""impact"": 0.62}, {""feature_key"": ""lag_3"", ""feature_name"": ""Short-term Congestion (3h ago)"", ""feature_value"": 25.4, ""shap_value"": 0.6, ""impact"": 0.6}]","[{""feature_key"": ""lag_1"", ""feature_name"": ""Recent Congestion (1h ago)"", ""feature_value"": 59.5, ""shap_value"": -1.96, ""impact"": -1.96}, {""feature_key"": ""weather_transit_surge"", ""feature_name"": ""Rainfall Transit Inflow Surge"", ""feature_value"": 0.48, ""shap_value"": -0.99, ""impact"": -0.99}, {""feature_key"": ""transit_weight"", ""feature_name"": ""Transit Commuter Dominance"", ""feature_value"": 0.3, ""shap_value"": -0.61, ""impact"": -0.61}, {""feature_key"": ""transit_pressure_ratio"", ""feature_name"": ""Transit Demand-to-Supply Ratio"", ""feature_value"": 8.81, ""shap_value"": -0.38, ""impact"": -0.38}, {""feature_key"": ""scheduled_trips"", ""feature_name"": ""Transit Dispatch Frequency"", ""feature_value"": 6.0, ""shap_value"": -0.33, ""impact"": -0.33}]",60.24
2676,MAA_BESANT_NAGAR_ELLIOTS,2026-09-25T08:00:00,2026-09-23T20:00:00,36,68.8,HIGH,30.8,Monsoon Downpour,16,"[{""feature_key"": ""lag_foot_24"", ""feature_name"": ""Yesterday's Foot-Traffic"", ""feature_value"": 4696.0, ""shap_value"": 2.32, ""impact"": 2.32}, {""feature_key"": ""precip_mm"", ""feature_name"": ""Rainfall Intensity"", ""feature_value"": 12.49, ""shap_value"": 2.22, ""impact"": 2.22}, {""feature_key"": ""scheduled_trips"", ""feature_name"": ""Transit Dispatch Frequency"", ""feature_value"": 16.0, ""shap_value"": 1.72, ""impact"": 1.72}, {""feature_key"": ""hour_cos"", ""feature_name"": ""Time of Day (Diurnal Cycle)"", ""feature_value"": -0.5, ""shap_value"": 1.31, ""impact"": 1.31}, {""feature_key"": ""lag_1"", ""feature_name"": ""Recent Congestion (1h ago)"", ""feature_value"": 70.2, ""shap_value"": 0.87, ""impact"": 0.87}]","[{""feature_key"": ""lag_24"", ""feature_name"": ""Yesterday's Same-Hour Congestion"", ""feature_value"": 58.7, ""shap_value"": -0.69, ""impact"": -0.69}, {""feature_key"": ""weather_transit_surge"", ""feature_name"": ""Rainfall Transit Inflow Surge"", ""feature_value"": 0.48, ""shap_value"": -0.58, ""impact"": -0.58}, {""feature_key"": ""transit_weight"", ""feature_name"": ""Transit Commuter Dominance"", ""feature_value"": 0.3, ""shap_value"": -0.53, ""impact"": -0.53}, {""feature_key"": ""lag_168"", ""feature_name"": ""Same Time Last Week Congestion"", ""feature_value"": 55.4, ""shap_value"": -0.46, ""impact"": -0.46}, {""feature_key"": ""lag_trips_24"", ""feature_name"": ""Yesterday's Scheduled Transit Trips"", ""feature_value"": 16.0, ""shap_value"": -0.42, ""impact"": -0.42}]",60.24
2677,MAA_BESANT_NAGAR_ELLIOTS,2026-09-25T09:00:00,2026-09-23T20:00:00,37,65.2,HIGH,31.7,Monsoon Downpour,16,"[{""feature_key"": ""lag_foot_24"", ""feature_name"": ""Yesterday's Foot-Traffic"", ""feature_value"": 5136.0, ""shap_value"": 2.05, ""impact"": 2.05}, {""feature_key"": ""precip_mm"", ""feature_name"": ""Rainfall Intensity"", ""feature_value"": 11.44, ""shap_value"": 1.52, ""impact"": 1.52}, {""feature_key"": ""hour_cos"", ""feature_name"": ""Time of Day (Diurnal Cycle)"", ""feature_value"": -0.71, ""shap_value"": 0.93, ""impact"": 0.93}, {""feature_key"": ""lag_foot_1"", ""feature_name"": ""Recent Foot-Traffic (1h ago)"", ""feature_value"": 5504.0, ""shap_value"": 0.56, ""impact"": 0.56}, {""feature_key"": ""scheduled_trips"", ""feature_name"": ""Transit Dispatch Frequency"", ""feature_value"": 16.0, ""shap_value"": 0.47, ""impact"": 0.47}]","[{""feature_key"": ""weather_transit_surge"", ""feature_name"": ""Rainfall Transit Inflow Surge"", ""feature_value"": 0.48, ""shap_value"": -0.68, ""impact"": -0.68}, {""feature_key"": ""lag_trips_24"", ""feature_name"": ""Yesterday's Scheduled Transit Trips"", ""feature_value"": 16.0, ""shap_value"": -0.4, ""impact"": -0.4}, {""feature_key"": ""hour_sin"", ""feature_name"": ""Time of Day (Peak Window)"", ""feature_value"": 0.71, ""shap_value"": -0.39, ""impact"": -0.39}, {""feature_key"": ""transit_weight"", ""feature_name"": ""Transit Commuter Dominance"", ""feature_value"": 0.3, ""shap_value"": -0.38, ""impact"": -0.38}, {""feature_key"": ""lag_24"", ""feature_name"": ""Yesterday's Same-Hour Congestion"", ""feature_value"": 64.2, ""shap_value"": -0.38, ""impact"": -0.38}]",60.24
2678,MAA_BESANT_NAGAR_ELLIOTS,2026-09-25T10:00:00,2026-09-23T20:00:00,38,66.9,HIGH,31.3,Monsoon Downpour,16,"[{""feature_key"": ""precip_mm"", ""feature_name"": ""Rainfall Intensity"", ""feature_value"": 6.55, ""shap_value"": 3.47, ""impact"": 3.47}, {""feature_key"": ""lag_foot_24"", ""feature_name"": ""Yesterday's Foot-Traffic"", ""feature_value"": 4520.0, ""shap_value"": 2.42, ""impact"": 2.42}, {""feature_key"": ""scheduled_trips"", ""feature_name"": ""Transit Dispatch Frequency"", ""feature_value"": 16.0, ""shap_value"": 2.03, ""impact"": 2.03}, {""feature_key"": ""is_rain"", ""feature_name"": ""Rain Weather Friction"", ""feature_value"": 1.0, ""shap_value"": 0.72, ""impact"": 0.72}, {""feature_key"": ""transit_pressure_ratio"", ""feature_name"": ""Transit Demand-to-Supply Ratio"", ""feature_value"": 3.34, ""shap_value"": 0.64, ""impact"": 0.64}]","[{""feature_key"": ""lag_168"", ""feature_name"": ""Same Time Last Week Congestion"", ""feature_value"": 49.3, ""shap_value"": -1.82, ""impact"": -1.82}, {""feature_key"": ""lag_24"", ""feature_name"": ""Yesterday's Same-Hour Congestion"", ""feature_value"": 56.5, ""shap_value"": -0.63, ""impact"": -0.63}, {""feature_key"": ""hour_sin"", ""feature_name"": ""Time of Day (Peak Window)"", ""feature_value"": 0.5, ""shap_value"": -0.59, ""impact"": -0.59}, {""feature_key"": ""transit_weight"", ""feature_name"": ""Transit Commuter Dominance"", ""feature_value"": 0.3, ""shap_value"": -0.59, ""impact"": -0.59}, {""feature_key"": ""weather_transit_surge"", ""feature_name"": ""Rainfall Transit Inflow Surge"", ""feature_value"": 0.48, ""shap_value"": -0.51, ""impact"": -0.51}]",60.24
2679,MAA_BESANT_NAGAR_ELLIOTS,2026-09-25T11:00:00,2026-09-23T20:00:00,39,51.4,MODERATE,33.2,Sunny & Warm,10,"[{""feature_key"": ""lag_1"", ""feature_name"": ""Recent Congestion (1h ago)"", ""feature_value"": 66.9, ""shap_value"": 0.77, ""impact"": 0.77}, {""feature_key"": ""lag_foot_1"", ""feature_name"": ""Recent Foot-Traffic (1h ago)"", ""feature_value"": 5352.0, ""shap_value"": 0.68, ""impact"": 0.68}, {""feature_key"": ""lag_foot_24"", ""feature_name"": ""Yesterday's Foot-Traffic"", ""feature_value"": 4016.0, ""shap_value"": 0.48, ""impact"": 0.48}, {""feature_key"": ""temp_c"", ""feature_name"": ""Ambient Temperature"", ""feature_value"": 33.2, ""shap_value"": 0.35, ""impact"": 0.35}, {""feature_key"": ""capacity_baseline"", ""feature_name"": ""Station Theoretical Capacity"", ""feature_value"": 8000.0, ""shap_value"": 0.31, ""impact"": 0.31}]","[{""feature_key"": ""lag_168"", ""feature_name"": ""Same Time Last Week Congestion"", ""feature_value"": 48.5, ""shap_value"": -6.67, ""impact"": -6.67}, {""feature_key"": ""hour_sin"", ""feature_name"": ""Time of Day (Peak Window)"", ""feature_value"": 0.26, ""shap_value"": -1.13, ""impact"": -1.13}, {""feature_key"": ""lag_24"", ""feature_name"": ""Yesterday's Same-Hour Congestion"", ""feature_value"": 50.2, ""shap_value"": -1.08, ""impact"": -1.08}, {""feature_key"": ""hour_cos"", ""feature_name"": ""Time of Day (Diurnal Cycle)"", ""feature_value"": -0.97, ""shap_value"": -1.06, ""impact"": -1.06}, {""feature_key"": ""precip_mm"", ""feature_name"": ""Rainfall Intensity"", ""feature_value"": 0.0, ""shap_value"": -0.53, ""impact"": -0.53}]",60.24
2680,MAA_BESANT_NAGAR_ELLIOTS,2026-09-25T12:00:00,2026-09-23T20:00:00,40,42.0,MODERATE,34.1,Sunny & Warm,10,"[{""feature_key"": ""lag_foot_24"", ""feature_name"": ""Yesterday's Foot-Traffic"", ""feature_value"": 3176.0, ""shap_value"": 0.96, ""impact"": 0.96}, {""feature_key"": ""temp_c"", ""feature_name"": ""Ambient Temperature"", ""feature_value"": 34.1, ""shap_value"": 0.37, ""impact"": 0.37}, {""feature_key"": ""capacity_baseline"", ""feature_name"": ""Station Theoretical Capacity"", ""feature_value"": 8000.0, ""shap_value"": 0.27, ""impact"": 0.27}, {""feature_key"": ""humidity_pct"", ""feature_name"": ""Marine Layer / Humidity"", ""feature_value"": 63.0, ""shap_value"": 0.19, ""impact"": 0.19}, {""feature_key"": ""roll_mean_6h"", ""feature_name"": ""6-Hour Moving Congestion Trend"", ""feature_value"": 63.67, ""shap_value"": 0.16, ""impact"": 0.16}]","[{""feature_key"": ""lag_168"", ""feature_name"": ""Same Time Last Week Congestion"", ""feature_value"": 36.7, ""shap_value"": -14.15, ""impact"": -14.15}, {""feature_key"": ""lag_1"", ""feature_name"": ""Recent Congestion (1h ago)"", ""feature_value"": 51.4, ""shap_value"": -1.16, ""impact"": -1.16}, {""feature_key"": ""hour_sin"", ""feature_name"": ""Time of Day (Peak Window)"", ""feature_value"": 0.0, ""shap_value"": -1.13, ""impact"": -1.13}, {""feature_key"": ""lag_24"", ""feature_name"": ""Yesterday's Same-Hour Congestion"", ""feature_value"": 39.7, ""shap_value"": -0.96, ""impact"": -0.96}, {""feature_key"": ""precip_mm"", ""feature_name"": ""Rainfall Intensity"", ""feature_value"": 0.0, ""shap_value"": -0.58, ""impact"": -0.58}]",60.24
2681,MAA_BESANT_NAGAR_ELLIOTS,2026-09-25T13:00:00,2026-09-23T20:00:00,41,40.6,MODERATE,34.0,Sunny & Warm,10,"[{""feature_key"": ""lag_foot_24"", ""feature_name"": ""Yesterday's Foot-Traffic"", ""feature_value"": 2992.0, ""shap_value"": 0.64, ""impact"": 0.64}, {""feature_key"": ""temp_c"", ""feature_name"": ""Ambient Temperature"", ""feature_value"": 34.0, ""shap_value"": 0.27, ""impact"": 0.27}, {""feature_key"": ""capacity_baseline"", ""feature_name"": ""Station Theoretical Capacity"", ""feature_value"": 8000.0, ""shap_value"": 0.26, ""impact"": 0.26}, {""feature_key"": ""humidity_pct"", ""feature_name"": ""Marine Layer / Humidity"", ""feature_value"": 57.0, ""shap_value"": 0.22, ""impact"": 0.22}, {""feature_key"": ""roll_mean_6h"", ""feature_name"": ""6-Hour Moving Congestion Trend"", ""feature_value"": 60.75, ""shap_value"": 0.1, ""impact"": 0.1}]","[{""feature_key"": ""lag_168"", ""feature_name"": ""Same Time Last Week Congestion"", ""feature_value"": 36.8, ""shap_value"": -13.93, ""impact"": -13.93}, {""feature_key"": ""lag_1"", ""feature_name"": ""Recent Congestion (1h ago)"", ""feature_value"": 42.0, ""shap_value"": -2.11, ""impact"": -2.11}, {""feature_key"": ""hour_sin"", ""feature_name"": ""Time of Day (Peak Window)"", ""feature_value"": -0.26, ""shap_value"": -1.12, ""impact"": -1.12}, {""feature_key"": ""lag_24"", ""feature_name"": ""Yesterday's Same-Hour Congestion"", ""feature_value"": 37.4, ""shap_value"": -1.03, ""impact"": -1.03}, {""feature_key"": ""precip_mm"", ""feature_name"": ""Rainfall Intensity"", ""feature_value"": 0.0, ""shap_value"": -0.56, ""impact"": -0.56}]",60.24
2682,MAA_BESANT_NAGAR_ELLIOTS,2026-09-25T14:00:00,2026-09-23T20:00:00,42,52.6,MODERATE,33.6,Monsoon Downpour,10,"[{""feature_key"": ""precip_mm"", ""feature_name"": ""Rainfall Intensity"", ""feature_value"": 6.56, ""shap_value"": 3.1, ""impact"": 3.1}, {""feature_key"": ""lag_foot_24"", ""feature_name"": ""Yesterday's Foot-Traffic"", ""feature_value"": 3503.0, ""shap_value"": 0.61, ""impact"": 0.61}, {""feature_key"": ""weather_tourism_suppression"", ""feature_name"": ""Weather Tourist Dampening Index"", ""feature_value"": 1.58, ""shap_value"": 0.52, ""impact"": 0.52}, {""feature_key"": ""is_rain"", ""feature_name"": ""Rain Weather Friction"", ""feature_value"": 1.0, ""shap_value"": 0.47, ""impact"": 0.47}, {""feature_key"": ""temp_c"", ""feature_name"": ""Ambient Temperature"", ""feature_value"": 33.6, ""shap_value"": 0.33, ""impact"": 0.33}]","[{""feature_key"": ""lag_168"", ""feature_name"": ""Same Time Last Week Congestion"", ""feature_value"": 44.4, ""shap_value"": -5.83, ""impact"": -5.83}, {""feature_key"": ""lag_1"", ""feature_name"": ""Recent Congestion (1h ago)"", ""feature_value"": 40.6, ""shap_value"": -2.66, ""impact"": -2.66}, {""feature_key"": ""lag_24"", ""feature_name"": ""Yesterday's Same-Hour Congestion"", ""feature_value"": 43.8, ""shap_value"": -1.16, ""impact"": -1.16}, {""feature_key"": ""lag_foot_1"", ""feature_name"": ""Recent Foot-Traffic (1h ago)"", ""feature_value"": 3248.0, ""shap_value"": -0.94, ""impact"": -0.94}, {""feature_key"": ""hour_sin"", ""feature_name"": ""Time of Day (Peak Window)"", ""feature_value"": -0.5, ""shap_value"": -0.71, ""impact"": -0.71}]",60.24
2683,MAA_BESANT_NAGAR_ELLIOTS,2026-09-25T15:00:00,2026-09-23T20:00:00,43,61.2,HIGH,34.1,Monsoon Downpour,10,"[{""feature_key"": ""lag_foot_24"", ""feature_name"": ""Yesterday's Foot-Traffic"", ""feature_value"": 4416.0, ""shap_value"": 1.94, ""impact"": 1.94}, {""feature_key"": ""hour_cos"", ""feature_name"": ""Time of Day (Diurnal Cycle)"", ""feature_value"": -0.71, ""shap_value"": 1.31, ""impact"": 1.31}, {""feature_key"": ""temp_c"", ""feature_name"": ""Ambient Temperature"", ""feature_value"": 34.1, ""shap_value"": 0.7, ""impact"": 0.7}, {""feature_key"": ""wind_speed_kmh"", ""feature_name"": ""Coastal Wind Speed"", ""feature_value"": 22.5, ""shap_value"": 0.61, ""impact"": 0.61}, {""feature_key"": ""precip_mm"", ""feature_name"": ""Rainfall Intensity"", ""feature_value"": 7.63, ""shap_value"": 0.45, ""impact"": 0.45}]","[{""feature_key"": ""lag_1"", ""feature_name"": ""Recent Congestion (1h ago)"", ""feature_value"": 52.6, ""shap_value"": -2.01, ""impact"": -2.01}, {""feature_key"": ""lag_168"", ""feature_name"": ""Same Time Last Week Congestion"", ""feature_value"": 56.2, ""shap_value"": -1.03, ""impact"": -1.03}, {""feature_key"": ""scheduled_trips"", ""feature_name"": ""Transit Dispatch Frequency"", ""feature_value"": 10.0, ""shap_value"": -0.54, ""impact"": -0.54}, {""feature_key"": ""transit_weight"", ""feature_name"": ""Transit Commuter Dominance"", ""feature_value"": 0.3, ""shap_value"": -0.54, ""impact"": -0.54}, {""feature_key"": ""transit_pressure_ratio"", ""feature_name"": ""Transit Demand-to-Supply Ratio"", ""feature_value"": 5.45, ""shap_value"": -0.4, ""impact"": -0.4}]",60.24
2684,MAA_BESANT_NAGAR_ELLIOTS,2026-09-25T16:00:00,2026-09-23T20:00:00,44,70.3,HIGH,33.2,Monsoon Downpour,10,"[{""feature_key"": ""lag_168"", ""feature_name"": ""Same Time Last Week Congestion"", ""feature_value"": 77.8, ""shap_value"": 12.38, ""impact"": 12.38}, {""feature_key"": ""lag_foot_24"", ""feature_name"": ""Yesterday's Foot-Traffic"", ""feature_value"": 5928.0, ""shap_value"": 1.91, ""impact"": 1.91}, {""feature_key"": ""hour_cos"", ""feature_name"": ""Time of Day (Diurnal Cycle)"", ""feature_value"": -0.5, ""shap_value"": 1.78, ""impact"": 1.78}, {""feature_key"": ""wind_speed_kmh"", ""feature_name"": ""Coastal Wind Speed"", ""feature_value"": 22.4, ""shap_value"": 0.74, ""impact"": 0.74}, {""feature_key"": ""temp_c"", ""feature_name"": ""Ambient Temperature"", ""feature_value"": 33.2, ""shap_value"": 0.61, ""impact"": 0.61}]","[{""feature_key"": ""precip_mm"", ""feature_name"": ""Rainfall Intensity"", ""feature_value"": 8.45, ""shap_value"": -3.2, ""impact"": -3.2}, {""feature_key"": ""lag_1"", ""feature_name"": ""Recent Congestion (1h ago)"", ""feature_value"": 61.2, ""shap_value"": -1.77, ""impact"": -1.77}, {""feature_key"": ""weather_tourism_suppression"", ""feature_name"": ""Weather Tourist Dampening Index"", ""feature_value"": 1.58, ""shap_value"": -1.33, ""impact"": -1.33}, {""feature_key"": ""transit_weight"", ""feature_name"": ""Transit Commuter Dominance"", ""feature_value"": 0.3, ""shap_value"": -0.83, ""impact"": -0.83}, {""feature_key"": ""transit_pressure_ratio"", ""feature_name"": ""Transit Demand-to-Supply Ratio"", ""feature_value"": 5.47, ""shap_value"": -0.58, ""impact"": -0.58}]",60.24
2685,MAA_BESANT_NAGAR_ELLIOTS,2026-09-25T17:00:00,2026-09-23T20:00:00,45,88.1,SEVERE,33.7,Thunderstorm / Rain,16,"[{""feature_key"": ""lag_168"", ""feature_name"": ""Same Time Last Week Congestion"", ""feature_value"": 94.0, ""shap_value"": 21.32, ""impact"": 21.32}, {""feature_key"": ""lag_24"", ""feature_name"": ""Yesterday's Same-Hour Congestion"", ""feature_value"": 97.0, ""shap_value"": 2.33, ""impact"": 2.33}, {""feature_key"": ""lag_foot_24"", ""feature_name"": ""Yesterday's Foot-Traffic"", ""feature_value"": 7760.0, ""shap_value"": 2.32, ""impact"": 2.32}, {""feature_key"": ""hour_sin"", ""feature_name"": ""Time of Day (Peak Window)"", ""feature_value"": -0.97, ""shap_value"": 1.92, ""impact"": 1.92}, {""feature_key"": ""hour_cos"", ""feature_name"": ""Time of Day (Diurnal Cycle)"", ""feature_value"": -0.26, ""shap_value"": 1.46, ""impact"": 1.46}]","[{""feature_key"": ""weather_tourism_suppression"", ""feature_name"": ""Weather Tourist Dampening Index"", ""feature_value"": 1.58, ""shap_value"": -1.69, ""impact"": -1.69}, {""feature_key"": ""lag_1"", ""feature_name"": ""Recent Congestion (1h ago)"", ""feature_value"": 70.3, ""shap_value"": -0.73, ""impact"": -0.73}, {""feature_key"": ""dow_sin"", ""feature_name"": ""Weekly Schedule Cycle"", ""feature_value"": -0.43, ""shap_value"": -0.3, ""impact"": -0.3}, {""feature_key"": ""transit_weight"", ""feature_name"": ""Transit Commuter Dominance"", ""feature_value"": 0.3, ""shap_value"": -0.28, ""impact"": -0.28}, {""feature_key"": ""lag_trips_1"", ""feature_name"": ""Recent Transit Trips Count"", ""feature_value"": 10.0, ""shap_value"": -0.26, ""impact"": -0.26}]",60.24
2686,MAA_BESANT_NAGAR_ELLIOTS,2026-09-25T18:00:00,2026-09-23T20:00:00,46,92.2,SEVERE,32.6,Monsoon Downpour,16,"[{""feature_key"": ""lag_168"", ""feature_name"": ""Same Time Last Week Congestion"", ""feature_value"": 89.9, ""shap_value"": 20.16, ""impact"": 20.16}, {""feature_key"": ""lag_24"", ""feature_name"": ""Yesterday's Same-Hour Congestion"", ""feature_value"": 97.8, ""shap_value"": 2.69, ""impact"": 2.69}, {""feature_key"": ""lag_foot_24"", ""feature_name"": ""Yesterday's Foot-Traffic"", ""feature_value"": 7824.0, ""shap_value"": 2.43, ""impact"": 2.43}, {""feature_key"": ""hour_sin"", ""feature_name"": ""Time of Day (Peak Window)"", ""feature_value"": -1.0, ""shap_value"": 2.25, ""impact"": 2.25}, {""feature_key"": ""lag_1"", ""feature_name"": ""Recent Congestion (1h ago)"", ""feature_value"": 88.1, ""shap_value"": 1.97, ""impact"": 1.97}]","[{""feature_key"": ""weather_tourism_suppression"", ""feature_name"": ""Weather Tourist Dampening Index"", ""feature_value"": 1.58, ""shap_value"": -0.97, ""impact"": -0.97}, {""feature_key"": ""dow_sin"", ""feature_name"": ""Weekly Schedule Cycle"", ""feature_value"": -0.43, ""shap_value"": -0.4, ""impact"": -0.4}, {""feature_key"": ""weather_transit_surge"", ""feature_name"": ""Rainfall Transit Inflow Surge"", ""feature_value"": 0.48, ""shap_value"": -0.31, ""impact"": -0.31}, {""feature_key"": ""lag_trips_24"", ""feature_name"": ""Yesterday's Scheduled Transit Trips"", ""feature_value"": 16.0, ""shap_value"": -0.24, ""impact"": -0.24}, {""feature_key"": ""transit_weight"", ""feature_name"": ""Transit Commuter Dominance"", ""feature_value"": 0.3, ""shap_value"": -0.21, ""impact"": -0.21}]",60.24
2687,MAA_BESANT_NAGAR_ELLIOTS,2026-09-25T19:00:00,2026-09-23T20:00:00,47,91.2,SEVERE,31.3,Monsoon Downpour,16,"[{""feature_key"": ""lag_168"", ""feature_name"": ""Same Time Last Week Congestion"", ""feature_value"": 98.5, ""shap_value"": 23.69, ""impact"": 23.69}, {""feature_key"": ""lag_1"", ""feature_name"": ""Recent Congestion (1h ago)"", ""feature_value"": 92.2, ""shap_value"": 2.48, ""impact"": 2.48}, {""feature_key"": ""lag_foot_24"", ""feature_name"": ""Yesterday's Foot-Traffic"", ""feature_value"": 7768.0, ""shap_value"": 2.34, ""impact"": 2.34}, {""feature_key"": ""lag_24"", ""feature_name"": ""Yesterday's Same-Hour Congestion"", ""feature_value"": 97.1, ""shap_value"": 2.09, ""impact"": 2.09}, {""feature_key"": ""hour_sin"", ""feature_name"": ""Time of Day (Peak Window)"", ""feature_value"": -0.97, ""shap_value"": 1.45, ""impact"": 1.45}]","[{""feature_key"": ""precip_mm"", ""feature_name"": ""Rainfall Intensity"", ""feature_value"": 9.73, ""shap_value"": -1.4, ""impact"": -1.4}, {""feature_key"": ""weather_tourism_suppression"", ""feature_name"": ""Weather Tourist Dampening Index"", ""feature_value"": 1.58, ""shap_value"": -0.99, ""impact"": -0.99}, {""feature_key"": ""transit_weight"", ""feature_name"": ""Transit Commuter Dominance"", ""feature_value"": 0.3, ""shap_value"": -0.52, ""impact"": -0.52}, {""feature_key"": ""roll_mean_24h"", ""feature_name"": ""24-Hour Average Baseline"", ""feature_value"": 53.99, ""shap_value"": -0.45, ""impact"": -0.45}, {""feature_key"": ""dow_sin"", ""feature_name"": ""Weekly Schedule Cycle"", ""feature_value"": -0.43, ""shap_value"": -0.35, ""impact"": -0.35}]",60.24
2688,MAA_BESANT_NAGAR_ELLIOTS,2026-09-25T20:00:00,2026-09-23T20:00:00,48,88.1,SEVERE,30.0,Thunderstorm / Rain,16,"[{""feature_key"": ""lag_168"", ""feature_name"": ""Same Time Last Week Congestion"", ""feature_value"": 86.7, ""shap_value"": 19.06, ""impact"": 19.06}, {""feature_key"": ""lag_foot_24"", ""feature_name"": ""Yesterday's Foot-Traffic"", ""feature_value"": 7472.0, ""shap_value"": 2.34, ""impact"": 2.34}, {""feature_key"": ""lag_1"", ""feature_name"": ""Recent Congestion (1h ago)"", ""feature_value"": 91.2, ""shap_value"": 2.32, ""impact"": 2.32}, {""feature_key"": ""lag_24"", ""feature_name"": ""Yesterday's Same-Hour Congestion"", ""feature_value"": 93.4, ""shap_value"": 2.25, ""impact"": 2.25}, {""feature_key"": ""precip_mm"", ""feature_name"": ""Rainfall Intensity"", ""feature_value"": 4.05, ""shap_value"": 1.85, ""impact"": 1.85}]","[{""feature_key"": ""weather_tourism_suppression"", ""feature_name"": ""Weather Tourist Dampening Index"", ""feature_value"": 1.58, ""shap_value"": -1.19, ""impact"": -1.19}, {""feature_key"": ""dow_sin"", ""feature_name"": ""Weekly Schedule Cycle"", ""feature_value"": -0.43, ""shap_value"": -0.48, ""impact"": -0.48}, {""feature_key"": ""lag_3"", ""feature_name"": ""Short-term Congestion (3h ago)"", ""feature_value"": 88.1, ""shap_value"": -0.48, ""impact"": -0.48}, {""feature_key"": ""weather_transit_surge"", ""feature_name"": ""Rainfall Transit Inflow Surge"", ""feature_value"": 0.48, ""shap_value"": -0.37, ""impact"": -0.37}, {""feature_key"": ""hour_cos"", ""feature_name"": ""Time of Day (Diurnal Cycle)"", ""feature_value"": 0.5, ""shap_value"": -0.36, ""impact"": -0.36}]",60.24
2689,MAA_GUINDY_INTERMODAL,2026-09-23T21:00:00,2026-09-23T20:00:00,1,71.9,HIGH,29.6,Sunny & Warm,12,"[{""feature_key"": ""lag_1"", ""feature_name"": ""Recent Congestion (1h ago)"", ""feature_value"": 98.5, ""shap_value"": 4.26, ""impact"": 4.26}, {""feature_key"": ""lag_168"", ""feature_name"": ""Same Time Last Week Congestion"", ""feature_value"": 63.8, ""shap_value"": 4.11, ""impact"": 4.11}, {""feature_key"": ""lag_foot_1"", ""feature_name"": ""Recent Foot-Traffic (1h ago)"", ""feature_value"": 18088.0, ""shap_value"": 3.67, ""impact"": 3.67}, {""feature_key"": ""lag_foot_24"", ""feature_name"": ""Yesterday's Foot-Traffic"", ""feature_value"": 7396.0, ""shap_value"": 2.74, ""impact"": 2.74}, {""feature_key"": ""lag_trips_1"", ""feature_name"": ""Recent Transit Trips Count"", ""feature_value"": 32.0, ""shap_value"": 0.7, ""impact"": 0.7}]","[{""feature_key"": ""hour_cos"", ""feature_name"": ""Time of Day (Diurnal Cycle)"", ""feature_value"": 0.71, ""shap_value"": -1.16, ""impact"": -1.16}, {""feature_key"": ""scheduled_trips"", ""feature_name"": ""Transit Dispatch Frequency"", ""feature_value"": 12.0, ""shap_value"": -0.89, ""impact"": -0.89}, {""feature_key"": ""dow_sin"", ""feature_name"": ""Weekly Schedule Cycle"", ""feature_value"": 0.97, ""shap_value"": -0.71, ""impact"": -0.71}, {""feature_key"": ""lag_3"", ""feature_name"": ""Short-term Congestion (3h ago)"", ""feature_value"": 98.5, ""shap_value"": -0.61, ""impact"": -0.61}, {""feature_key"": ""weather_transit_surge"", ""feature_name"": ""Rainfall Transit Inflow Surge"", ""feature_value"": 0.0, ""shap_value"": -0.57, ""impact"": -0.57}]",60.24
2690,MAA_GUINDY_INTERMODAL,2026-09-23T22:00:00,2026-09-23T20:00:00,2,41.1,MODERATE,26.8,Sunny & Warm,12,"[{""feature_key"": ""lag_1"", ""feature_name"": ""Recent Congestion (1h ago)"", ""feature_value"": 71.9, ""shap_value"": 2.45, ""impact"": 2.45}, {""feature_key"": ""lag_foot_1"", ""feature_name"": ""Recent Foot-Traffic (1h ago)"", ""feature_value"": 7909.0, ""shap_value"": 0.73, ""impact"": 0.73}, {""feature_key"": ""dow_cos"", ""feature_name"": ""Day of Week Alignment"", ""feature_value"": -0.22, ""shap_value"": 0.13, ""impact"": 0.13}, {""feature_key"": ""lag_2"", ""feature_name"": ""Short-term Congestion (2h ago)"", ""feature_value"": 98.5, ""shap_value"": 0.11, ""impact"": 0.11}, {""feature_key"": ""roll_mean_3h"", ""feature_name"": ""3-Hour Moving Congestion Trend"", ""feature_value"": 89.63, ""shap_value"": 0.09, ""impact"": 0.09}]","[{""feature_key"": ""lag_168"", ""feature_name"": ""Same Time Last Week Congestion"", ""feature_value"": 54.9, ""shap_value"": -6.73, ""impact"": -6.73}, {""feature_key"": ""hour_cos"", ""feature_name"": ""Time of Day (Diurnal Cycle)"", ""feature_value"": 0.87, ""shap_value"": -3.55, ""impact"": -3.55}, {""feature_key"": ""lag_24"", ""feature_name"": ""Yesterday's Same-Hour Congestion"", ""feature_value"": 39.7, ""shap_value"": -2.28, ""impact"": -2.28}, {""feature_key"": ""lag_foot_24"", ""feature_name"": ""Yesterday's Foot-Traffic"", ""feature_value"": 3030.0, ""shap_value"": -1.47, ""impact"": -1.47}, {""feature_key"": ""temp_c"", ""feature_name"": ""Ambient Temperature"", ""feature_value"": 26.8, ""shap_value"": -1.18, ""impact"": -1.18}]",60.24
2691,MAA_GUINDY_INTERMODAL,2026-09-23T23:00:00,2026-09-23T20:00:00,3,20.5,LOW,26.4,Sunny & Warm,12,"[{""feature_key"": ""dow_cos"", ""feature_name"": ""Day of Week Alignment"", ""feature_value"": -0.22, ""shap_value"": 0.06, ""impact"": 0.06}, {""feature_key"": ""transit_weight"", ""feature_name"": ""Transit Commuter Dominance"", ""feature_value"": 0.88, ""shap_value"": 0.06, ""impact"": 0.06}, {""feature_key"": ""lag_2"", ""feature_name"": ""Short-term Congestion (2h ago)"", ""feature_value"": 71.9, ""shap_value"": 0.04, ""impact"": 0.04}, {""feature_key"": ""roll_std_24h"", ""feature_name"": ""24-Hour Crowd Volatility"", ""feature_value"": 29.26, ""shap_value"": 0.01, ""impact"": 0.01}]","[{""feature_key"": ""lag_168"", ""feature_name"": ""Same Time Last Week Congestion"", ""feature_value"": 24.3, ""shap_value"": -24.73, ""impact"": -24.73}, {""feature_key"": ""hour_cos"", ""feature_name"": ""Time of Day (Diurnal Cycle)"", ""feature_value"": 0.97, ""shap_value"": -2.55, ""impact"": -2.55}, {""feature_key"": ""lag_24"", ""feature_name"": ""Yesterday's Same-Hour Congestion"", ""feature_value"": 18.9, ""shap_value"": -2.44, ""impact"": -2.44}, {""feature_key"": ""lag_1"", ""feature_name"": ""Recent Congestion (1h ago)"", ""feature_value"": 41.1, ""shap_value"": -2.31, ""impact"": -2.31}, {""feature_key"": ""lag_foot_24"", ""feature_name"": ""Yesterday's Foot-Traffic"", ""feature_value"": 1024.0, ""shap_value"": -1.94, ""impact"": -1.94}]",60.24
2692,MAA_GUINDY_INTERMODAL,2026-09-24T00:00:00,2026-09-23T20:00:00,4,18.5,LOW,25.6,Humid / Overcast,8,"[{""feature_key"": ""lag_trips_24"", ""feature_name"": ""Yesterday's Scheduled Transit Trips"", ""feature_value"": 6.0, ""shap_value"": 0.21, ""impact"": 0.21}, {""feature_key"": ""transit_weight"", ""feature_name"": ""Transit Commuter Dominance"", ""feature_value"": 0.88, ""shap_value"": 0.04, ""impact"": 0.04}, {""feature_key"": ""capacity_baseline"", ""feature_name"": ""Station Theoretical Capacity"", ""feature_value"": 11000.0, ""shap_value"": 0.03, ""impact"": 0.03}, {""feature_key"": ""dow_cos"", ""feature_name"": ""Day of Week Alignment"", ""feature_value"": -0.9, ""shap_value"": 0.01, ""impact"": 0.01}]","[{""feature_key"": ""lag_168"", ""feature_name"": ""Same Time Last Week Congestion"", ""feature_value"": 26.8, ""shap_value"": -24.29, ""impact"": -24.29}, {""feature_key"": ""lag_foot_24"", ""feature_name"": ""Yesterday's Foot-Traffic"", ""feature_value"": 563.0, ""shap_value"": -5.18, ""impact"": -5.18}, {""feature_key"": ""lag_24"", ""feature_name"": ""Yesterday's Same-Hour Congestion"", ""feature_value"": 17.8, ""shap_value"": -2.81, ""impact"": -2.81}, {""feature_key"": ""lag_1"", ""feature_name"": ""Recent Congestion (1h ago)"", ""feature_value"": 20.5, ""shap_value"": -2.73, ""impact"": -2.73}, {""feature_key"": ""hour_cos"", ""feature_name"": ""Time of Day (Diurnal Cycle)"", ""feature_value"": 1.0, ""shap_value"": -2.15, ""impact"": -2.15}]",60.24
2693,MAA_GUINDY_INTERMODAL,2026-09-24T01:00:00,2026-09-23T20:00:00,5,21.4,LOW,26.0,Humid / Overcast,8,"[{""feature_key"": ""lag_trips_24"", ""feature_name"": ""Yesterday's Scheduled Transit Trips"", ""feature_value"": 6.0, ""shap_value"": 0.25, ""impact"": 0.25}, {""feature_key"": ""lag_3"", ""feature_name"": ""Short-term Congestion (3h ago)"", ""feature_value"": 41.1, ""shap_value"": 0.19, ""impact"": 0.19}, {""feature_key"": ""roll_mean_6h"", ""feature_name"": ""6-Hour Moving Congestion Trend"", ""feature_value"": 58.17, ""shap_value"": 0.08, ""impact"": 0.08}, {""feature_key"": ""transit_weight"", ""feature_name"": ""Transit Commuter Dominance"", ""feature_value"": 0.88, ""shap_value"": 0.03, ""impact"": 0.03}, {""feature_key"": ""temp_c"", ""feature_name"": ""Ambient Temperature"", ""feature_value"": 26.0, ""shap_value"": 0.01, ""impact"": 0.01}]","[{""feature_key"": ""lag_168"", ""feature_name"": ""Same Time Last Week Congestion"", ""feature_value"": 30.5, ""shap_value"": -22.25, ""impact"": -22.25}, {""feature_key"": ""lag_foot_24"", ""feature_name"": ""Yesterday's Foot-Traffic"", ""feature_value"": 671.0, ""shap_value"": -3.92, ""impact"": -3.92}, {""feature_key"": ""lag_24"", ""feature_name"": ""Yesterday's Same-Hour Congestion"", ""feature_value"": 21.2, ""shap_value"": -3.09, ""impact"": -3.09}, {""feature_key"": ""lag_1"", ""feature_name"": ""Recent Congestion (1h ago)"", ""feature_value"": 18.5, ""shap_value"": -2.88, ""impact"": -2.88}, {""feature_key"": ""hour_cos"", ""feature_name"": ""Time of Day (Diurnal Cycle)"", ""feature_value"": 0.97, ""shap_value"": -2.16, ""impact"": -2.16}]",60.24
2694,MAA_GUINDY_INTERMODAL,2026-09-24T02:00:00,2026-09-23T20:00:00,6,23.4,LOW,24.6,Humid / Overcast,8,"[{""feature_key"": ""lag_trips_24"", ""feature_name"": ""Yesterday's Scheduled Transit Trips"", ""feature_value"": 6.0, ""shap_value"": 0.26, ""impact"": 0.26}, {""feature_key"": ""lag_3"", ""feature_name"": ""Short-term Congestion (3h ago)"", ""feature_value"": 20.5, ""shap_value"": 0.16, ""impact"": 0.16}, {""feature_key"": ""roll_mean_6h"", ""feature_name"": ""6-Hour Moving Congestion Trend"", ""feature_value"": 45.32, ""shap_value"": 0.12, ""impact"": 0.12}, {""feature_key"": ""temp_c"", ""feature_name"": ""Ambient Temperature"", ""feature_value"": 24.6, ""shap_value"": 0.02, ""impact"": 0.02}]","[{""feature_key"": ""lag_168"", ""feature_name"": ""Same Time Last Week Congestion"", ""feature_value"": 33.9, ""shap_value"": -21.06, ""impact"": -21.06}, {""feature_key"": ""lag_foot_24"", ""feature_name"": ""Yesterday's Foot-Traffic"", ""feature_value"": 732.0, ""shap_value"": -3.43, ""impact"": -3.43}, {""feature_key"": ""lag_1"", ""feature_name"": ""Recent Congestion (1h ago)"", ""feature_value"": 21.4, ""shap_value"": -3.2, ""impact"": -3.2}, {""feature_key"": ""lag_24"", ""feature_name"": ""Yesterday's Same-Hour Congestion"", ""feature_value"": 23.2, ""shap_value"": -2.7, ""impact"": -2.7}, {""feature_key"": ""hour_cos"", ""feature_name"": ""Time of Day (Diurnal Cycle)"", ""feature_value"": 0.87, ""shap_value"": -1.95, ""impact"": -1.95}]",60.24
2695,MAA_GUINDY_INTERMODAL,2026-09-24T03:00:00,2026-09-23T20:00:00,7,36.1,MODERATE,24.9,Monsoon Downpour,8,"[{""feature_key"": ""weather_transit_surge"", ""feature_name"": ""Rainfall Transit Inflow Surge"", ""feature_value"": 1.41, ""shap_value"": 3.33, ""impact"": 3.33}, {""feature_key"": ""precip_mm"", ""feature_name"": ""Rainfall Intensity"", ""feature_value"": 12.63, ""shap_value"": 2.51, ""impact"": 2.51}, {""feature_key"": ""weather_tourism_suppression"", ""feature_name"": ""Weather Tourist Dampening Index"", ""feature_value"": 0.99, ""shap_value"": 1.45, ""impact"": 1.45}, {""feature_key"": ""is_rain"", ""feature_name"": ""Rain Weather Friction"", ""feature_value"": 1.0, ""shap_value"": 0.44, ""impact"": 0.44}, {""feature_key"": ""roll_mean_6h"", ""feature_name"": ""6-Hour Moving Congestion Trend"", ""feature_value"": 32.8, ""shap_value"": 0.44, ""impact"": 0.44}]","[{""feature_key"": ""lag_168"", ""feature_name"": ""Same Time Last Week Congestion"", ""feature_value"": 26.3, ""shap_value"": -22.02, ""impact"": -22.02}, {""feature_key"": ""lag_foot_24"", ""feature_name"": ""Yesterday's Foot-Traffic"", ""feature_value"": 760.0, ""shap_value"": -2.57, ""impact"": -2.57}, {""feature_key"": ""lag_1"", ""feature_name"": ""Recent Congestion (1h ago)"", ""feature_value"": 23.4, ""shap_value"": -2.39, ""impact"": -2.39}, {""feature_key"": ""lag_24"", ""feature_name"": ""Yesterday's Same-Hour Congestion"", ""feature_value"": 24.1, ""shap_value"": -1.81, ""impact"": -1.81}, {""feature_key"": ""hour_cos"", ""feature_name"": ""Time of Day (Diurnal Cycle)"", ""feature_value"": 0.71, ""shap_value"": -1.3, ""impact"": -1.3}]",60.24
2696,MAA_GUINDY_INTERMODAL,2026-09-24T04:00:00,2026-09-23T20:00:00,8,43.5,MODERATE,27.2,Monsoon Downpour,8,"[{""feature_key"": ""precip_mm"", ""feature_name"": ""Rainfall Intensity"", ""feature_value"": 13.93, ""shap_value"": 3.19, ""impact"": 3.19}, {""feature_key"": ""weather_transit_surge"", ""feature_name"": ""Rainfall Transit Inflow Surge"", ""feature_value"": 1.41, ""shap_value"": 3.05, ""impact"": 3.05}, {""feature_key"": ""weather_tourism_suppression"", ""feature_name"": ""Weather Tourist Dampening Index"", ""feature_value"": 0.99, ""shap_value"": 1.12, ""impact"": 1.12}, {""feature_key"": ""is_rain"", ""feature_name"": ""Rain Weather Friction"", ""feature_value"": 1.0, ""shap_value"": 0.55, ""impact"": 0.55}, {""feature_key"": ""roll_mean_6h"", ""feature_name"": ""6-Hour Moving Congestion Trend"", ""feature_value"": 26.83, ""shap_value"": 0.44, ""impact"": 0.44}]","[{""feature_key"": ""lag_168"", ""feature_name"": ""Same Time Last Week Congestion"", ""feature_value"": 28.5, ""shap_value"": -20.65, ""impact"": -20.65}, {""feature_key"": ""lag_1"", ""feature_name"": ""Recent Congestion (1h ago)"", ""feature_value"": 36.1, ""shap_value"": -2.28, ""impact"": -2.28}, {""feature_key"": ""hour_cos"", ""feature_name"": ""Time of Day (Diurnal Cycle)"", ""feature_value"": 0.5, ""shap_value"": -0.92, ""impact"": -0.92}, {""feature_key"": ""lag_24"", ""feature_name"": ""Yesterday's Same-Hour Congestion"", ""feature_value"": 39.5, ""shap_value"": -0.77, ""impact"": -0.77}, {""feature_key"": ""lag_foot_24"", ""feature_name"": ""Yesterday's Foot-Traffic"", ""feature_value"": 1324.0, ""shap_value"": -0.67, ""impact"": -0.67}]",60.24
2697,MAA_GUINDY_INTERMODAL,2026-09-24T05:00:00,2026-09-23T20:00:00,9,44.3,MODERATE,25.6,Monsoon Downpour,12,"[{""feature_key"": ""weather_transit_surge"", ""feature_name"": ""Rainfall Transit Inflow Surge"", ""feature_value"": 1.41, ""shap_value"": 3.38, ""impact"": 3.38}, {""feature_key"": ""precip_mm"", ""feature_name"": ""Rainfall Intensity"", ""feature_value"": 9.92, ""shap_value"": 3.02, ""impact"": 3.02}, {""feature_key"": ""weather_tourism_suppression"", ""feature_name"": ""Weather Tourist Dampening Index"", ""feature_value"": 0.99, ""shap_value"": 1.31, ""impact"": 1.31}, {""feature_key"": ""hour_sin"", ""feature_name"": ""Time of Day (Peak Window)"", ""feature_value"": 0.97, ""shap_value"": 1.05, ""impact"": 1.05}, {""feature_key"": ""temp_c"", ""feature_name"": ""Ambient Temperature"", ""feature_value"": 25.6, ""shap_value"": 0.93, ""impact"": 0.93}]","[{""feature_key"": ""lag_168"", ""feature_name"": ""Same Time Last Week Congestion"", ""feature_value"": 25.8, ""shap_value"": -21.96, ""impact"": -21.96}, {""feature_key"": ""lag_24"", ""feature_name"": ""Yesterday's Same-Hour Congestion"", ""feature_value"": 27.7, ""shap_value"": -1.49, ""impact"": -1.49}, {""feature_key"": ""lag_1"", ""feature_name"": ""Recent Congestion (1h ago)"", ""feature_value"": 43.5, ""shap_value"": -1.4, ""impact"": -1.4}, {""feature_key"": ""lag_foot_24"", ""feature_name"": ""Yesterday's Foot-Traffic"", ""feature_value"": 1498.0, ""shap_value"": -1.29, ""impact"": -1.29}, {""feature_key"": ""transit_pressure_ratio"", ""feature_name"": ""Transit Demand-to-Supply Ratio"", ""feature_value"": 5.32, ""shap_value"": -0.5, ""impact"": -0.5}]",60.24
2698,MAA_GUINDY_INTERMODAL,2026-09-24T06:00:00,2026-09-23T20:00:00,10,66.3,HIGH,28.9,Monsoon Downpour,12,"[{""feature_key"": ""weather_transit_surge"", ""feature_name"": ""Rainfall Transit Inflow Surge"", ""feature_value"": 1.41, ""shap_value"": 4.73, ""impact"": 4.73}, {""feature_key"": ""precip_mm"", ""feature_name"": ""Rainfall Intensity"", ""feature_value"": 13.58, ""shap_value"": 2.24, ""impact"": 2.24}, {""feature_key"": ""lag_foot_24"", ""feature_name"": ""Yesterday's Foot-Traffic"", ""feature_value"": 4215.0, ""shap_value"": 2.12, ""impact"": 2.12}, {""feature_key"": ""hour_cos"", ""feature_name"": ""Time of Day (Diurnal Cycle)"", ""feature_value"": 0.0, ""shap_value"": 1.51, ""impact"": 1.51}, {""feature_key"": ""weather_tourism_suppression"", ""feature_name"": ""Weather Tourist Dampening Index"", ""feature_value"": 0.99, ""shap_value"": 1.18, ""impact"": 1.18}]","[{""feature_key"": ""lag_168"", ""feature_name"": ""Same Time Last Week Congestion"", ""feature_value"": 52.0, ""shap_value"": -3.84, ""impact"": -3.84}, {""feature_key"": ""lag_1"", ""feature_name"": ""Recent Congestion (1h ago)"", ""feature_value"": 44.3, ""shap_value"": -2.62, ""impact"": -2.62}, {""feature_key"": ""lag_24"", ""feature_name"": ""Yesterday's Same-Hour Congestion"", ""feature_value"": 47.4, ""shap_value"": -1.69, ""impact"": -1.69}, {""feature_key"": ""scheduled_trips"", ""feature_name"": ""Transit Dispatch Frequency"", ""feature_value"": 12.0, ""shap_value"": -0.63, ""impact"": -0.63}, {""feature_key"": ""transit_pressure_ratio"", ""feature_name"": ""Transit Demand-to-Supply Ratio"", ""feature_value"": 5.38, ""shap_value"": -0.44, ""impact"": -0.44}]",60.24
2699,MAA_GUINDY_INTERMODAL,2026-09-24T07:00:00,2026-09-23T20:00:00,11,93.0,SEVERE,29.8,Monsoon Downpour,12,"[{""feature_key"": ""lag_168"", ""feature_name"": ""Same Time Last Week Congestion"", ""feature_value"": 98.5, ""shap_value"": 22.23, ""impact"": 22.23}, {""feature_key"": ""weather_transit_surge"", ""feature_name"": ""Rainfall Transit Inflow Surge"", ""feature_value"": 1.41, ""shap_value"": 4.31, ""impact"": 4.31}, {""feature_key"": ""lag_foot_24"", ""feature_name"": ""Yesterday's Foot-Traffic"", ""feature_value"": 9519.0, ""shap_value"": 2.21, ""impact"": 2.21}, {""feature_key"": ""hour_cos"", ""feature_name"": ""Time of Day (Diurnal Cycle)"", ""feature_value"": -0.26, ""shap_value"": 1.54, ""impact"": 1.54}, {""feature_key"": ""lag_foot_1"", ""feature_name"": ""Recent Foot-Traffic (1h ago)"", ""feature_value"": 7292.0, ""shap_value"": 0.95, ""impact"": 0.95}]","[{""feature_key"": ""lag_1"", ""feature_name"": ""Recent Congestion (1h ago)"", ""feature_value"": 66.3, ""shap_value"": -1.41, ""impact"": -1.41}, {""feature_key"": ""lag_24"", ""feature_name"": ""Yesterday's Same-Hour Congestion"", ""feature_value"": 76.9, ""shap_value"": -0.45, ""impact"": -0.45}, {""feature_key"": ""scheduled_trips"", ""feature_name"": ""Transit Dispatch Frequency"", ""feature_value"": 12.0, ""shap_value"": -0.4, ""impact"": -0.4}, {""feature_key"": ""transit_pressure_ratio"", ""feature_name"": ""Transit Demand-to-Supply Ratio"", ""feature_value"": 5.45, ""shap_value"": -0.29, ""impact"": -0.29}, {""feature_key"": ""lag_2"", ""feature_name"": ""Short-term Congestion (2h ago)"", ""feature_value"": 44.3, ""shap_value"": -0.16, ""impact"": -0.16}]",60.24
2700,MAA_GUINDY_INTERMODAL,2026-09-24T08:00:00,2026-09-23T20:00:00,12,95.2,SEVERE,31.0,Sunny & Warm,32,"[{""feature_key"": ""lag_168"", ""feature_name"": ""Same Time Last Week Congestion"", ""feature_value"": 98.5, ""shap_value"": 24.47, ""impact"": 24.47}, {""feature_key"": ""lag_1"", ""feature_name"": ""Recent Congestion (1h ago)"", ""feature_value"": 93.0, ""shap_value"": 2.96, ""impact"": 2.96}, {""feature_key"": ""lag_foot_24"", ""feature_name"": ""Yesterday's Foot-Traffic"", ""feature_value"": 11544.0, ""shap_value"": 2.64, ""impact"": 2.64}, {""feature_key"": ""lag_24"", ""feature_name"": ""Yesterday's Same-Hour Congestion"", ""feature_value"": 91.0, ""shap_value"": 1.3, ""impact"": 1.3}, {""feature_key"": ""hour_cos"", ""feature_name"": ""Time of Day (Diurnal Cycle)"", ""feature_value"": -0.5, ""shap_value"": 1.28, ""impact"": 1.28}]","[{""feature_key"": ""hour_sin"", ""feature_name"": ""Time of Day (Peak Window)"", ""feature_value"": 0.87, ""shap_value"": -0.71, ""impact"": -0.71}, {""feature_key"": ""weather_transit_surge"", ""feature_name"": ""Rainfall Transit Inflow Surge"", ""feature_value"": 0.0, ""shap_value"": -0.38, ""impact"": -0.38}, {""feature_key"": ""lag_trips_24"", ""feature_name"": ""Yesterday's Scheduled Transit Trips"", ""feature_value"": 32.0, ""shap_value"": -0.27, ""impact"": -0.27}, {""feature_key"": ""dow_sin"", ""feature_name"": ""Weekly Schedule Cycle"", ""feature_value"": 0.43, ""shap_value"": -0.23, ""impact"": -0.23}, {""feature_key"": ""precip_mm"", ""feature_name"": ""Rainfall Intensity"", ""feature_value"": 0.0, ""shap_value"": -0.13, ""impact"": -0.13}]",60.24
2701,MAA_GUINDY_INTERMODAL,2026-09-24T09:00:00,2026-09-23T20:00:00,13,97.0,SEVERE,31.6,Sunny & Warm,32,"[{""feature_key"": ""lag_168"", ""feature_name"": ""Same Time Last Week Congestion"", ""feature_value"": 98.5, ""shap_value"": 24.77, ""impact"": 24.77}, {""feature_key"": ""lag_1"", ""feature_name"": ""Recent Congestion (1h ago)"", ""feature_value"": 95.2, ""shap_value"": 3.06, ""impact"": 3.06}, {""feature_key"": ""lag_foot_24"", ""feature_name"": ""Yesterday's Foot-Traffic"", ""feature_value"": 13593.0, ""shap_value"": 2.68, ""impact"": 2.68}, {""feature_key"": ""lag_24"", ""feature_name"": ""Yesterday's Same-Hour Congestion"", ""feature_value"": 98.5, ""shap_value"": 2.24, ""impact"": 2.24}, {""feature_key"": ""lag_foot_1"", ""feature_name"": ""Recent Foot-Traffic (1h ago)"", ""feature_value"": 10472.0, ""shap_value"": 1.26, ""impact"": 1.26}]","[{""feature_key"": ""hour_sin"", ""feature_name"": ""Time of Day (Peak Window)"", ""feature_value"": 0.71, ""shap_value"": -0.36, ""impact"": -0.36}, {""feature_key"": ""weather_transit_surge"", ""feature_name"": ""Rainfall Transit Inflow Surge"", ""feature_value"": 0.0, ""shap_value"": -0.34, ""impact"": -0.34}, {""feature_key"": ""lag_trips_24"", ""feature_name"": ""Yesterday's Scheduled Transit Trips"", ""feature_value"": 32.0, ""shap_value"": -0.25, ""impact"": -0.25}, {""feature_key"": ""dow_sin"", ""feature_name"": ""Weekly Schedule Cycle"", ""feature_value"": 0.43, ""shap_value"": -0.23, ""impact"": -0.23}, {""feature_key"": ""roll_mean_24h"", ""feature_name"": ""24-Hour Average Baseline"", ""feature_value"": 66.2, ""shap_value"": -0.14, ""impact"": -0.14}]",60.24
2702,MAA_GUINDY_INTERMODAL,2026-09-24T10:00:00,2026-09-23T20:00:00,14,87.3,SEVERE,34.0,Sunny & Warm,32,"[{""feature_key"": ""lag_168"", ""feature_name"": ""Same Time Last Week Congestion"", ""feature_value"": 98.5, ""shap_value"": 21.85, ""impact"": 21.85}, {""feature_key"": ""lag_1"", ""feature_name"": ""Recent Congestion (1h ago)"", ""feature_value"": 97.0, ""shap_value"": 3.12, ""impact"": 3.12}, {""feature_key"": ""lag_foot_24"", ""feature_name"": ""Yesterday's Foot-Traffic"", ""feature_value"": 11410.0, ""shap_value"": 2.47, ""impact"": 2.47}, {""feature_key"": ""lag_foot_1"", ""feature_name"": ""Recent Foot-Traffic (1h ago)"", ""feature_value"": 10670.0, ""shap_value"": 1.21, ""impact"": 1.21}, {""feature_key"": ""scheduled_trips"", ""feature_name"": ""Transit Dispatch Frequency"", ""feature_value"": 32.0, ""shap_value"": 1.13, ""impact"": 1.13}]","[{""feature_key"": ""hour_cos"", ""feature_name"": ""Time of Day (Diurnal Cycle)"", ""feature_value"": -0.87, ""shap_value"": -2.14, ""impact"": -2.14}, {""feature_key"": ""hour_sin"", ""feature_name"": ""Time of Day (Peak Window)"", ""feature_value"": 0.5, ""shap_value"": -1.1, ""impact"": -1.1}, {""feature_key"": ""weather_transit_surge"", ""feature_name"": ""Rainfall Transit Inflow Surge"", ""feature_value"": 0.0, ""shap_value"": -0.49, ""impact"": -0.49}, {""feature_key"": ""lag_3"", ""feature_name"": ""Short-term Congestion (3h ago)"", ""feature_value"": 93.0, ""shap_value"": -0.45, ""impact"": -0.45}, {""feature_key"": ""dow_sin"", ""feature_name"": ""Weekly Schedule Cycle"", ""feature_value"": 0.43, ""shap_value"": -0.39, ""impact"": -0.39}]",60.24
2703,MAA_GUINDY_INTERMODAL,2026-09-24T11:00:00,2026-09-23T20:00:00,15,76.1,HIGH,33.3,Sunny & Warm,20,"[{""feature_key"": ""lag_168"", ""feature_name"": ""Same Time Last Week Congestion"", ""feature_value"": 94.3, ""shap_value"": 19.51, ""impact"": 19.51}, {""feature_key"": ""lag_1"", ""feature_name"": ""Recent Congestion (1h ago)"", ""feature_value"": 87.3, ""shap_value"": 2.44, ""impact"": 2.44}, {""feature_key"": ""lag_foot_24"", ""feature_name"": ""Yesterday's Foot-Traffic"", ""feature_value"": 8986.0, ""shap_value"": 2.09, ""impact"": 2.09}, {""feature_key"": ""lag_foot_1"", ""feature_name"": ""Recent Foot-Traffic (1h ago)"", ""feature_value"": 9603.0, ""shap_value"": 0.95, ""impact"": 0.95}, {""feature_key"": ""temp_c"", ""feature_name"": ""Ambient Temperature"", ""feature_value"": 33.3, ""shap_value"": 0.37, ""impact"": 0.37}]","[{""feature_key"": ""hour_cos"", ""feature_name"": ""Time of Day (Diurnal Cycle)"", ""feature_value"": -0.97, ""shap_value"": -5.32, ""impact"": -5.32}, {""feature_key"": ""hour_sin"", ""feature_name"": ""Time of Day (Peak Window)"", ""feature_value"": 0.26, ""shap_value"": -1.76, ""impact"": -1.76}, {""feature_key"": ""roll_mean_6h"", ""feature_name"": ""6-Hour Moving Congestion Trend"", ""feature_value"": 80.52, ""shap_value"": -0.73, ""impact"": -0.73}, {""feature_key"": ""dow_sin"", ""feature_name"": ""Weekly Schedule Cycle"", ""feature_value"": 0.43, ""shap_value"": -0.63, ""impact"": -0.63}, {""feature_key"": ""lag_3"", ""feature_name"": ""Short-term Congestion (3h ago)"", ""feature_value"": 95.2, ""shap_value"": -0.63, ""impact"": -0.63}]",60.24
2704,MAA_GUINDY_INTERMODAL,2026-09-24T12:00:00,2026-09-23T20:00:00,16,61.8,HIGH,35.5,Hot Summer Spell,20,"[{""feature_key"": ""lag_168"", ""feature_name"": ""Same Time Last Week Congestion"", ""feature_value"": 67.0, ""shap_value"": 4.34, ""impact"": 4.34}, {""feature_key"": ""lag_foot_24"", ""feature_name"": ""Yesterday's Foot-Traffic"", ""feature_value"": 6506.0, ""shap_value"": 2.26, ""impact"": 2.26}, {""feature_key"": ""lag_1"", ""feature_name"": ""Recent Congestion (1h ago)"", ""feature_value"": 76.1, ""shap_value"": 0.81, ""impact"": 0.81}, {""feature_key"": ""lag_foot_1"", ""feature_name"": ""Recent Foot-Traffic (1h ago)"", ""feature_value"": 8370.0, ""shap_value"": 0.81, ""impact"": 0.81}, {""feature_key"": ""temp_c"", ""feature_name"": ""Ambient Temperature"", ""feature_value"": 35.5, ""shap_value"": 0.74, ""impact"": 0.74}]","[{""feature_key"": ""hour_cos"", ""feature_name"": ""Time of Day (Diurnal Cycle)"", ""feature_value"": -1.0, ""shap_value"": -2.14, ""impact"": -2.14}, {""feature_key"": ""hour_sin"", ""feature_name"": ""Time of Day (Peak Window)"", ""feature_value"": 0.0, ""shap_value"": -1.82, ""impact"": -1.82}, {""feature_key"": ""lag_3"", ""feature_name"": ""Short-term Congestion (3h ago)"", ""feature_value"": 97.0, ""shap_value"": -1.13, ""impact"": -1.13}, {""feature_key"": ""lag_24"", ""feature_name"": ""Yesterday's Same-Hour Congestion"", ""feature_value"": 60.7, ""shap_value"": -1.07, ""impact"": -1.07}, {""feature_key"": ""roll_mean_6h"", ""feature_name"": ""6-Hour Moving Congestion Trend"", ""feature_value"": 85.82, ""shap_value"": -0.76, ""impact"": -0.76}]",60.24
2705,MAA_GUINDY_INTERMODAL,2026-09-24T13:00:00,2026-09-23T20:00:00,17,61.3,HIGH,34.2,Sunny & Warm,20,"[{""feature_key"": ""lag_168"", ""feature_name"": ""Same Time Last Week Congestion"", ""feature_value"": 66.5, ""shap_value"": 5.63, ""impact"": 5.63}, {""feature_key"": ""lag_foot_24"", ""feature_name"": ""Yesterday's Foot-Traffic"", ""feature_value"": 6499.0, ""shap_value"": 2.19, ""impact"": 2.19}, {""feature_key"": ""lag_foot_1"", ""feature_name"": ""Recent Foot-Traffic (1h ago)"", ""feature_value"": 6798.0, ""shap_value"": 0.86, ""impact"": 0.86}, {""feature_key"": ""temp_c"", ""feature_name"": ""Ambient Temperature"", ""feature_value"": 34.2, ""shap_value"": 0.55, ""impact"": 0.55}, {""feature_key"": ""lag_trips_1"", ""feature_name"": ""Recent Transit Trips Count"", ""feature_value"": 20.0, ""shap_value"": 0.42, ""impact"": 0.42}]","[{""feature_key"": ""hour_sin"", ""feature_name"": ""Time of Day (Peak Window)"", ""feature_value"": -0.26, ""shap_value"": -1.91, ""impact"": -1.91}, {""feature_key"": ""lag_1"", ""feature_name"": ""Recent Congestion (1h ago)"", ""feature_value"": 61.8, ""shap_value"": -1.6, ""impact"": -1.6}, {""feature_key"": ""hour_cos"", ""feature_name"": ""Time of Day (Diurnal Cycle)"", ""feature_value"": -0.97, ""shap_value"": -1.51, ""impact"": -1.51}, {""feature_key"": ""lag_24"", ""feature_name"": ""Yesterday's Same-Hour Congestion"", ""feature_value"": 57.7, ""shap_value"": -1.38, ""impact"": -1.38}, {""feature_key"": ""lag_3"", ""feature_name"": ""Short-term Congestion (3h ago)"", ""feature_value"": 87.3, ""shap_value"": -0.93, ""impact"": -0.93}]",60.24
2706,MAA_GUINDY_INTERMODAL,2026-09-24T14:00:00,2026-09-23T20:00:00,18,70.4,HIGH,35.2,Coastal Sea Breeze,20,"[{""feature_key"": ""lag_168"", ""feature_name"": ""Same Time Last Week Congestion"", ""feature_value"": 69.1, ""shap_value"": 8.76, ""impact"": 8.76}, {""feature_key"": ""lag_foot_24"", ""feature_name"": ""Yesterday's Foot-Traffic"", ""feature_value"": 5746.0, ""shap_value"": 2.31, ""impact"": 2.31}, {""feature_key"": ""temp_c"", ""feature_name"": ""Ambient Temperature"", ""feature_value"": 35.2, ""shap_value"": 1.25, ""impact"": 1.25}, {""feature_key"": ""lag_foot_1"", ""feature_name"": ""Recent Foot-Traffic (1h ago)"", ""feature_value"": 6743.0, ""shap_value"": 0.92, ""impact"": 0.92}, {""feature_key"": ""feels_like_c"", ""feature_name"": ""Apparent Feels-Like Temperature"", ""feature_value"": 34.0, ""shap_value"": 0.43, ""impact"": 0.43}]","[{""feature_key"": ""lag_1"", ""feature_name"": ""Recent Congestion (1h ago)"", ""feature_value"": 61.3, ""shap_value"": -1.58, ""impact"": -1.58}, {""feature_key"": ""hour_sin"", ""feature_name"": ""Time of Day (Peak Window)"", ""feature_value"": -0.5, ""shap_value"": -0.95, ""impact"": -0.95}, {""feature_key"": ""roll_mean_6h"", ""feature_name"": ""6-Hour Moving Congestion Trend"", ""feature_value"": 79.78, ""shap_value"": -0.66, ""impact"": -0.66}, {""feature_key"": ""hour_cos"", ""feature_name"": ""Time of Day (Diurnal Cycle)"", ""feature_value"": -0.87, ""shap_value"": -0.61, ""impact"": -0.61}, {""feature_key"": ""dow_sin"", ""feature_name"": ""Weekly Schedule Cycle"", ""feature_value"": 0.43, ""shap_value"": -0.59, ""impact"": -0.59}]",60.24
2707,MAA_GUINDY_INTERMODAL,2026-09-24T15:00:00,2026-09-23T20:00:00,19,79.6,HIGH,33.7,Coastal Sea Breeze,20,"[{""feature_key"": ""lag_168"", ""feature_name"": ""Same Time Last Week Congestion"", ""feature_value"": 77.2, ""shap_value"": 13.17, ""impact"": 13.17}, {""feature_key"": ""lag_foot_24"", ""feature_name"": ""Yesterday's Foot-Traffic"", ""feature_value"": 7003.0, ""shap_value"": 2.47, ""impact"": 2.47}, {""feature_key"": ""temp_c"", ""feature_name"": ""Ambient Temperature"", ""feature_value"": 33.7, ""shap_value"": 1.12, ""impact"": 1.12}, {""feature_key"": ""lag_1"", ""feature_name"": ""Recent Congestion (1h ago)"", ""feature_value"": 70.4, ""shap_value"": 0.99, ""impact"": 0.99}, {""feature_key"": ""lag_foot_1"", ""feature_name"": ""Recent Foot-Traffic (1h ago)"", ""feature_value"": 7744.0, ""shap_value"": 0.96, ""impact"": 0.96}]","[{""feature_key"": ""hour_sin"", ""feature_name"": ""Time of Day (Peak Window)"", ""feature_value"": -0.71, ""shap_value"": -0.57, ""impact"": -0.57}, {""feature_key"": ""dow_sin"", ""feature_name"": ""Weekly Schedule Cycle"", ""feature_value"": 0.43, ""shap_value"": -0.56, ""impact"": -0.56}, {""feature_key"": ""weather_transit_surge"", ""feature_name"": ""Rainfall Transit Inflow Surge"", ""feature_value"": 0.0, ""shap_value"": -0.46, ""impact"": -0.46}, {""feature_key"": ""lag_trips_24"", ""feature_name"": ""Yesterday's Scheduled Transit Trips"", ""feature_value"": 20.0, ""shap_value"": -0.27, ""impact"": -0.27}, {""feature_key"": ""roll_mean_6h"", ""feature_name"": ""6-Hour Moving Congestion Trend"", ""feature_value"": 75.65, ""shap_value"": -0.2, ""impact"": -0.2}]",60.24
2708,MAA_GUINDY_INTERMODAL,2026-09-24T16:00:00,2026-09-23T20:00:00,20,92.2,SEVERE,33.9,Coastal Sea Breeze,20,"[{""feature_key"": ""lag_168"", ""feature_name"": ""Same Time Last Week Congestion"", ""feature_value"": 92.2, ""shap_value"": 21.63, ""impact"": 21.63}, {""feature_key"": ""lag_foot_24"", ""feature_name"": ""Yesterday's Foot-Traffic"", ""feature_value"": 9827.0, ""shap_value"": 2.52, ""impact"": 2.52}, {""feature_key"": ""hour_sin"", ""feature_name"": ""Time of Day (Peak Window)"", ""feature_value"": -0.87, ""shap_value"": 2.01, ""impact"": 2.01}, {""feature_key"": ""lag_24"", ""feature_name"": ""Yesterday's Same-Hour Congestion"", ""feature_value"": 88.8, ""shap_value"": 1.91, ""impact"": 1.91}, {""feature_key"": ""hour_cos"", ""feature_name"": ""Time of Day (Diurnal Cycle)"", ""feature_value"": -0.5, ""shap_value"": 1.43, ""impact"": 1.43}]","[{""feature_key"": ""dow_sin"", ""feature_name"": ""Weekly Schedule Cycle"", ""feature_value"": 0.43, ""shap_value"": -0.46, ""impact"": -0.46}, {""feature_key"": ""weather_transit_surge"", ""feature_name"": ""Rainfall Transit Inflow Surge"", ""feature_value"": 0.0, ""shap_value"": -0.36, ""impact"": -0.36}, {""feature_key"": ""tourist_weight"", ""feature_name"": ""Tourist Landmark Dominance"", ""feature_value"": 0.55, ""shap_value"": -0.29, ""impact"": -0.29}, {""feature_key"": ""lag_trips_24"", ""feature_name"": ""Yesterday's Scheduled Transit Trips"", ""feature_value"": 20.0, ""shap_value"": -0.23, ""impact"": -0.23}, {""feature_key"": ""roll_mean_24h"", ""feature_name"": ""24-Hour Average Baseline"", ""feature_value"": 66.31, ""shap_value"": -0.12, ""impact"": -0.12}]",60.24
2709,MAA_GUINDY_INTERMODAL,2026-09-24T17:00:00,2026-09-23T20:00:00,21,98.2,SEVERE,33.4,Coastal Sea Breeze,32,"[{""feature_key"": ""lag_168"", ""feature_name"": ""Same Time Last Week Congestion"", ""feature_value"": 98.5, ""shap_value"": 24.38, ""impact"": 24.38}, {""feature_key"": ""lag_foot_24"", ""feature_name"": ""Yesterday's Foot-Traffic"", ""feature_value"": 15225.0, ""shap_value"": 2.81, ""impact"": 2.81}, {""feature_key"": ""lag_24"", ""feature_name"": ""Yesterday's Same-Hour Congestion"", ""feature_value"": 98.5, ""shap_value"": 2.31, ""impact"": 2.31}, {""feature_key"": ""hour_sin"", ""feature_name"": ""Time of Day (Peak Window)"", ""feature_value"": -0.97, ""shap_value"": 2.14, ""impact"": 2.14}, {""feature_key"": ""lag_1"", ""feature_name"": ""Recent Congestion (1h ago)"", ""feature_value"": 92.2, ""shap_value"": 2.1, ""impact"": 2.1}]","[{""feature_key"": ""dow_sin"", ""feature_name"": ""Weekly Schedule Cycle"", ""feature_value"": 0.43, ""shap_value"": -0.3, ""impact"": -0.3}, {""feature_key"": ""lag_trips_24"", ""feature_name"": ""Yesterday's Scheduled Transit Trips"", ""feature_value"": 32.0, ""shap_value"": -0.21, ""impact"": -0.21}, {""feature_key"": ""weather_transit_surge"", ""feature_name"": ""Rainfall Transit Inflow Surge"", ""feature_value"": 0.0, ""shap_value"": -0.21, ""impact"": -0.21}, {""feature_key"": ""tourist_weight"", ""feature_name"": ""Tourist Landmark Dominance"", ""feature_value"": 0.55, ""shap_value"": -0.11, ""impact"": -0.11}, {""feature_key"": ""roll_mean_24h"", ""feature_name"": ""24-Hour Average Baseline"", ""feature_value"": 66.45, ""shap_value"": -0.11, ""impact"": -0.11}]",60.24
2710,MAA_GUINDY_INTERMODAL,2026-09-24T18:00:00,2026-09-23T20:00:00,22,98.0,SEVERE,33.0,Sunny & Warm,32,"[{""feature_key"": ""lag_168"", ""feature_name"": ""Same Time Last Week Congestion"", ""feature_value"": 98.5, ""shap_value"": 24.38, ""impact"": 24.38}, {""feature_key"": ""lag_foot_24"", ""feature_name"": ""Yesterday's Foot-Traffic"", ""feature_value"": 15979.0, ""shap_value"": 2.72, ""impact"": 2.72}, {""feature_key"": ""lag_1"", ""feature_name"": ""Recent Congestion (1h ago)"", ""feature_value"": 98.2, ""shap_value"": 2.35, ""impact"": 2.35}, {""feature_key"": ""lag_24"", ""feature_name"": ""Yesterday's Same-Hour Congestion"", ""feature_value"": 98.5, ""shap_value"": 2.35, ""impact"": 2.35}, {""feature_key"": ""hour_sin"", ""feature_name"": ""Time of Day (Peak Window)"", ""feature_value"": -1.0, ""shap_value"": 2.17, ""impact"": 2.17}]","[{""feature_key"": ""dow_sin"", ""feature_name"": ""Weekly Schedule Cycle"", ""feature_value"": 0.43, ""shap_value"": -0.25, ""impact"": -0.25}, {""feature_key"": ""weather_transit_surge"", ""feature_name"": ""Rainfall Transit Inflow Surge"", ""feature_value"": 0.0, ""shap_value"": -0.23, ""impact"": -0.23}, {""feature_key"": ""lag_trips_24"", ""feature_name"": ""Yesterday's Scheduled Transit Trips"", ""feature_value"": 32.0, ""shap_value"": -0.21, ""impact"": -0.21}, {""feature_key"": ""tourist_weight"", ""feature_name"": ""Tourist Landmark Dominance"", ""feature_value"": 0.55, ""shap_value"": -0.12, ""impact"": -0.12}, {""feature_key"": ""roll_mean_24h"", ""feature_name"": ""24-Hour Average Baseline"", ""feature_value"": 66.44, ""shap_value"": -0.11, ""impact"": -0.11}]",60.24
2711,MAA_GUINDY_INTERMODAL,2026-09-24T19:00:00,2026-09-23T20:00:00,23,97.7,SEVERE,31.6,Sunny & Warm,32,"[{""feature_key"": ""lag_168"", ""feature_name"": ""Same Time Last Week Congestion"", ""feature_value"": 98.5, ""shap_value"": 24.23, ""impact"": 24.23}, {""feature_key"": ""lag_1"", ""feature_name"": ""Recent Congestion (1h ago)"", ""feature_value"": 98.0, ""shap_value"": 2.75, ""impact"": 2.75}, {""feature_key"": ""lag_foot_24"", ""feature_name"": ""Yesterday's Foot-Traffic"", ""feature_value"": 17338.0, ""shap_value"": 2.7, ""impact"": 2.7}, {""feature_key"": ""lag_24"", ""feature_name"": ""Yesterday's Same-Hour Congestion"", ""feature_value"": 98.5, ""shap_value"": 2.4, ""impact"": 2.4}, {""feature_key"": ""hour_sin"", ""feature_name"": ""Time of Day (Peak Window)"", ""feature_value"": -0.97, ""shap_value"": 2.09, ""impact"": 2.09}]","[{""feature_key"": ""lag_3"", ""feature_name"": ""Short-term Congestion (3h ago)"", ""feature_value"": 92.2, ""shap_value"": -0.32, ""impact"": -0.32}, {""feature_key"": ""dow_sin"", ""feature_name"": ""Weekly Schedule Cycle"", ""feature_value"": 0.43, ""shap_value"": -0.29, ""impact"": -0.29}, {""feature_key"": ""weather_transit_surge"", ""feature_name"": ""Rainfall Transit Inflow Surge"", ""feature_value"": 0.0, ""shap_value"": -0.23, ""impact"": -0.23}, {""feature_key"": ""lag_trips_24"", ""feature_name"": ""Yesterday's Scheduled Transit Trips"", ""feature_value"": 32.0, ""shap_value"": -0.22, ""impact"": -0.22}, {""feature_key"": ""roll_mean_6h"", ""feature_name"": ""6-Hour Moving Congestion Trend"", ""feature_value"": 83.28, ""shap_value"": -0.2, ""impact"": -0.2}]",60.24
2712,MAA_GUINDY_INTERMODAL,2026-09-24T20:00:00,2026-09-23T20:00:00,24,94.8,SEVERE,31.2,Sunny & Warm,32,"[{""feature_key"": ""lag_168"", ""feature_name"": ""Same Time Last Week Congestion"", ""feature_value"": 94.9, ""shap_value"": 22.69, ""impact"": 22.69}, {""feature_key"": ""lag_foot_24"", ""feature_name"": ""Yesterday's Foot-Traffic"", ""feature_value"": 18088.0, ""shap_value"": 2.83, ""impact"": 2.83}, {""feature_key"": ""lag_1"", ""feature_name"": ""Recent Congestion (1h ago)"", ""feature_value"": 97.7, ""shap_value"": 2.6, ""impact"": 2.6}, {""feature_key"": ""lag_24"", ""feature_name"": ""Yesterday's Same-Hour Congestion"", ""feature_value"": 98.5, ""shap_value"": 2.5, ""impact"": 2.5}, {""feature_key"": ""hour_sin"", ""feature_name"": ""Time of Day (Peak Window)"", ""feature_value"": -0.87, ""shap_value"": 1.5, ""impact"": 1.5}]","[{""feature_key"": ""lag_3"", ""feature_name"": ""Short-term Congestion (3h ago)"", ""feature_value"": 98.2, ""shap_value"": -0.41, ""impact"": -0.41}, {""feature_key"": ""dow_sin"", ""feature_name"": ""Weekly Schedule Cycle"", ""feature_value"": 0.43, ""shap_value"": -0.38, ""impact"": -0.38}, {""feature_key"": ""roll_mean_6h"", ""feature_name"": ""6-Hour Moving Congestion Trend"", ""feature_value"": 89.35, ""shap_value"": -0.29, ""impact"": -0.29}, {""feature_key"": ""weather_transit_surge"", ""feature_name"": ""Rainfall Transit Inflow Surge"", ""feature_value"": 0.0, ""shap_value"": -0.29, ""impact"": -0.29}, {""feature_key"": ""tourist_weight"", ""feature_name"": ""Tourist Landmark Dominance"", ""feature_value"": 0.55, ""shap_value"": -0.27, ""impact"": -0.27}]",60.24
2713,MAA_GUINDY_INTERMODAL,2026-09-24T21:00:00,2026-09-23T20:00:00,25,68.9,HIGH,27.7,Sunny & Warm,12,"[{""feature_key"": ""lag_168"", ""feature_name"": ""Same Time Last Week Congestion"", ""feature_value"": 68.9, ""shap_value"": 7.42, ""impact"": 7.42}, {""feature_key"": ""lag_1"", ""feature_name"": ""Recent Congestion (1h ago)"", ""feature_value"": 94.8, ""shap_value"": 3.57, ""impact"": 3.57}, {""feature_key"": ""lag_foot_24"", ""feature_name"": ""Yesterday's Foot-Traffic"", ""feature_value"": 7909.0, ""shap_value"": 2.21, ""impact"": 2.21}, {""feature_key"": ""temp_c"", ""feature_name"": ""Ambient Temperature"", ""feature_value"": 27.7, ""shap_value"": 1.42, ""impact"": 1.42}, {""feature_key"": ""lag_foot_1"", ""feature_name"": ""Recent Foot-Traffic (1h ago)"", ""feature_value"": 10428.0, ""shap_value"": 1.07, ""impact"": 1.07}]","[{""feature_key"": ""hour_cos"", ""feature_name"": ""Time of Day (Diurnal Cycle)"", ""feature_value"": 0.71, ""shap_value"": -1.39, ""impact"": -1.39}, {""feature_key"": ""lag_3"", ""feature_name"": ""Short-term Congestion (3h ago)"", ""feature_value"": 98.0, ""shap_value"": -1.0, ""impact"": -1.0}, {""feature_key"": ""transit_pressure_ratio"", ""feature_name"": ""Transit Demand-to-Supply Ratio"", ""feature_value"": 5.52, ""shap_value"": -0.94, ""impact"": -0.94}, {""feature_key"": ""scheduled_trips"", ""feature_name"": ""Transit Dispatch Frequency"", ""feature_value"": 12.0, ""shap_value"": -0.91, ""impact"": -0.91}, {""feature_key"": ""dow_sin"", ""feature_name"": ""Weekly Schedule Cycle"", ""feature_value"": 0.43, ""shap_value"": -0.82, ""impact"": -0.82}]",60.24
2714,MAA_GUINDY_INTERMODAL,2026-09-24T22:00:00,2026-09-23T20:00:00,26,45.1,MODERATE,27.6,Sunny & Warm,12,"[{""feature_key"": ""lag_foot_24"", ""feature_name"": ""Yesterday's Foot-Traffic"", ""feature_value"": 4521.0, ""shap_value"": 2.53, ""impact"": 2.53}, {""feature_key"": ""lag_1"", ""feature_name"": ""Recent Congestion (1h ago)"", ""feature_value"": 68.9, ""shap_value"": 1.02, ""impact"": 1.02}, {""feature_key"": ""temp_c"", ""feature_name"": ""Ambient Temperature"", ""feature_value"": 27.6, ""shap_value"": 0.92, ""impact"": 0.92}, {""feature_key"": ""lag_foot_1"", ""feature_name"": ""Recent Foot-Traffic (1h ago)"", ""feature_value"": 7579.0, ""shap_value"": 0.73, ""impact"": 0.73}, {""feature_key"": ""transit_weight"", ""feature_name"": ""Transit Commuter Dominance"", ""feature_value"": 0.88, ""shap_value"": 0.11, ""impact"": 0.11}]","[{""feature_key"": ""lag_168"", ""feature_name"": ""Same Time Last Week Congestion"", ""feature_value"": 41.7, ""shap_value"": -10.33, ""impact"": -10.33}, {""feature_key"": ""hour_cos"", ""feature_name"": ""Time of Day (Diurnal Cycle)"", ""feature_value"": 0.87, ""shap_value"": -2.56, ""impact"": -2.56}, {""feature_key"": ""lag_24"", ""feature_name"": ""Yesterday's Same-Hour Congestion"", ""feature_value"": 41.1, ""shap_value"": -1.33, ""impact"": -1.33}, {""feature_key"": ""hour_sin"", ""feature_name"": ""Time of Day (Peak Window)"", ""feature_value"": -0.5, ""shap_value"": -1.15, ""impact"": -1.15}, {""feature_key"": ""lag_3"", ""feature_name"": ""Short-term Congestion (3h ago)"", ""feature_value"": 97.7, ""shap_value"": -0.98, ""impact"": -0.98}]",60.24
2715,MAA_GUINDY_INTERMODAL,2026-09-24T23:00:00,2026-09-23T20:00:00,27,20.4,LOW,28.6,Sunny & Warm,12,"[{""feature_key"": ""lag_foot_1"", ""feature_name"": ""Recent Foot-Traffic (1h ago)"", ""feature_value"": 4961.0, ""shap_value"": 0.9, ""impact"": 0.9}, {""feature_key"": ""temp_c"", ""feature_name"": ""Ambient Temperature"", ""feature_value"": 28.6, ""shap_value"": 0.59, ""impact"": 0.59}, {""feature_key"": ""transit_weight"", ""feature_name"": ""Transit Commuter Dominance"", ""feature_value"": 0.88, ""shap_value"": 0.12, ""impact"": 0.12}, {""feature_key"": ""dow_cos"", ""feature_name"": ""Day of Week Alignment"", ""feature_value"": -0.9, ""shap_value"": 0.1, ""impact"": 0.1}, {""feature_key"": ""feels_like_c"", ""feature_name"": ""Apparent Feels-Like Temperature"", ""feature_value"": 29.7, ""shap_value"": 0.01, ""impact"": 0.01}]","[{""feature_key"": ""lag_168"", ""feature_name"": ""Same Time Last Week Congestion"", ""feature_value"": 17.6, ""shap_value"": -29.25, ""impact"": -29.25}, {""feature_key"": ""hour_cos"", ""feature_name"": ""Time of Day (Diurnal Cycle)"", ""feature_value"": 0.97, ""shap_value"": -2.6, ""impact"": -2.6}, {""feature_key"": ""lag_24"", ""feature_name"": ""Yesterday's Same-Hour Congestion"", ""feature_value"": 20.5, ""shap_value"": -2.05, ""impact"": -2.05}, {""feature_key"": ""lag_1"", ""feature_name"": ""Recent Congestion (1h ago)"", ""feature_value"": 45.1, ""shap_value"": -1.97, ""impact"": -1.97}, {""feature_key"": ""hour_sin"", ""feature_name"": ""Time of Day (Peak Window)"", ""feature_value"": -0.26, ""shap_value"": -1.17, ""impact"": -1.17}]",60.24
2716,MAA_GUINDY_INTERMODAL,2026-09-25T00:00:00,2026-09-23T20:00:00,28,20.1,LOW,27.0,Humid / Overcast,8,"[{""feature_key"": ""lag_trips_24"", ""feature_name"": ""Yesterday's Scheduled Transit Trips"", ""feature_value"": 8.0, ""shap_value"": 0.22, ""impact"": 0.22}, {""feature_key"": ""dow_cos"", ""feature_name"": ""Day of Week Alignment"", ""feature_value"": -0.9, ""shap_value"": 0.09, ""impact"": 0.09}, {""feature_key"": ""capacity_baseline"", ""feature_name"": ""Station Theoretical Capacity"", ""feature_value"": 11000.0, ""shap_value"": 0.09, ""impact"": 0.09}, {""feature_key"": ""transit_weight"", ""feature_name"": ""Transit Commuter Dominance"", ""feature_value"": 0.88, ""shap_value"": 0.09, ""impact"": 0.09}, {""feature_key"": ""temp_c"", ""feature_name"": ""Ambient Temperature"", ""feature_value"": 27.0, ""shap_value"": 0.06, ""impact"": 0.06}]","[{""feature_key"": ""lag_168"", ""feature_name"": ""Same Time Last Week Congestion"", ""feature_value"": 17.9, ""shap_value"": -28.8, ""impact"": -28.8}, {""feature_key"": ""lag_1"", ""feature_name"": ""Recent Congestion (1h ago)"", ""feature_value"": 20.4, ""shap_value"": -2.79, ""impact"": -2.79}, {""feature_key"": ""hour_cos"", ""feature_name"": ""Time of Day (Diurnal Cycle)"", ""feature_value"": 1.0, ""shap_value"": -2.29, ""impact"": -2.29}, {""feature_key"": ""lag_24"", ""feature_name"": ""Yesterday's Same-Hour Congestion"", ""feature_value"": 18.5, ""shap_value"": -2.02, ""impact"": -2.02}, {""feature_key"": ""lag_foot_1"", ""feature_name"": ""Recent Foot-Traffic (1h ago)"", ""feature_value"": 2244.0, ""shap_value"": -0.96, ""impact"": -0.96}]",60.24
2717,MAA_GUINDY_INTERMODAL,2026-09-25T01:00:00,2026-09-23T20:00:00,29,22.2,LOW,25.2,Humid / Overcast,8,"[{""feature_key"": ""lag_3"", ""feature_name"": ""Short-term Congestion (3h ago)"", ""feature_value"": 45.1, ""shap_value"": 0.27, ""impact"": 0.27}, {""feature_key"": ""lag_trips_24"", ""feature_name"": ""Yesterday's Scheduled Transit Trips"", ""feature_value"": 8.0, ""shap_value"": 0.26, ""impact"": 0.26}, {""feature_key"": ""temp_c"", ""feature_name"": ""Ambient Temperature"", ""feature_value"": 25.2, ""shap_value"": 0.14, ""impact"": 0.14}, {""feature_key"": ""transit_weight"", ""feature_name"": ""Transit Commuter Dominance"", ""feature_value"": 0.88, ""shap_value"": 0.12, ""impact"": 0.12}, {""feature_key"": ""roll_mean_6h"", ""feature_name"": ""6-Hour Moving Congestion Trend"", ""feature_value"": 57.83, ""shap_value"": 0.12, ""impact"": 0.12}]","[{""feature_key"": ""lag_168"", ""feature_name"": ""Same Time Last Week Congestion"", ""feature_value"": 21.0, ""shap_value"": -26.96, ""impact"": -26.96}, {""feature_key"": ""lag_1"", ""feature_name"": ""Recent Congestion (1h ago)"", ""feature_value"": 20.1, ""shap_value"": -2.9, ""impact"": -2.9}, {""feature_key"": ""hour_cos"", ""feature_name"": ""Time of Day (Diurnal Cycle)"", ""feature_value"": 0.97, ""shap_value"": -2.21, ""impact"": -2.21}, {""feature_key"": ""lag_24"", ""feature_name"": ""Yesterday's Same-Hour Congestion"", ""feature_value"": 21.4, ""shap_value"": -1.9, ""impact"": -1.9}, {""feature_key"": ""lag_foot_1"", ""feature_name"": ""Recent Foot-Traffic (1h ago)"", ""feature_value"": 2211.0, ""shap_value"": -1.3, ""impact"": -1.3}]",60.24
2718,MAA_GUINDY_INTERMODAL,2026-09-25T02:00:00,2026-09-23T20:00:00,30,28.4,LOW,25.6,Humid / Overcast,8,"[{""feature_key"": ""lag_foot_24"", ""feature_name"": ""Yesterday's Foot-Traffic"", ""feature_value"": 2574.0, ""shap_value"": 0.6, ""impact"": 0.6}, {""feature_key"": ""lag_trips_24"", ""feature_name"": ""Yesterday's Scheduled Transit Trips"", ""feature_value"": 8.0, ""shap_value"": 0.28, ""impact"": 0.28}, {""feature_key"": ""lag_3"", ""feature_name"": ""Short-term Congestion (3h ago)"", ""feature_value"": 20.4, ""shap_value"": 0.21, ""impact"": 0.21}, {""feature_key"": ""roll_mean_6h"", ""feature_name"": ""6-Hour Moving Congestion Trend"", ""feature_value"": 45.25, ""shap_value"": 0.16, ""impact"": 0.16}, {""feature_key"": ""temp_c"", ""feature_name"": ""Ambient Temperature"", ""feature_value"": 25.6, ""shap_value"": 0.05, ""impact"": 0.05}]","[{""feature_key"": ""lag_168"", ""feature_name"": ""Same Time Last Week Congestion"", ""feature_value"": 34.2, ""shap_value"": -19.74, ""impact"": -19.74}, {""feature_key"": ""lag_1"", ""feature_name"": ""Recent Congestion (1h ago)"", ""feature_value"": 22.2, ""shap_value"": -3.24, ""impact"": -3.24}, {""feature_key"": ""lag_24"", ""feature_name"": ""Yesterday's Same-Hour Congestion"", ""feature_value"": 23.4, ""shap_value"": -2.49, ""impact"": -2.49}, {""feature_key"": ""hour_cos"", ""feature_name"": ""Time of Day (Diurnal Cycle)"", ""feature_value"": 0.87, ""shap_value"": -2.3, ""impact"": -2.3}, {""feature_key"": ""lag_foot_1"", ""feature_name"": ""Recent Foot-Traffic (1h ago)"", ""feature_value"": 2442.0, ""shap_value"": -1.14, ""impact"": -1.14}]",60.24
2719,MAA_GUINDY_INTERMODAL,2026-09-25T03:00:00,2026-09-23T20:00:00,31,35.4,MODERATE,24.9,Humid / Overcast,8,"[{""feature_key"": ""lag_foot_24"", ""feature_name"": ""Yesterday's Foot-Traffic"", ""feature_value"": 3971.0, ""shap_value"": 1.5, ""impact"": 1.5}, {""feature_key"": ""lag_trips_24"", ""feature_name"": ""Yesterday's Scheduled Transit Trips"", ""feature_value"": 8.0, ""shap_value"": 0.31, ""impact"": 0.31}, {""feature_key"": ""roll_mean_6h"", ""feature_name"": ""6-Hour Moving Congestion Trend"", ""feature_value"": 34.18, ""shap_value"": 0.27, ""impact"": 0.27}, {""feature_key"": ""temp_c"", ""feature_name"": ""Ambient Temperature"", ""feature_value"": 24.9, ""shap_value"": 0.18, ""impact"": 0.18}, {""feature_key"": ""lag_3"", ""feature_name"": ""Short-term Congestion (3h ago)"", ""feature_value"": 20.1, ""shap_value"": 0.18, ""impact"": 0.18}]","[{""feature_key"": ""lag_168"", ""feature_name"": ""Same Time Last Week Congestion"", ""feature_value"": 35.2, ""shap_value"": -15.66, ""impact"": -15.66}, {""feature_key"": ""lag_1"", ""feature_name"": ""Recent Congestion (1h ago)"", ""feature_value"": 28.4, ""shap_value"": -3.21, ""impact"": -3.21}, {""feature_key"": ""hour_cos"", ""feature_name"": ""Time of Day (Diurnal Cycle)"", ""feature_value"": 0.71, ""shap_value"": -1.97, ""impact"": -1.97}, {""feature_key"": ""lag_24"", ""feature_name"": ""Yesterday's Same-Hour Congestion"", ""feature_value"": 36.1, ""shap_value"": -1.07, ""impact"": -1.07}, {""feature_key"": ""lag_foot_1"", ""feature_name"": ""Recent Foot-Traffic (1h ago)"", ""feature_value"": 3123.0, ""shap_value"": -1.04, ""impact"": -1.04}]",60.24
2720,MAA_GUINDY_INTERMODAL,2026-09-25T04:00:00,2026-09-23T20:00:00,32,42.4,MODERATE,26.4,Sunny & Warm,8,"[{""feature_key"": ""lag_foot_24"", ""feature_name"": ""Yesterday's Foot-Traffic"", ""feature_value"": 4785.0, ""shap_value"": 3.07, ""impact"": 3.07}, {""feature_key"": ""temp_c"", ""feature_name"": ""Ambient Temperature"", ""feature_value"": 26.4, ""shap_value"": 0.5, ""impact"": 0.5}, {""feature_key"": ""lag_3"", ""feature_name"": ""Short-term Congestion (3h ago)"", ""feature_value"": 22.2, ""shap_value"": 0.35, ""impact"": 0.35}, {""feature_key"": ""lag_trips_24"", ""feature_name"": ""Yesterday's Scheduled Transit Trips"", ""feature_value"": 8.0, ""shap_value"": 0.35, ""impact"": 0.35}, {""feature_key"": ""roll_mean_6h"", ""feature_name"": ""6-Hour Moving Congestion Trend"", ""feature_value"": 28.6, ""shap_value"": 0.31, ""impact"": 0.31}]","[{""feature_key"": ""lag_168"", ""feature_name"": ""Same Time Last Week Congestion"", ""feature_value"": 38.9, ""shap_value"": -10.63, ""impact"": -10.63}, {""feature_key"": ""lag_1"", ""feature_name"": ""Recent Congestion (1h ago)"", ""feature_value"": 35.4, ""shap_value"": -3.85, ""impact"": -3.85}, {""feature_key"": ""hour_cos"", ""feature_name"": ""Time of Day (Diurnal Cycle)"", ""feature_value"": 0.5, ""shap_value"": -1.53, ""impact"": -1.53}, {""feature_key"": ""lag_24"", ""feature_name"": ""Yesterday's Same-Hour Congestion"", ""feature_value"": 43.5, ""shap_value"": -1.43, ""impact"": -1.43}, {""feature_key"": ""hour_sin"", ""feature_name"": ""Time of Day (Peak Window)"", ""feature_value"": 0.87, ""shap_value"": -0.78, ""impact"": -0.78}]",60.24
2721,MAA_GUINDY_INTERMODAL,2026-09-25T05:00:00,2026-09-23T20:00:00,33,61.2,HIGH,27.4,Monsoon Downpour,12,"[{""feature_key"": ""precip_mm"", ""feature_name"": ""Rainfall Intensity"", ""feature_value"": 7.81, ""shap_value"": 4.01, ""impact"": 4.01}, {""feature_key"": ""lag_foot_24"", ""feature_name"": ""Yesterday's Foot-Traffic"", ""feature_value"": 4872.0, ""shap_value"": 3.76, ""impact"": 3.76}, {""feature_key"": ""weather_transit_surge"", ""feature_name"": ""Rainfall Transit Inflow Surge"", ""feature_value"": 1.41, ""shap_value"": 3.09, ""impact"": 3.09}, {""feature_key"": ""hour_sin"", ""feature_name"": ""Time of Day (Peak Window)"", ""feature_value"": 0.97, ""shap_value"": 1.28, ""impact"": 1.28}, {""feature_key"": ""temp_c"", ""feature_name"": ""Ambient Temperature"", ""feature_value"": 27.4, ""shap_value"": 1.11, ""impact"": 1.11}]","[{""feature_key"": ""lag_168"", ""feature_name"": ""Same Time Last Week Congestion"", ""feature_value"": 40.2, ""shap_value"": -9.2, ""impact"": -9.2}, {""feature_key"": ""lag_1"", ""feature_name"": ""Recent Congestion (1h ago)"", ""feature_value"": 42.4, ""shap_value"": -2.44, ""impact"": -2.44}, {""feature_key"": ""lag_24"", ""feature_name"": ""Yesterday's Same-Hour Congestion"", ""feature_value"": 44.3, ""shap_value"": -1.28, ""impact"": -1.28}, {""feature_key"": ""hour_cos"", ""feature_name"": ""Time of Day (Diurnal Cycle)"", ""feature_value"": 0.26, ""shap_value"": -0.85, ""impact"": -0.85}, {""feature_key"": ""transit_pressure_ratio"", ""feature_name"": ""Transit Demand-to-Supply Ratio"", ""feature_value"": 5.54, ""shap_value"": -0.6, ""impact"": -0.6}]",60.24
2722,MAA_GUINDY_INTERMODAL,2026-09-25T06:00:00,2026-09-23T20:00:00,34,77.6,HIGH,28.5,Monsoon Downpour,12,"[{""feature_key"": ""weather_transit_surge"", ""feature_name"": ""Rainfall Transit Inflow Surge"", ""feature_value"": 1.41, ""shap_value"": 5.55, ""impact"": 5.55}, {""feature_key"": ""lag_foot_24"", ""feature_name"": ""Yesterday's Foot-Traffic"", ""feature_value"": 7292.0, ""shap_value"": 2.88, ""impact"": 2.88}, {""feature_key"": ""lag_168"", ""feature_name"": ""Same Time Last Week Congestion"", ""feature_value"": 61.2, ""shap_value"": 2.74, ""impact"": 2.74}, {""feature_key"": ""precip_mm"", ""feature_name"": ""Rainfall Intensity"", ""feature_value"": 6.03, ""shap_value"": 2.27, ""impact"": 2.27}, {""feature_key"": ""temp_c"", ""feature_name"": ""Ambient Temperature"", ""feature_value"": 28.5, ""shap_value"": 1.12, ""impact"": 1.12}]","[{""feature_key"": ""lag_1"", ""feature_name"": ""Recent Congestion (1h ago)"", ""feature_value"": 61.2, ""shap_value"": -0.92, ""impact"": -0.92}, {""feature_key"": ""scheduled_trips"", ""feature_name"": ""Transit Dispatch Frequency"", ""feature_value"": 12.0, ""shap_value"": -0.42, ""impact"": -0.42}, {""feature_key"": ""transit_pressure_ratio"", ""feature_name"": ""Transit Demand-to-Supply Ratio"", ""feature_value"": 5.6, ""shap_value"": -0.34, ""impact"": -0.34}, {""feature_key"": ""lag_2"", ""feature_name"": ""Short-term Congestion (2h ago)"", ""feature_value"": 42.4, ""shap_value"": -0.14, ""impact"": -0.14}, {""feature_key"": ""dow_cos"", ""feature_name"": ""Day of Week Alignment"", ""feature_value"": -0.9, ""shap_value"": -0.13, ""impact"": -0.13}]",60.24
2723,MAA_GUINDY_INTERMODAL,2026-09-25T07:00:00,2026-09-23T20:00:00,35,95.2,SEVERE,29.1,Monsoon Downpour,12,"[{""feature_key"": ""lag_168"", ""feature_name"": ""Same Time Last Week Congestion"", ""feature_value"": 98.5, ""shap_value"": 22.82, ""impact"": 22.82}, {""feature_key"": ""weather_transit_surge"", ""feature_name"": ""Rainfall Transit Inflow Surge"", ""feature_value"": 1.41, ""shap_value"": 3.19, ""impact"": 3.19}, {""feature_key"": ""lag_foot_24"", ""feature_name"": ""Yesterday's Foot-Traffic"", ""feature_value"": 10230.0, ""shap_value"": 2.34, ""impact"": 2.34}, {""feature_key"": ""hour_cos"", ""feature_name"": ""Time of Day (Diurnal Cycle)"", ""feature_value"": -0.26, ""shap_value"": 1.43, ""impact"": 1.43}, {""feature_key"": ""lag_foot_1"", ""feature_name"": ""Recent Foot-Traffic (1h ago)"", ""feature_value"": 8535.0, ""shap_value"": 1.11, ""impact"": 1.11}]","[{""feature_key"": ""scheduled_trips"", ""feature_name"": ""Transit Dispatch Frequency"", ""feature_value"": 12.0, ""shap_value"": -0.85, ""impact"": -0.85}, {""feature_key"": ""transit_pressure_ratio"", ""feature_name"": ""Transit Demand-to-Supply Ratio"", ""feature_value"": 5.64, ""shap_value"": -0.31, ""impact"": -0.31}, {""feature_key"": ""roll_mean_3h"", ""feature_name"": ""3-Hour Moving Congestion Trend"", ""feature_value"": 60.4, ""shap_value"": -0.11, ""impact"": -0.11}, {""feature_key"": ""dow_cos"", ""feature_name"": ""Day of Week Alignment"", ""feature_value"": -0.9, ""shap_value"": -0.08, ""impact"": -0.08}, {""feature_key"": ""roll_std_24h"", ""feature_name"": ""24-Hour Crowd Volatility"", ""feature_value"": 26.98, ""shap_value"": -0.08, ""impact"": -0.08}]",60.24
2724,MAA_GUINDY_INTERMODAL,2026-09-25T08:00:00,2026-09-23T20:00:00,36,98.5,SEVERE,30.8,Monsoon Downpour,32,"[{""feature_key"": ""lag_168"", ""feature_name"": ""Same Time Last Week Congestion"", ""feature_value"": 98.5, ""shap_value"": 22.91, ""impact"": 22.91}, {""feature_key"": ""weather_transit_surge"", ""feature_name"": ""Rainfall Transit Inflow Surge"", ""feature_value"": 1.41, ""shap_value"": 3.24, ""impact"": 3.24}, {""feature_key"": ""lag_foot_24"", ""feature_name"": ""Yesterday's Foot-Traffic"", ""feature_value"": 10472.0, ""shap_value"": 2.55, ""impact"": 2.55}, {""feature_key"": ""lag_1"", ""feature_name"": ""Recent Congestion (1h ago)"", ""feature_value"": 95.2, ""shap_value"": 2.49, ""impact"": 2.49}, {""feature_key"": ""lag_24"", ""feature_name"": ""Yesterday's Same-Hour Congestion"", ""feature_value"": 95.2, ""shap_value"": 1.26, ""impact"": 1.26}]","[{""feature_key"": ""dow_sin"", ""feature_name"": ""Weekly Schedule Cycle"", ""feature_value"": -0.43, ""shap_value"": -0.24, ""impact"": -0.24}, {""feature_key"": ""lag_trips_24"", ""feature_name"": ""Yesterday's Scheduled Transit Trips"", ""feature_value"": 32.0, ""shap_value"": -0.21, ""impact"": -0.21}, {""feature_key"": ""humidity_pct"", ""feature_name"": ""Marine Layer / Humidity"", ""feature_value"": 80.0, ""shap_value"": -0.11, ""impact"": -0.11}, {""feature_key"": ""roll_mean_24h"", ""feature_name"": ""24-Hour Average Baseline"", ""feature_value"": 67.77, ""shap_value"": -0.05, ""impact"": -0.05}, {""feature_key"": ""capacity_baseline"", ""feature_name"": ""Station Theoretical Capacity"", ""feature_value"": 11000.0, ""shap_value"": -0.03, ""impact"": -0.03}]",60.24
2725,MAA_GUINDY_INTERMODAL,2026-09-25T09:00:00,2026-09-23T20:00:00,37,99.0,SEVERE,31.7,Monsoon Downpour,32,"[{""feature_key"": ""lag_168"", ""feature_name"": ""Same Time Last Week Congestion"", ""feature_value"": 98.5, ""shap_value"": 23.15, ""impact"": 23.15}, {""feature_key"": ""weather_transit_surge"", ""feature_name"": ""Rainfall Transit Inflow Surge"", ""feature_value"": 1.41, ""shap_value"": 3.05, ""impact"": 3.05}, {""feature_key"": ""lag_1"", ""feature_name"": ""Recent Congestion (1h ago)"", ""feature_value"": 98.5, ""shap_value"": 2.9, ""impact"": 2.9}, {""feature_key"": ""lag_foot_24"", ""feature_name"": ""Yesterday's Foot-Traffic"", ""feature_value"": 10670.0, ""shap_value"": 2.49, ""impact"": 2.49}, {""feature_key"": ""lag_24"", ""feature_name"": ""Yesterday's Same-Hour Congestion"", ""feature_value"": 97.0, ""shap_value"": 1.76, ""impact"": 1.76}]","[{""feature_key"": ""lag_trips_24"", ""feature_name"": ""Yesterday's Scheduled Transit Trips"", ""feature_value"": 32.0, ""shap_value"": -0.19, ""impact"": -0.19}, {""feature_key"": ""dow_sin"", ""feature_name"": ""Weekly Schedule Cycle"", ""feature_value"": -0.43, ""shap_value"": -0.11, ""impact"": -0.11}, {""feature_key"": ""roll_mean_24h"", ""feature_name"": ""24-Hour Average Baseline"", ""feature_value"": 67.91, ""shap_value"": -0.1, ""impact"": -0.1}, {""feature_key"": ""humidity_pct"", ""feature_name"": ""Marine Layer / Humidity"", ""feature_value"": 77.0, ""shap_value"": -0.07, ""impact"": -0.07}, {""feature_key"": ""roll_mean_6h"", ""feature_name"": ""6-Hour Moving Congestion Trend"", ""feature_value"": 68.38, ""shap_value"": -0.06, ""impact"": -0.06}]",60.24
2726,MAA_GUINDY_INTERMODAL,2026-09-25T10:00:00,2026-09-23T20:00:00,38,95.1,SEVERE,31.3,Monsoon Downpour,32,"[{""feature_key"": ""lag_168"", ""feature_name"": ""Same Time Last Week Congestion"", ""feature_value"": 85.2, ""shap_value"": 17.67, ""impact"": 17.67}, {""feature_key"": ""weather_transit_surge"", ""feature_name"": ""Rainfall Transit Inflow Surge"", ""feature_value"": 1.41, ""shap_value"": 4.96, ""impact"": 4.96}, {""feature_key"": ""lag_1"", ""feature_name"": ""Recent Congestion (1h ago)"", ""feature_value"": 99.0, ""shap_value"": 3.72, ""impact"": 3.72}, {""feature_key"": ""lag_foot_24"", ""feature_name"": ""Yesterday's Foot-Traffic"", ""feature_value"": 9603.0, ""shap_value"": 2.41, ""impact"": 2.41}, {""feature_key"": ""lag_24"", ""feature_name"": ""Yesterday's Same-Hour Congestion"", ""feature_value"": 87.3, ""shap_value"": 1.44, ""impact"": 1.44}]","[{""feature_key"": ""roll_mean_6h"", ""feature_name"": ""6-Hour Moving Congestion Trend"", ""feature_value"": 78.98, ""shap_value"": -0.51, ""impact"": -0.51}, {""feature_key"": ""lag_3"", ""feature_name"": ""Short-term Congestion (3h ago)"", ""feature_value"": 95.2, ""shap_value"": -0.43, ""impact"": -0.43}, {""feature_key"": ""lag_trips_24"", ""feature_name"": ""Yesterday's Scheduled Transit Trips"", ""feature_value"": 32.0, ""shap_value"": -0.21, ""impact"": -0.21}, {""feature_key"": ""hour_sin"", ""feature_name"": ""Time of Day (Peak Window)"", ""feature_value"": 0.5, ""shap_value"": -0.19, ""impact"": -0.19}, {""feature_key"": ""dow_sin"", ""feature_name"": ""Weekly Schedule Cycle"", ""feature_value"": -0.43, ""shap_value"": -0.19, ""impact"": -0.19}]",60.24
2727,MAA_GUINDY_INTERMODAL,2026-09-25T11:00:00,2026-09-23T20:00:00,39,72.6,HIGH,33.2,Sunny & Warm,20,"[{""feature_key"": ""lag_168"", ""feature_name"": ""Same Time Last Week Congestion"", ""feature_value"": 69.0, ""shap_value"": 8.4, ""impact"": 8.4}, {""feature_key"": ""lag_1"", ""feature_name"": ""Recent Congestion (1h ago)"", ""feature_value"": 95.1, ""shap_value"": 3.26, ""impact"": 3.26}, {""feature_key"": ""lag_foot_24"", ""feature_name"": ""Yesterday's Foot-Traffic"", ""feature_value"": 8370.0, ""shap_value"": 2.36, ""impact"": 2.36}, {""feature_key"": ""lag_foot_1"", ""feature_name"": ""Recent Foot-Traffic (1h ago)"", ""feature_value"": 10461.0, ""shap_value"": 1.64, ""impact"": 1.64}, {""feature_key"": ""lag_24"", ""feature_name"": ""Yesterday's Same-Hour Congestion"", ""feature_value"": 76.1, ""shap_value"": 0.64, ""impact"": 0.64}]","[{""feature_key"": ""hour_cos"", ""feature_name"": ""Time of Day (Diurnal Cycle)"", ""feature_value"": -0.97, ""shap_value"": -1.58, ""impact"": -1.58}, {""feature_key"": ""hour_sin"", ""feature_name"": ""Time of Day (Peak Window)"", ""feature_value"": 0.26, ""shap_value"": -1.3, ""impact"": -1.3}, {""feature_key"": ""lag_3"", ""feature_name"": ""Short-term Congestion (3h ago)"", ""feature_value"": 98.5, ""shap_value"": -0.89, ""impact"": -0.89}, {""feature_key"": ""weather_transit_surge"", ""feature_name"": ""Rainfall Transit Inflow Surge"", ""feature_value"": 0.0, ""shap_value"": -0.85, ""impact"": -0.85}, {""feature_key"": ""roll_mean_6h"", ""feature_name"": ""6-Hour Moving Congestion Trend"", ""feature_value"": 87.77, ""shap_value"": -0.51, ""impact"": -0.51}]",60.24
2728,MAA_GUINDY_INTERMODAL,2026-09-25T12:00:00,2026-09-23T20:00:00,40,61.2,HIGH,34.1,Sunny & Warm,20,"[{""feature_key"": ""lag_foot_24"", ""feature_name"": ""Yesterday's Foot-Traffic"", ""feature_value"": 6798.0, ""shap_value"": 2.67, ""impact"": 2.67}, {""feature_key"": ""lag_1"", ""feature_name"": ""Recent Congestion (1h ago)"", ""feature_value"": 72.6, ""shap_value"": 1.31, ""impact"": 1.31}, {""feature_key"": ""lag_foot_1"", ""feature_name"": ""Recent Foot-Traffic (1h ago)"", ""feature_value"": 7986.0, ""shap_value"": 0.95, ""impact"": 0.95}, {""feature_key"": ""lag_trips_1"", ""feature_name"": ""Recent Transit Trips Count"", ""feature_value"": 20.0, ""shap_value"": 0.87, ""impact"": 0.87}, {""feature_key"": ""scheduled_trips"", ""feature_name"": ""Transit Dispatch Frequency"", ""feature_value"": 20.0, ""shap_value"": 0.51, ""impact"": 0.51}]","[{""feature_key"": ""hour_sin"", ""feature_name"": ""Time of Day (Peak Window)"", ""feature_value"": 0.0, ""shap_value"": -1.54, ""impact"": -1.54}, {""feature_key"": ""hour_cos"", ""feature_name"": ""Time of Day (Diurnal Cycle)"", ""feature_value"": -1.0, ""shap_value"": -1.4, ""impact"": -1.4}, {""feature_key"": ""lag_3"", ""feature_name"": ""Short-term Congestion (3h ago)"", ""feature_value"": 99.0, ""shap_value"": -0.87, ""impact"": -0.87}, {""feature_key"": ""lag_168"", ""feature_name"": ""Same Time Last Week Congestion"", ""feature_value"": 56.2, ""shap_value"": -0.7, ""impact"": -0.7}, {""feature_key"": ""weather_transit_surge"", ""feature_name"": ""Rainfall Transit Inflow Surge"", ""feature_value"": 0.0, ""shap_value"": -0.56, ""impact"": -0.56}]",60.24
2729,MAA_GUINDY_INTERMODAL,2026-09-25T13:00:00,2026-09-23T20:00:00,41,60.2,HIGH,34.0,Sunny & Warm,20,"[{""feature_key"": ""lag_168"", ""feature_name"": ""Same Time Last Week Congestion"", ""feature_value"": 61.6, ""shap_value"": 2.71, ""impact"": 2.71}, {""feature_key"": ""lag_foot_24"", ""feature_name"": ""Yesterday's Foot-Traffic"", ""feature_value"": 6743.0, ""shap_value"": 2.49, ""impact"": 2.49}, {""feature_key"": ""lag_foot_1"", ""feature_name"": ""Recent Foot-Traffic (1h ago)"", ""feature_value"": 6732.0, ""shap_value"": 0.92, ""impact"": 0.92}, {""feature_key"": ""lag_trips_1"", ""feature_name"": ""Recent Transit Trips Count"", ""feature_value"": 20.0, ""shap_value"": 0.51, ""impact"": 0.51}, {""feature_key"": ""humidity_pct"", ""feature_name"": ""Marine Layer / Humidity"", ""feature_value"": 57.0, ""shap_value"": 0.3, ""impact"": 0.3}]","[{""feature_key"": ""hour_sin"", ""feature_name"": ""Time of Day (Peak Window)"", ""feature_value"": -0.26, ""shap_value"": -2.0, ""impact"": -2.0}, {""feature_key"": ""hour_cos"", ""feature_name"": ""Time of Day (Diurnal Cycle)"", ""feature_value"": -0.97, ""shap_value"": -1.26, ""impact"": -1.26}, {""feature_key"": ""lag_1"", ""feature_name"": ""Recent Congestion (1h ago)"", ""feature_value"": 61.2, ""shap_value"": -1.15, ""impact"": -1.15}, {""feature_key"": ""lag_3"", ""feature_name"": ""Short-term Congestion (3h ago)"", ""feature_value"": 95.1, ""shap_value"": -0.99, ""impact"": -0.99}, {""feature_key"": ""weather_transit_surge"", ""feature_name"": ""Rainfall Transit Inflow Surge"", ""feature_value"": 0.0, ""shap_value"": -0.53, ""impact"": -0.53}]",60.24
2730,MAA_GUINDY_INTERMODAL,2026-09-25T14:00:00,2026-09-23T20:00:00,42,74.2,HIGH,33.6,Monsoon Downpour,20,"[{""feature_key"": ""lag_168"", ""feature_name"": ""Same Time Last Week Congestion"", ""feature_value"": 71.6, ""shap_value"": 10.51, ""impact"": 10.51}, {""feature_key"": ""weather_transit_surge"", ""feature_name"": ""Rainfall Transit Inflow Surge"", ""feature_value"": 1.41, ""shap_value"": 4.31, ""impact"": 4.31}, {""feature_key"": ""lag_foot_24"", ""feature_name"": ""Yesterday's Foot-Traffic"", ""feature_value"": 7744.0, ""shap_value"": 2.23, ""impact"": 2.23}, {""feature_key"": ""precip_mm"", ""feature_name"": ""Rainfall Intensity"", ""feature_value"": 6.56, ""shap_value"": 1.39, ""impact"": 1.39}, {""feature_key"": ""scheduled_trips"", ""feature_name"": ""Transit Dispatch Frequency"", ""feature_value"": 20.0, ""shap_value"": 0.39, ""impact"": 0.39}]","[{""feature_key"": ""hour_sin"", ""feature_name"": ""Time of Day (Peak Window)"", ""feature_value"": -0.5, ""shap_value"": -2.09, ""impact"": -2.09}, {""feature_key"": ""lag_1"", ""feature_name"": ""Recent Congestion (1h ago)"", ""feature_value"": 60.2, ""shap_value"": -1.88, ""impact"": -1.88}, {""feature_key"": ""hour_cos"", ""feature_name"": ""Time of Day (Diurnal Cycle)"", ""feature_value"": -0.87, ""shap_value"": -0.98, ""impact"": -0.98}, {""feature_key"": ""dow_sin"", ""feature_name"": ""Weekly Schedule Cycle"", ""feature_value"": -0.43, ""shap_value"": -0.96, ""impact"": -0.96}, {""feature_key"": ""roll_mean_6h"", ""feature_name"": ""6-Hour Moving Congestion Trend"", ""feature_value"": 81.1, ""shap_value"": -0.82, ""impact"": -0.82}]",60.24
2731,MAA_GUINDY_INTERMODAL,2026-09-25T15:00:00,2026-09-23T20:00:00,43,83.7,SEVERE,34.1,Monsoon Downpour,20,"[{""feature_key"": ""lag_168"", ""feature_name"": ""Same Time Last Week Congestion"", ""feature_value"": 81.6, ""shap_value"": 14.38, ""impact"": 14.38}, {""feature_key"": ""weather_transit_surge"", ""feature_name"": ""Rainfall Transit Inflow Surge"", ""feature_value"": 1.41, ""shap_value"": 3.67, ""impact"": 3.67}, {""feature_key"": ""lag_foot_24"", ""feature_name"": ""Yesterday's Foot-Traffic"", ""feature_value"": 8756.0, ""shap_value"": 2.16, ""impact"": 2.16}, {""feature_key"": ""lag_foot_1"", ""feature_name"": ""Recent Foot-Traffic (1h ago)"", ""feature_value"": 8162.0, ""shap_value"": 0.96, ""impact"": 0.96}, {""feature_key"": ""lag_1"", ""feature_name"": ""Recent Congestion (1h ago)"", ""feature_value"": 74.2, ""shap_value"": 0.9, ""impact"": 0.9}]","[{""feature_key"": ""hour_sin"", ""feature_name"": ""Time of Day (Peak Window)"", ""feature_value"": -0.71, ""shap_value"": -1.51, ""impact"": -1.51}, {""feature_key"": ""dow_sin"", ""feature_name"": ""Weekly Schedule Cycle"", ""feature_value"": -0.43, ""shap_value"": -0.94, ""impact"": -0.94}, {""feature_key"": ""roll_mean_6h"", ""feature_name"": ""6-Hour Moving Congestion Trend"", ""feature_value"": 77.05, ""shap_value"": -0.54, ""impact"": -0.54}, {""feature_key"": ""lag_trips_24"", ""feature_name"": ""Yesterday's Scheduled Transit Trips"", ""feature_value"": 20.0, ""shap_value"": -0.21, ""impact"": -0.21}, {""feature_key"": ""tourist_weight"", ""feature_name"": ""Tourist Landmark Dominance"", ""feature_value"": 0.55, ""shap_value"": -0.05, ""impact"": -0.05}]",60.24
2732,MAA_GUINDY_INTERMODAL,2026-09-25T16:00:00,2026-09-23T20:00:00,44,96.5,SEVERE,33.2,Monsoon Downpour,20,"[{""feature_key"": ""lag_168"", ""feature_name"": ""Same Time Last Week Congestion"", ""feature_value"": 98.5, ""shap_value"": 23.51, ""impact"": 23.51}, {""feature_key"": ""lag_foot_24"", ""feature_name"": ""Yesterday's Foot-Traffic"", ""feature_value"": 10142.0, ""shap_value"": 2.37, ""impact"": 2.37}, {""feature_key"": ""weather_transit_surge"", ""feature_name"": ""Rainfall Transit Inflow Surge"", ""feature_value"": 1.41, ""shap_value"": 1.94, ""impact"": 1.94}, {""feature_key"": ""lag_1"", ""feature_name"": ""Recent Congestion (1h ago)"", ""feature_value"": 83.7, ""shap_value"": 1.48, ""impact"": 1.48}, {""feature_key"": ""hour_cos"", ""feature_name"": ""Time of Day (Diurnal Cycle)"", ""feature_value"": -0.5, ""shap_value"": 1.36, ""impact"": 1.36}]","[{""feature_key"": ""dow_sin"", ""feature_name"": ""Weekly Schedule Cycle"", ""feature_value"": -0.43, ""shap_value"": -0.31, ""impact"": -0.31}, {""feature_key"": ""lag_trips_24"", ""feature_name"": ""Yesterday's Scheduled Transit Trips"", ""feature_value"": 20.0, ""shap_value"": -0.19, ""impact"": -0.19}, {""feature_key"": ""tourist_weight"", ""feature_name"": ""Tourist Landmark Dominance"", ""feature_value"": 0.55, ""shap_value"": -0.06, ""impact"": -0.06}, {""feature_key"": ""roll_mean_6h"", ""feature_name"": ""6-Hour Moving Congestion Trend"", ""feature_value"": 74.5, ""shap_value"": -0.04, ""impact"": -0.04}, {""feature_key"": ""is_weekend"", ""feature_name"": ""Weekend Tourist Surge"", ""feature_value"": 0.0, ""shap_value"": -0.03, ""impact"": -0.03}]",60.24
2733,MAA_GUINDY_INTERMODAL,2026-09-25T17:00:00,2026-09-23T20:00:00,45,98.4,SEVERE,33.7,Thunderstorm / Rain,32,"[{""feature_key"": ""lag_168"", ""feature_name"": ""Same Time Last Week Congestion"", ""feature_value"": 98.5, ""shap_value"": 23.19, ""impact"": 23.19}, {""feature_key"": ""lag_foot_24"", ""feature_name"": ""Yesterday's Foot-Traffic"", ""feature_value"": 10802.0, ""shap_value"": 2.45, ""impact"": 2.45}, {""feature_key"": ""lag_1"", ""feature_name"": ""Recent Congestion (1h ago)"", ""feature_value"": 96.5, ""shap_value"": 1.99, ""impact"": 1.99}, {""feature_key"": ""lag_24"", ""feature_name"": ""Yesterday's Same-Hour Congestion"", ""feature_value"": 98.2, ""shap_value"": 1.95, ""impact"": 1.95}, {""feature_key"": ""weather_transit_surge"", ""feature_name"": ""Rainfall Transit Inflow Surge"", ""feature_value"": 1.41, ""shap_value"": 1.76, ""impact"": 1.76}]","[{""feature_key"": ""dow_sin"", ""feature_name"": ""Weekly Schedule Cycle"", ""feature_value"": -0.43, ""shap_value"": -0.26, ""impact"": -0.26}, {""feature_key"": ""lag_trips_24"", ""feature_name"": ""Yesterday's Scheduled Transit Trips"", ""feature_value"": 32.0, ""shap_value"": -0.18, ""impact"": -0.18}, {""feature_key"": ""tourist_weight"", ""feature_name"": ""Tourist Landmark Dominance"", ""feature_value"": 0.55, ""shap_value"": -0.1, ""impact"": -0.1}, {""feature_key"": ""roll_mean_24h"", ""feature_name"": ""24-Hour Average Baseline"", ""feature_value"": 68.61, ""shap_value"": -0.07, ""impact"": -0.07}, {""feature_key"": ""roll_mean_6h"", ""feature_name"": ""6-Hour Moving Congestion Trend"", ""feature_value"": 74.73, ""shap_value"": -0.05, ""impact"": -0.05}]",60.24
2734,MAA_GUINDY_INTERMODAL,2026-09-25T18:00:00,2026-09-23T20:00:00,46,98.3,SEVERE,32.6,Monsoon Downpour,32,"[{""feature_key"": ""lag_168"", ""feature_name"": ""Same Time Last Week Congestion"", ""feature_value"": 98.5, ""shap_value"": 23.12, ""impact"": 23.12}, {""feature_key"": ""lag_foot_24"", ""feature_name"": ""Yesterday's Foot-Traffic"", ""feature_value"": 10780.0, ""shap_value"": 2.49, ""impact"": 2.49}, {""feature_key"": ""lag_1"", ""feature_name"": ""Recent Congestion (1h ago)"", ""feature_value"": 98.4, ""shap_value"": 2.24, ""impact"": 2.24}, {""feature_key"": ""lag_24"", ""feature_name"": ""Yesterday's Same-Hour Congestion"", ""feature_value"": 98.0, ""shap_value"": 2.0, ""impact"": 2.0}, {""feature_key"": ""weather_transit_surge"", ""feature_name"": ""Rainfall Transit Inflow Surge"", ""feature_value"": 1.41, ""shap_value"": 1.72, ""impact"": 1.72}]","[{""feature_key"": ""dow_sin"", ""feature_name"": ""Weekly Schedule Cycle"", ""feature_value"": -0.43, ""shap_value"": -0.25, ""impact"": -0.25}, {""feature_key"": ""lag_trips_24"", ""feature_name"": ""Yesterday's Scheduled Transit Trips"", ""feature_value"": 32.0, ""shap_value"": -0.19, ""impact"": -0.19}, {""feature_key"": ""roll_mean_6h"", ""feature_name"": ""6-Hour Moving Congestion Trend"", ""feature_value"": 79.03, ""shap_value"": -0.18, ""impact"": -0.18}, {""feature_key"": ""lag_3"", ""feature_name"": ""Short-term Congestion (3h ago)"", ""feature_value"": 83.7, ""shap_value"": -0.16, ""impact"": -0.16}, {""feature_key"": ""tourist_weight"", ""feature_name"": ""Tourist Landmark Dominance"", ""feature_value"": 0.55, ""shap_value"": -0.09, ""impact"": -0.09}]",60.24
2735,MAA_GUINDY_INTERMODAL,2026-09-25T19:00:00,2026-09-23T20:00:00,47,98.2,SEVERE,31.3,Monsoon Downpour,32,"[{""feature_key"": ""lag_168"", ""feature_name"": ""Same Time Last Week Congestion"", ""feature_value"": 98.5, ""shap_value"": 23.32, ""impact"": 23.32}, {""feature_key"": ""lag_1"", ""feature_name"": ""Recent Congestion (1h ago)"", ""feature_value"": 98.3, ""shap_value"": 2.65, ""impact"": 2.65}, {""feature_key"": ""lag_foot_24"", ""feature_name"": ""Yesterday's Foot-Traffic"", ""feature_value"": 10747.0, ""shap_value"": 2.51, ""impact"": 2.51}, {""feature_key"": ""lag_24"", ""feature_name"": ""Yesterday's Same-Hour Congestion"", ""feature_value"": 97.7, ""shap_value"": 1.99, ""impact"": 1.99}, {""feature_key"": ""weather_transit_surge"", ""feature_name"": ""Rainfall Transit Inflow Surge"", ""feature_value"": 1.41, ""shap_value"": 1.98, ""impact"": 1.98}]","[{""feature_key"": ""lag_3"", ""feature_name"": ""Short-term Congestion (3h ago)"", ""feature_value"": 96.5, ""shap_value"": -0.34, ""impact"": -0.34}, {""feature_key"": ""dow_sin"", ""feature_name"": ""Weekly Schedule Cycle"", ""feature_value"": -0.43, ""shap_value"": -0.26, ""impact"": -0.26}, {""feature_key"": ""roll_mean_6h"", ""feature_name"": ""6-Hour Moving Congestion Trend"", ""feature_value"": 85.22, ""shap_value"": -0.22, ""impact"": -0.22}, {""feature_key"": ""lag_trips_24"", ""feature_name"": ""Yesterday's Scheduled Transit Trips"", ""feature_value"": 32.0, ""shap_value"": -0.19, ""impact"": -0.19}, {""feature_key"": ""feels_like_c"", ""feature_name"": ""Apparent Feels-Like Temperature"", ""feature_value"": 30.9, ""shap_value"": -0.04, ""impact"": -0.04}]",60.24
2736,MAA_GUINDY_INTERMODAL,2026-09-25T20:00:00,2026-09-23T20:00:00,48,96.8,SEVERE,30.0,Thunderstorm / Rain,32,"[{""feature_key"": ""lag_168"", ""feature_name"": ""Same Time Last Week Congestion"", ""feature_value"": 98.5, ""shap_value"": 22.83, ""impact"": 22.83}, {""feature_key"": ""lag_1"", ""feature_name"": ""Recent Congestion (1h ago)"", ""feature_value"": 98.2, ""shap_value"": 2.56, ""impact"": 2.56}, {""feature_key"": ""lag_foot_24"", ""feature_name"": ""Yesterday's Foot-Traffic"", ""feature_value"": 10428.0, ""shap_value"": 2.35, ""impact"": 2.35}, {""feature_key"": ""weather_transit_surge"", ""feature_name"": ""Rainfall Transit Inflow Surge"", ""feature_value"": 1.41, ""shap_value"": 2.02, ""impact"": 2.02}, {""feature_key"": ""lag_24"", ""feature_name"": ""Yesterday's Same-Hour Congestion"", ""feature_value"": 94.8, ""shap_value"": 1.48, ""impact"": 1.48}]","[{""feature_key"": ""lag_3"", ""feature_name"": ""Short-term Congestion (3h ago)"", ""feature_value"": 98.4, ""shap_value"": -0.42, ""impact"": -0.42}, {""feature_key"": ""dow_sin"", ""feature_name"": ""Weekly Schedule Cycle"", ""feature_value"": -0.43, ""shap_value"": -0.34, ""impact"": -0.34}, {""feature_key"": ""roll_mean_6h"", ""feature_name"": ""6-Hour Moving Congestion Trend"", ""feature_value"": 91.55, ""shap_value"": -0.31, ""impact"": -0.31}, {""feature_key"": ""lag_trips_24"", ""feature_name"": ""Yesterday's Scheduled Transit Trips"", ""feature_value"": 32.0, ""shap_value"": -0.23, ""impact"": -0.23}, {""feature_key"": ""tourist_weight"", ""feature_name"": ""Tourist Landmark Dominance"", ""feature_value"": 0.55, ""shap_value"": -0.16, ""impact"": -0.16}]",60.24
2737,MAA_AIRPORT_MEENAMBAKKAM,2026-09-23T21:00:00,2026-09-23T20:00:00,1,70.1,HIGH,29.6,Sunny & Warm,6,"[{""feature_key"": ""lag_168"", ""feature_name"": ""Same Time Last Week Congestion"", ""feature_value"": 66.5, ""shap_value"": 6.88, ""impact"": 6.88}, {""feature_key"": ""lag_1"", ""feature_name"": ""Recent Congestion (1h ago)"", ""feature_value"": 98.5, ""shap_value"": 4.12, ""impact"": 4.12}, {""feature_key"": ""lag_foot_24"", ""feature_name"": ""Yesterday's Foot-Traffic"", ""feature_value"": 5871.0, ""shap_value"": 2.26, ""impact"": 2.26}, {""feature_key"": ""lag_foot_1"", ""feature_name"": ""Recent Foot-Traffic (1h ago)"", ""feature_value"": 9202.0, ""shap_value"": 0.69, ""impact"": 0.69}, {""feature_key"": ""temp_c"", ""feature_name"": ""Ambient Temperature"", ""feature_value"": 29.6, ""shap_value"": 0.56, ""impact"": 0.56}]","[{""feature_key"": ""hour_cos"", ""feature_name"": ""Time of Day (Diurnal Cycle)"", ""feature_value"": 0.71, ""shap_value"": -1.66, ""impact"": -1.66}, {""feature_key"": ""transit_pressure_ratio"", ""feature_name"": ""Transit Demand-to-Supply Ratio"", ""feature_value"": 10.38, ""shap_value"": -1.39, ""impact"": -1.39}, {""feature_key"": ""lag_3"", ""feature_name"": ""Short-term Congestion (3h ago)"", ""feature_value"": 98.5, ""shap_value"": -0.98, ""impact"": -0.98}, {""feature_key"": ""scheduled_trips"", ""feature_name"": ""Transit Dispatch Frequency"", ""feature_value"": 6.0, ""shap_value"": -0.83, ""impact"": -0.83}, {""feature_key"": ""roll_mean_6h"", ""feature_name"": ""6-Hour Moving Congestion Trend"", ""feature_value"": 94.8, ""shap_value"": -0.77, ""impact"": -0.77}]",60.24
2738,MAA_AIRPORT_MEENAMBAKKAM,2026-09-23T22:00:00,2026-09-23T20:00:00,2,45.4,MODERATE,26.8,Sunny & Warm,6,"[{""feature_key"": ""lag_1"", ""feature_name"": ""Recent Congestion (1h ago)"", ""feature_value"": 70.1, ""shap_value"": 1.96, ""impact"": 1.96}, {""feature_key"": ""lag_foot_1"", ""feature_name"": ""Recent Foot-Traffic (1h ago)"", ""feature_value"": 5958.0, ""shap_value"": 0.49, ""impact"": 0.49}, {""feature_key"": ""capacity_baseline"", ""feature_name"": ""Station Theoretical Capacity"", ""feature_value"": 8500.0, ""shap_value"": 0.41, ""impact"": 0.41}, {""feature_key"": ""lag_trips_24"", ""feature_name"": ""Yesterday's Scheduled Transit Trips"", ""feature_value"": 6.0, ""shap_value"": 0.31, ""impact"": 0.31}, {""feature_key"": ""dow_cos"", ""feature_name"": ""Day of Week Alignment"", ""feature_value"": -0.22, ""shap_value"": 0.2, ""impact"": 0.2}]","[{""feature_key"": ""hour_cos"", ""feature_name"": ""Time of Day (Diurnal Cycle)"", ""feature_value"": 0.87, ""shap_value"": -3.7, ""impact"": -3.7}, {""feature_key"": ""lag_168"", ""feature_name"": ""Same Time Last Week Congestion"", ""feature_value"": 60.8, ""shap_value"": -3.01, ""impact"": -3.01}, {""feature_key"": ""lag_24"", ""feature_name"": ""Yesterday's Same-Hour Congestion"", ""feature_value"": 40.3, ""shap_value"": -1.65, ""impact"": -1.65}, {""feature_key"": ""temp_c"", ""feature_name"": ""Ambient Temperature"", ""feature_value"": 26.8, ""shap_value"": -1.39, ""impact"": -1.39}, {""feature_key"": ""hour_sin"", ""feature_name"": ""Time of Day (Peak Window)"", ""feature_value"": -0.5, ""shap_value"": -1.26, ""impact"": -1.26}]",60.24
2739,MAA_AIRPORT_MEENAMBAKKAM,2026-09-23T23:00:00,2026-09-23T20:00:00,3,26.2,LOW,26.4,Sunny & Warm,6,"[{""feature_key"": ""lag_trips_24"", ""feature_name"": ""Yesterday's Scheduled Transit Trips"", ""feature_value"": 6.0, ""shap_value"": 0.21, ""impact"": 0.21}, {""feature_key"": ""capacity_baseline"", ""feature_name"": ""Station Theoretical Capacity"", ""feature_value"": 8500.0, ""shap_value"": 0.17, ""impact"": 0.17}, {""feature_key"": ""dow_cos"", ""feature_name"": ""Day of Week Alignment"", ""feature_value"": -0.22, ""shap_value"": 0.1, ""impact"": 0.1}, {""feature_key"": ""tourist_weight"", ""feature_name"": ""Tourist Landmark Dominance"", ""feature_value"": 0.7, ""shap_value"": 0.1, ""impact"": 0.1}, {""feature_key"": ""transit_weight"", ""feature_name"": ""Transit Commuter Dominance"", ""feature_value"": 0.85, ""shap_value"": 0.07, ""impact"": 0.07}]","[{""feature_key"": ""lag_168"", ""feature_name"": ""Same Time Last Week Congestion"", ""feature_value"": 33.6, ""shap_value"": -20.18, ""impact"": -20.18}, {""feature_key"": ""lag_foot_24"", ""feature_name"": ""Yesterday's Foot-Traffic"", ""feature_value"": 795.0, ""shap_value"": -3.18, ""impact"": -3.18}, {""feature_key"": ""hour_cos"", ""feature_name"": ""Time of Day (Diurnal Cycle)"", ""feature_value"": 0.97, ""shap_value"": -2.73, ""impact"": -2.73}, {""feature_key"": ""lag_24"", ""feature_name"": ""Yesterday's Same-Hour Congestion"", ""feature_value"": 26.4, ""shap_value"": -1.86, ""impact"": -1.86}, {""feature_key"": ""lag_1"", ""feature_name"": ""Recent Congestion (1h ago)"", ""feature_value"": 45.4, ""shap_value"": -1.46, ""impact"": -1.46}]",60.24
2740,MAA_AIRPORT_MEENAMBAKKAM,2026-09-24T00:00:00,2026-09-23T20:00:00,4,17.2,LOW,25.6,Humid / Overcast,8,"[{""feature_key"": ""lag_trips_24"", ""feature_name"": ""Yesterday's Scheduled Transit Trips"", ""feature_value"": 6.0, ""shap_value"": 0.22, ""impact"": 0.22}, {""feature_key"": ""capacity_baseline"", ""feature_name"": ""Station Theoretical Capacity"", ""feature_value"": 8500.0, ""shap_value"": 0.16, ""impact"": 0.16}, {""feature_key"": ""tourist_weight"", ""feature_name"": ""Tourist Landmark Dominance"", ""feature_value"": 0.7, ""shap_value"": 0.08, ""impact"": 0.08}, {""feature_key"": ""transit_weight"", ""feature_name"": ""Transit Commuter Dominance"", ""feature_value"": 0.85, ""shap_value"": 0.03, ""impact"": 0.03}, {""feature_key"": ""dow_cos"", ""feature_name"": ""Day of Week Alignment"", ""feature_value"": -0.9, ""shap_value"": 0.01, ""impact"": 0.01}]","[{""feature_key"": ""lag_168"", ""feature_name"": ""Same Time Last Week Congestion"", ""feature_value"": 23.6, ""shap_value"": -26.31, ""impact"": -26.31}, {""feature_key"": ""lag_foot_24"", ""feature_name"": ""Yesterday's Foot-Traffic"", ""feature_value"": 456.0, ""shap_value"": -5.57, ""impact"": -5.57}, {""feature_key"": ""lag_1"", ""feature_name"": ""Recent Congestion (1h ago)"", ""feature_value"": 26.2, ""shap_value"": -2.55, ""impact"": -2.55}, {""feature_key"": ""lag_24"", ""feature_name"": ""Yesterday's Same-Hour Congestion"", ""feature_value"": 15.1, ""shap_value"": -2.48, ""impact"": -2.48}, {""feature_key"": ""hour_cos"", ""feature_name"": ""Time of Day (Diurnal Cycle)"", ""feature_value"": 1.0, ""shap_value"": -2.11, ""impact"": -2.11}]",60.24
2741,MAA_AIRPORT_MEENAMBAKKAM,2026-09-24T01:00:00,2026-09-23T20:00:00,5,18.8,LOW,26.0,Humid / Overcast,8,"[{""feature_key"": ""lag_trips_24"", ""feature_name"": ""Yesterday's Scheduled Transit Trips"", ""feature_value"": 6.0, ""shap_value"": 0.24, ""impact"": 0.24}, {""feature_key"": ""lag_3"", ""feature_name"": ""Short-term Congestion (3h ago)"", ""feature_value"": 45.4, ""shap_value"": 0.22, ""impact"": 0.22}, {""feature_key"": ""capacity_baseline"", ""feature_name"": ""Station Theoretical Capacity"", ""feature_value"": 8500.0, ""shap_value"": 0.16, ""impact"": 0.16}, {""feature_key"": ""roll_mean_6h"", ""feature_name"": ""6-Hour Moving Congestion Trend"", ""feature_value"": 59.32, ""shap_value"": 0.09, ""impact"": 0.09}, {""feature_key"": ""tourist_weight"", ""feature_name"": ""Tourist Landmark Dominance"", ""feature_value"": 0.7, ""shap_value"": 0.08, ""impact"": 0.08}]","[{""feature_key"": ""lag_168"", ""feature_name"": ""Same Time Last Week Congestion"", ""feature_value"": 27.5, ""shap_value"": -23.76, ""impact"": -23.76}, {""feature_key"": ""lag_foot_24"", ""feature_name"": ""Yesterday's Foot-Traffic"", ""feature_value"": 540.0, ""shap_value"": -5.42, ""impact"": -5.42}, {""feature_key"": ""lag_24"", ""feature_name"": ""Yesterday's Same-Hour Congestion"", ""feature_value"": 17.9, ""shap_value"": -2.92, ""impact"": -2.92}, {""feature_key"": ""lag_1"", ""feature_name"": ""Recent Congestion (1h ago)"", ""feature_value"": 17.2, ""shap_value"": -2.89, ""impact"": -2.89}, {""feature_key"": ""hour_cos"", ""feature_name"": ""Time of Day (Diurnal Cycle)"", ""feature_value"": 0.97, ""shap_value"": -1.99, ""impact"": -1.99}]",60.24
2742,MAA_AIRPORT_MEENAMBAKKAM,2026-09-24T02:00:00,2026-09-23T20:00:00,6,19.4,LOW,24.6,Humid / Overcast,8,"[{""feature_key"": ""lag_trips_24"", ""feature_name"": ""Yesterday's Scheduled Transit Trips"", ""feature_value"": 6.0, ""shap_value"": 0.26, ""impact"": 0.26}, {""feature_key"": ""capacity_baseline"", ""feature_name"": ""Station Theoretical Capacity"", ""feature_value"": 8500.0, ""shap_value"": 0.2, ""impact"": 0.2}, {""feature_key"": ""lag_3"", ""feature_name"": ""Short-term Congestion (3h ago)"", ""feature_value"": 26.2, ""shap_value"": 0.2, ""impact"": 0.2}, {""feature_key"": ""roll_mean_6h"", ""feature_name"": ""6-Hour Moving Congestion Trend"", ""feature_value"": 46.03, ""shap_value"": 0.14, ""impact"": 0.14}, {""feature_key"": ""tourist_weight"", ""feature_name"": ""Tourist Landmark Dominance"", ""feature_value"": 0.7, ""shap_value"": 0.08, ""impact"": 0.08}]","[{""feature_key"": ""lag_168"", ""feature_name"": ""Same Time Last Week Congestion"", ""feature_value"": 28.4, ""shap_value"": -23.99, ""impact"": -23.99}, {""feature_key"": ""lag_foot_24"", ""feature_name"": ""Yesterday's Foot-Traffic"", ""feature_value"": 570.0, ""shap_value"": -5.36, ""impact"": -5.36}, {""feature_key"": ""lag_1"", ""feature_name"": ""Recent Congestion (1h ago)"", ""feature_value"": 18.8, ""shap_value"": -3.0, ""impact"": -3.0}, {""feature_key"": ""lag_24"", ""feature_name"": ""Yesterday's Same-Hour Congestion"", ""feature_value"": 18.9, ""shap_value"": -2.99, ""impact"": -2.99}, {""feature_key"": ""hour_cos"", ""feature_name"": ""Time of Day (Diurnal Cycle)"", ""feature_value"": 0.87, ""shap_value"": -1.5, ""impact"": -1.5}]",60.24
2743,MAA_AIRPORT_MEENAMBAKKAM,2026-09-24T03:00:00,2026-09-23T20:00:00,7,31.1,LOW,24.9,Monsoon Downpour,8,"[{""feature_key"": ""precip_mm"", ""feature_name"": ""Rainfall Intensity"", ""feature_value"": 12.63, ""shap_value"": 2.95, ""impact"": 2.95}, {""feature_key"": ""weather_transit_surge"", ""feature_name"": ""Rainfall Transit Inflow Surge"", ""feature_value"": 1.36, ""shap_value"": 2.94, ""impact"": 2.94}, {""feature_key"": ""weather_tourism_suppression"", ""feature_name"": ""Weather Tourist Dampening Index"", ""feature_value"": 1.26, ""shap_value"": 1.36, ""impact"": 1.36}, {""feature_key"": ""capacity_baseline"", ""feature_name"": ""Station Theoretical Capacity"", ""feature_value"": 8500.0, ""shap_value"": 0.47, ""impact"": 0.47}, {""feature_key"": ""roll_mean_6h"", ""feature_name"": ""6-Hour Moving Congestion Trend"", ""feature_value"": 32.85, ""shap_value"": 0.42, ""impact"": 0.42}]","[{""feature_key"": ""lag_168"", ""feature_name"": ""Same Time Last Week Congestion"", ""feature_value"": 20.6, ""shap_value"": -26.93, ""impact"": -26.93}, {""feature_key"": ""lag_foot_24"", ""feature_name"": ""Yesterday's Foot-Traffic"", ""feature_value"": 645.0, ""shap_value"": -2.84, ""impact"": -2.84}, {""feature_key"": ""lag_1"", ""feature_name"": ""Recent Congestion (1h ago)"", ""feature_value"": 19.4, ""shap_value"": -2.62, ""impact"": -2.62}, {""feature_key"": ""lag_24"", ""feature_name"": ""Yesterday's Same-Hour Congestion"", ""feature_value"": 21.4, ""shap_value"": -1.75, ""impact"": -1.75}, {""feature_key"": ""lag_foot_1"", ""feature_name"": ""Recent Foot-Traffic (1h ago)"", ""feature_value"": 1648.0, ""shap_value"": -1.46, ""impact"": -1.46}]",60.24
2744,MAA_AIRPORT_MEENAMBAKKAM,2026-09-24T04:00:00,2026-09-23T20:00:00,8,34.7,LOW,27.2,Monsoon Downpour,8,"[{""feature_key"": ""weather_transit_surge"", ""feature_name"": ""Rainfall Transit Inflow Surge"", ""feature_value"": 1.36, ""shap_value"": 3.38, ""impact"": 3.38}, {""feature_key"": ""precip_mm"", ""feature_name"": ""Rainfall Intensity"", ""feature_value"": 13.93, ""shap_value"": 2.54, ""impact"": 2.54}, {""feature_key"": ""weather_tourism_suppression"", ""feature_name"": ""Weather Tourist Dampening Index"", ""feature_value"": 1.26, ""shap_value"": 1.4, ""impact"": 1.4}, {""feature_key"": ""roll_mean_6h"", ""feature_name"": ""6-Hour Moving Congestion Trend"", ""feature_value"": 26.35, ""shap_value"": 0.5, ""impact"": 0.5}, {""feature_key"": ""is_rain"", ""feature_name"": ""Rain Weather Friction"", ""feature_value"": 1.0, ""shap_value"": 0.36, ""impact"": 0.36}]","[{""feature_key"": ""lag_168"", ""feature_name"": ""Same Time Last Week Congestion"", ""feature_value"": 23.2, ""shap_value"": -25.16, ""impact"": -25.16}, {""feature_key"": ""lag_foot_24"", ""feature_name"": ""Yesterday's Foot-Traffic"", ""feature_value"": 712.0, ""shap_value"": -2.43, ""impact"": -2.43}, {""feature_key"": ""lag_1"", ""feature_name"": ""Recent Congestion (1h ago)"", ""feature_value"": 31.1, ""shap_value"": -2.4, ""impact"": -2.4}, {""feature_key"": ""lag_24"", ""feature_name"": ""Yesterday's Same-Hour Congestion"", ""feature_value"": 23.6, ""shap_value"": -1.67, ""impact"": -1.67}, {""feature_key"": ""lag_foot_1"", ""feature_name"": ""Recent Foot-Traffic (1h ago)"", ""feature_value"": 2643.0, ""shap_value"": -1.26, ""impact"": -1.26}]",60.24
2745,MAA_AIRPORT_MEENAMBAKKAM,2026-09-24T05:00:00,2026-09-23T20:00:00,9,45.6,MODERATE,25.6,Monsoon Downpour,6,"[{""feature_key"": ""precip_mm"", ""feature_name"": ""Rainfall Intensity"", ""feature_value"": 9.92, ""shap_value"": 3.51, ""impact"": 3.51}, {""feature_key"": ""weather_transit_surge"", ""feature_name"": ""Rainfall Transit Inflow Surge"", ""feature_value"": 1.36, ""shap_value"": 2.48, ""impact"": 2.48}, {""feature_key"": ""weather_tourism_suppression"", ""feature_name"": ""Weather Tourist Dampening Index"", ""feature_value"": 1.26, ""shap_value"": 1.01, ""impact"": 1.01}, {""feature_key"": ""hour_sin"", ""feature_name"": ""Time of Day (Peak Window)"", ""feature_value"": 0.97, ""shap_value"": 0.68, ""impact"": 0.68}, {""feature_key"": ""is_rain"", ""feature_name"": ""Rain Weather Friction"", ""feature_value"": 1.0, ""shap_value"": 0.55, ""impact"": 0.55}]","[{""feature_key"": ""lag_168"", ""feature_name"": ""Same Time Last Week Congestion"", ""feature_value"": 36.9, ""shap_value"": -14.81, ""impact"": -14.81}, {""feature_key"": ""lag_foot_24"", ""feature_name"": ""Yesterday's Foot-Traffic"", ""feature_value"": 1068.0, ""shap_value"": -2.96, ""impact"": -2.96}, {""feature_key"": ""lag_1"", ""feature_name"": ""Recent Congestion (1h ago)"", ""feature_value"": 34.7, ""shap_value"": -2.44, ""impact"": -2.44}, {""feature_key"": ""lag_24"", ""feature_name"": ""Yesterday's Same-Hour Congestion"", ""feature_value"": 29.9, ""shap_value"": -1.31, ""impact"": -1.31}, {""feature_key"": ""transit_pressure_ratio"", ""feature_name"": ""Transit Demand-to-Supply Ratio"", ""feature_value"": 10.61, ""shap_value"": -0.77, ""impact"": -0.77}]",60.24
2746,MAA_AIRPORT_MEENAMBAKKAM,2026-09-24T06:00:00,2026-09-23T20:00:00,10,63.8,HIGH,28.9,Monsoon Downpour,6,"[{""feature_key"": ""precip_mm"", ""feature_name"": ""Rainfall Intensity"", ""feature_value"": 13.58, ""shap_value"": 3.72, ""impact"": 3.72}, {""feature_key"": ""weather_transit_surge"", ""feature_name"": ""Rainfall Transit Inflow Surge"", ""feature_value"": 1.36, ""shap_value"": 2.98, ""impact"": 2.98}, {""feature_key"": ""hour_cos"", ""feature_name"": ""Time of Day (Diurnal Cycle)"", ""feature_value"": 0.0, ""shap_value"": 1.59, ""impact"": 1.59}, {""feature_key"": ""hour_sin"", ""feature_name"": ""Time of Day (Peak Window)"", ""feature_value"": 1.0, ""shap_value"": 0.99, ""impact"": 0.99}, {""feature_key"": ""lag_foot_24"", ""feature_name"": ""Yesterday's Foot-Traffic"", ""feature_value"": 3437.0, ""shap_value"": 0.84, ""impact"": 0.84}]","[{""feature_key"": ""lag_168"", ""feature_name"": ""Same Time Last Week Congestion"", ""feature_value"": 45.2, ""shap_value"": -6.65, ""impact"": -6.65}, {""feature_key"": ""lag_1"", ""feature_name"": ""Recent Congestion (1h ago)"", ""feature_value"": 45.6, ""shap_value"": -1.47, ""impact"": -1.47}, {""feature_key"": ""transit_pressure_ratio"", ""feature_name"": ""Transit Demand-to-Supply Ratio"", ""feature_value"": 10.72, ""shap_value"": -0.97, ""impact"": -0.97}, {""feature_key"": ""lag_24"", ""feature_name"": ""Yesterday's Same-Hour Congestion"", ""feature_value"": 50.5, ""shap_value"": -0.66, ""impact"": -0.66}, {""feature_key"": ""scheduled_trips"", ""feature_name"": ""Transit Dispatch Frequency"", ""feature_value"": 6.0, ""shap_value"": -0.5, ""impact"": -0.5}]",60.24
2747,MAA_AIRPORT_MEENAMBAKKAM,2026-09-24T07:00:00,2026-09-23T20:00:00,11,91.7,SEVERE,29.8,Monsoon Downpour,6,"[{""feature_key"": ""lag_168"", ""feature_name"": ""Same Time Last Week Congestion"", ""feature_value"": 92.9, ""shap_value"": 18.34, ""impact"": 18.34}, {""feature_key"": ""weather_transit_surge"", ""feature_name"": ""Rainfall Transit Inflow Surge"", ""feature_value"": 1.36, ""shap_value"": 5.16, ""impact"": 5.16}, {""feature_key"": ""lag_foot_24"", ""feature_name"": ""Yesterday's Foot-Traffic"", ""feature_value"": 6221.0, ""shap_value"": 2.33, ""impact"": 2.33}, {""feature_key"": ""hour_cos"", ""feature_name"": ""Time of Day (Diurnal Cycle)"", ""feature_value"": -0.26, ""shap_value"": 1.64, ""impact"": 1.64}, {""feature_key"": ""hour_sin"", ""feature_name"": ""Time of Day (Peak Window)"", ""feature_value"": 0.97, ""shap_value"": 1.37, ""impact"": 1.37}]","[{""feature_key"": ""transit_pressure_ratio"", ""feature_name"": ""Transit Demand-to-Supply Ratio"", ""feature_value"": 10.81, ""shap_value"": -1.86, ""impact"": -1.86}, {""feature_key"": ""scheduled_trips"", ""feature_name"": ""Transit Dispatch Frequency"", ""feature_value"": 6.0, ""shap_value"": -0.69, ""impact"": -0.69}, {""feature_key"": ""lag_1"", ""feature_name"": ""Recent Congestion (1h ago)"", ""feature_value"": 63.8, ""shap_value"": -0.23, ""impact"": -0.23}, {""feature_key"": ""roll_mean_3h"", ""feature_name"": ""3-Hour Moving Congestion Trend"", ""feature_value"": 48.03, ""shap_value"": -0.23, ""impact"": -0.23}, {""feature_key"": ""lag_2"", ""feature_name"": ""Short-term Congestion (2h ago)"", ""feature_value"": 45.6, ""shap_value"": -0.13, ""impact"": -0.13}]",60.24
2748,MAA_AIRPORT_MEENAMBAKKAM,2026-09-24T08:00:00,2026-09-23T20:00:00,12,94.3,SEVERE,31.0,Sunny & Warm,16,"[{""feature_key"": ""lag_168"", ""feature_name"": ""Same Time Last Week Congestion"", ""feature_value"": 98.5, ""shap_value"": 25.56, ""impact"": 25.56}, {""feature_key"": ""lag_1"", ""feature_name"": ""Recent Congestion (1h ago)"", ""feature_value"": 91.7, ""shap_value"": 3.03, ""impact"": 3.03}, {""feature_key"": ""lag_foot_24"", ""feature_name"": ""Yesterday's Foot-Traffic"", ""feature_value"": 8208.0, ""shap_value"": 2.53, ""impact"": 2.53}, {""feature_key"": ""hour_cos"", ""feature_name"": ""Time of Day (Diurnal Cycle)"", ""feature_value"": -0.5, ""shap_value"": 1.5, ""impact"": 1.5}, {""feature_key"": ""lag_foot_1"", ""feature_name"": ""Recent Foot-Traffic (1h ago)"", ""feature_value"": 7794.0, ""shap_value"": 0.93, ""impact"": 0.93}]","[{""feature_key"": ""hour_sin"", ""feature_name"": ""Time of Day (Peak Window)"", ""feature_value"": 0.87, ""shap_value"": -0.8, ""impact"": -0.8}, {""feature_key"": ""weather_transit_surge"", ""feature_name"": ""Rainfall Transit Inflow Surge"", ""feature_value"": 0.0, ""shap_value"": -0.42, ""impact"": -0.42}, {""feature_key"": ""lag_trips_24"", ""feature_name"": ""Yesterday's Scheduled Transit Trips"", ""feature_value"": 16.0, ""shap_value"": -0.38, ""impact"": -0.38}, {""feature_key"": ""dow_sin"", ""feature_name"": ""Weekly Schedule Cycle"", ""feature_value"": 0.43, ""shap_value"": -0.26, ""impact"": -0.26}, {""feature_key"": ""precip_mm"", ""feature_name"": ""Rainfall Intensity"", ""feature_value"": 0.0, ""shap_value"": -0.1, ""impact"": -0.1}]",60.24
2749,MAA_AIRPORT_MEENAMBAKKAM,2026-09-24T09:00:00,2026-09-23T20:00:00,13,96.6,SEVERE,31.6,Sunny & Warm,16,"[{""feature_key"": ""lag_168"", ""feature_name"": ""Same Time Last Week Congestion"", ""feature_value"": 98.5, ""shap_value"": 26.41, ""impact"": 26.41}, {""feature_key"": ""lag_1"", ""feature_name"": ""Recent Congestion (1h ago)"", ""feature_value"": 94.3, ""shap_value"": 2.94, ""impact"": 2.94}, {""feature_key"": ""lag_foot_24"", ""feature_name"": ""Yesterday's Foot-Traffic"", ""feature_value"": 10630.0, ""shap_value"": 2.52, ""impact"": 2.52}, {""feature_key"": ""lag_24"", ""feature_name"": ""Yesterday's Same-Hour Congestion"", ""feature_value"": 98.5, ""shap_value"": 2.32, ""impact"": 2.32}, {""feature_key"": ""hour_cos"", ""feature_name"": ""Time of Day (Diurnal Cycle)"", ""feature_value"": -0.71, ""shap_value"": 0.96, ""impact"": 0.96}]","[{""feature_key"": ""hour_sin"", ""feature_name"": ""Time of Day (Peak Window)"", ""feature_value"": 0.71, ""shap_value"": -0.45, ""impact"": -0.45}, {""feature_key"": ""weather_transit_surge"", ""feature_name"": ""Rainfall Transit Inflow Surge"", ""feature_value"": 0.0, ""shap_value"": -0.36, ""impact"": -0.36}, {""feature_key"": ""lag_trips_24"", ""feature_name"": ""Yesterday's Scheduled Transit Trips"", ""feature_value"": 16.0, ""shap_value"": -0.31, ""impact"": -0.31}, {""feature_key"": ""dow_sin"", ""feature_name"": ""Weekly Schedule Cycle"", ""feature_value"": 0.43, ""shap_value"": -0.24, ""impact"": -0.24}, {""feature_key"": ""precip_mm"", ""feature_name"": ""Rainfall Intensity"", ""feature_value"": 0.0, ""shap_value"": -0.12, ""impact"": -0.12}]",60.24
2750,MAA_AIRPORT_MEENAMBAKKAM,2026-09-24T10:00:00,2026-09-23T20:00:00,14,86.8,SEVERE,34.0,Sunny & Warm,16,"[{""feature_key"": ""lag_168"", ""feature_name"": ""Same Time Last Week Congestion"", ""feature_value"": 98.5, ""shap_value"": 23.57, ""impact"": 23.57}, {""feature_key"": ""lag_1"", ""feature_name"": ""Recent Congestion (1h ago)"", ""feature_value"": 96.6, ""shap_value"": 3.1, ""impact"": 3.1}, {""feature_key"": ""lag_foot_24"", ""feature_name"": ""Yesterday's Foot-Traffic"", ""feature_value"": 8487.0, ""shap_value"": 2.3, ""impact"": 2.3}, {""feature_key"": ""lag_foot_1"", ""feature_name"": ""Recent Foot-Traffic (1h ago)"", ""feature_value"": 8211.0, ""shap_value"": 0.72, ""impact"": 0.72}, {""feature_key"": ""capacity_baseline"", ""feature_name"": ""Station Theoretical Capacity"", ""feature_value"": 8500.0, ""shap_value"": 0.42, ""impact"": 0.42}]","[{""feature_key"": ""hour_cos"", ""feature_name"": ""Time of Day (Diurnal Cycle)"", ""feature_value"": -0.87, ""shap_value"": -2.18, ""impact"": -2.18}, {""feature_key"": ""hour_sin"", ""feature_name"": ""Time of Day (Peak Window)"", ""feature_value"": 0.5, ""shap_value"": -1.24, ""impact"": -1.24}, {""feature_key"": ""weather_transit_surge"", ""feature_name"": ""Rainfall Transit Inflow Surge"", ""feature_value"": 0.0, ""shap_value"": -0.5, ""impact"": -0.5}, {""feature_key"": ""dow_sin"", ""feature_name"": ""Weekly Schedule Cycle"", ""feature_value"": 0.43, ""shap_value"": -0.47, ""impact"": -0.47}, {""feature_key"": ""lag_3"", ""feature_name"": ""Short-term Congestion (3h ago)"", ""feature_value"": 91.7, ""shap_value"": -0.43, ""impact"": -0.43}]",60.24
2751,MAA_AIRPORT_MEENAMBAKKAM,2026-09-24T11:00:00,2026-09-23T20:00:00,15,72.5,HIGH,33.3,Sunny & Warm,10,"[{""feature_key"": ""lag_168"", ""feature_name"": ""Same Time Last Week Congestion"", ""feature_value"": 86.7, ""shap_value"": 15.85, ""impact"": 15.85}, {""feature_key"": ""lag_1"", ""feature_name"": ""Recent Congestion (1h ago)"", ""feature_value"": 86.8, ""shap_value"": 2.28, ""impact"": 2.28}, {""feature_key"": ""lag_foot_24"", ""feature_name"": ""Yesterday's Foot-Traffic"", ""feature_value"": 6472.0, ""shap_value"": 2.17, ""impact"": 2.17}, {""feature_key"": ""capacity_baseline"", ""feature_name"": ""Station Theoretical Capacity"", ""feature_value"": 8500.0, ""shap_value"": 0.56, ""impact"": 0.56}, {""feature_key"": ""lag_foot_1"", ""feature_name"": ""Recent Foot-Traffic (1h ago)"", ""feature_value"": 7378.0, ""shap_value"": 0.5, ""impact"": 0.5}]","[{""feature_key"": ""hour_cos"", ""feature_name"": ""Time of Day (Diurnal Cycle)"", ""feature_value"": -0.97, ""shap_value"": -3.88, ""impact"": -3.88}, {""feature_key"": ""hour_sin"", ""feature_name"": ""Time of Day (Peak Window)"", ""feature_value"": 0.26, ""shap_value"": -1.97, ""impact"": -1.97}, {""feature_key"": ""lag_3"", ""feature_name"": ""Short-term Congestion (3h ago)"", ""feature_value"": 94.3, ""shap_value"": -0.76, ""impact"": -0.76}, {""feature_key"": ""roll_mean_6h"", ""feature_name"": ""6-Hour Moving Congestion Trend"", ""feature_value"": 79.8, ""shap_value"": -0.75, ""impact"": -0.75}, {""feature_key"": ""dow_sin"", ""feature_name"": ""Weekly Schedule Cycle"", ""feature_value"": 0.43, ""shap_value"": -0.71, ""impact"": -0.71}]",60.24
2752,MAA_AIRPORT_MEENAMBAKKAM,2026-09-24T12:00:00,2026-09-23T20:00:00,16,62.9,HIGH,35.5,Hot Summer Spell,10,"[{""feature_key"": ""lag_168"", ""feature_name"": ""Same Time Last Week Congestion"", ""feature_value"": 63.2, ""shap_value"": 3.71, ""impact"": 3.71}, {""feature_key"": ""lag_foot_24"", ""feature_name"": ""Yesterday's Foot-Traffic"", ""feature_value"": 5108.0, ""shap_value"": 2.34, ""impact"": 2.34}, {""feature_key"": ""lag_1"", ""feature_name"": ""Recent Congestion (1h ago)"", ""feature_value"": 72.5, ""shap_value"": 0.91, ""impact"": 0.91}, {""feature_key"": ""capacity_baseline"", ""feature_name"": ""Station Theoretical Capacity"", ""feature_value"": 8500.0, ""shap_value"": 0.66, ""impact"": 0.66}, {""feature_key"": ""temp_c"", ""feature_name"": ""Ambient Temperature"", ""feature_value"": 35.5, ""shap_value"": 0.61, ""impact"": 0.61}]","[{""feature_key"": ""hour_sin"", ""feature_name"": ""Time of Day (Peak Window)"", ""feature_value"": 0.0, ""shap_value"": -1.87, ""impact"": -1.87}, {""feature_key"": ""hour_cos"", ""feature_name"": ""Time of Day (Diurnal Cycle)"", ""feature_value"": -1.0, ""shap_value"": -1.26, ""impact"": -1.26}, {""feature_key"": ""lag_3"", ""feature_name"": ""Short-term Congestion (3h ago)"", ""feature_value"": 96.6, ""shap_value"": -1.11, ""impact"": -1.11}, {""feature_key"": ""roll_mean_6h"", ""feature_name"": ""6-Hour Moving Congestion Trend"", ""feature_value"": 84.28, ""shap_value"": -0.56, ""impact"": -0.56}, {""feature_key"": ""weather_transit_surge"", ""feature_name"": ""Rainfall Transit Inflow Surge"", ""feature_value"": 0.0, ""shap_value"": -0.55, ""impact"": -0.55}]",60.24
2753,MAA_AIRPORT_MEENAMBAKKAM,2026-09-24T13:00:00,2026-09-23T20:00:00,17,62.9,HIGH,34.2,Sunny & Warm,10,"[{""feature_key"": ""lag_168"", ""feature_name"": ""Same Time Last Week Congestion"", ""feature_value"": 62.5, ""shap_value"": 4.59, ""impact"": 4.59}, {""feature_key"": ""lag_foot_24"", ""feature_name"": ""Yesterday's Foot-Traffic"", ""feature_value"": 5601.0, ""shap_value"": 2.34, ""impact"": 2.34}, {""feature_key"": ""capacity_baseline"", ""feature_name"": ""Station Theoretical Capacity"", ""feature_value"": 8500.0, ""shap_value"": 0.73, ""impact"": 0.73}, {""feature_key"": ""lag_24"", ""feature_name"": ""Yesterday's Same-Hour Congestion"", ""feature_value"": 70.4, ""shap_value"": 0.54, ""impact"": 0.54}, {""feature_key"": ""lag_foot_1"", ""feature_name"": ""Recent Foot-Traffic (1h ago)"", ""feature_value"": 5346.0, ""shap_value"": 0.4, ""impact"": 0.4}]","[{""feature_key"": ""hour_sin"", ""feature_name"": ""Time of Day (Peak Window)"", ""feature_value"": -0.26, ""shap_value"": -1.94, ""impact"": -1.94}, {""feature_key"": ""lag_3"", ""feature_name"": ""Short-term Congestion (3h ago)"", ""feature_value"": 86.8, ""shap_value"": -1.11, ""impact"": -1.11}, {""feature_key"": ""lag_1"", ""feature_name"": ""Recent Congestion (1h ago)"", ""feature_value"": 62.9, ""shap_value"": -0.93, ""impact"": -0.93}, {""feature_key"": ""hour_cos"", ""feature_name"": ""Time of Day (Diurnal Cycle)"", ""feature_value"": -0.97, ""shap_value"": -0.89, ""impact"": -0.89}, {""feature_key"": ""roll_mean_6h"", ""feature_name"": ""6-Hour Moving Congestion Trend"", ""feature_value"": 84.13, ""shap_value"": -0.54, ""impact"": -0.54}]",60.24
2754,MAA_AIRPORT_MEENAMBAKKAM,2026-09-24T14:00:00,2026-09-23T20:00:00,18,72.5,HIGH,35.2,Coastal Sea Breeze,10,"[{""feature_key"": ""lag_168"", ""feature_name"": ""Same Time Last Week Congestion"", ""feature_value"": 81.6, ""shap_value"": 14.02, ""impact"": 14.02}, {""feature_key"": ""lag_foot_24"", ""feature_name"": ""Yesterday's Foot-Traffic"", ""feature_value"": 4603.0, ""shap_value"": 2.28, ""impact"": 2.28}, {""feature_key"": ""temp_c"", ""feature_name"": ""Ambient Temperature"", ""feature_value"": 35.2, ""shap_value"": 1.06, ""impact"": 1.06}, {""feature_key"": ""capacity_baseline"", ""feature_name"": ""Station Theoretical Capacity"", ""feature_value"": 8500.0, ""shap_value"": 0.79, ""impact"": 0.79}, {""feature_key"": ""lag_foot_1"", ""feature_name"": ""Recent Foot-Traffic (1h ago)"", ""feature_value"": 5346.0, ""shap_value"": 0.39, ""impact"": 0.39}]","[{""feature_key"": ""lag_1"", ""feature_name"": ""Recent Congestion (1h ago)"", ""feature_value"": 62.9, ""shap_value"": -2.12, ""impact"": -2.12}, {""feature_key"": ""hour_sin"", ""feature_name"": ""Time of Day (Peak Window)"", ""feature_value"": -0.5, ""shap_value"": -1.69, ""impact"": -1.69}, {""feature_key"": ""hour_cos"", ""feature_name"": ""Time of Day (Diurnal Cycle)"", ""feature_value"": -0.87, ""shap_value"": -0.96, ""impact"": -0.96}, {""feature_key"": ""dow_sin"", ""feature_name"": ""Weekly Schedule Cycle"", ""feature_value"": 0.43, ""shap_value"": -0.77, ""impact"": -0.77}, {""feature_key"": ""roll_mean_6h"", ""feature_name"": ""6-Hour Moving Congestion Trend"", ""feature_value"": 79.33, ""shap_value"": -0.58, ""impact"": -0.58}]",60.24
2755,MAA_AIRPORT_MEENAMBAKKAM,2026-09-24T15:00:00,2026-09-23T20:00:00,19,84.0,SEVERE,33.7,Coastal Sea Breeze,10,"[{""feature_key"": ""lag_168"", ""feature_name"": ""Same Time Last Week Congestion"", ""feature_value"": 87.8, ""shap_value"": 18.64, ""impact"": 18.64}, {""feature_key"": ""lag_foot_24"", ""feature_name"": ""Yesterday's Foot-Traffic"", ""feature_value"": 5559.0, ""shap_value"": 2.56, ""impact"": 2.56}, {""feature_key"": ""lag_1"", ""feature_name"": ""Recent Congestion (1h ago)"", ""feature_value"": 72.5, ""shap_value"": 1.26, ""impact"": 1.26}, {""feature_key"": ""hour_cos"", ""feature_name"": ""Time of Day (Diurnal Cycle)"", ""feature_value"": -0.71, ""shap_value"": 1.25, ""impact"": 1.25}, {""feature_key"": ""temp_c"", ""feature_name"": ""Ambient Temperature"", ""feature_value"": 33.7, ""shap_value"": 0.88, ""impact"": 0.88}]","[{""feature_key"": ""hour_sin"", ""feature_name"": ""Time of Day (Peak Window)"", ""feature_value"": -0.71, ""shap_value"": -0.85, ""impact"": -0.85}, {""feature_key"": ""dow_sin"", ""feature_name"": ""Weekly Schedule Cycle"", ""feature_value"": 0.43, ""shap_value"": -0.6, ""impact"": -0.6}, {""feature_key"": ""transit_pressure_ratio"", ""feature_name"": ""Transit Demand-to-Supply Ratio"", ""feature_value"": 6.59, ""shap_value"": -0.6, ""impact"": -0.6}, {""feature_key"": ""scheduled_trips"", ""feature_name"": ""Transit Dispatch Frequency"", ""feature_value"": 10.0, ""shap_value"": -0.54, ""impact"": -0.54}, {""feature_key"": ""lag_24"", ""feature_name"": ""Yesterday's Same-Hour Congestion"", ""feature_value"": 80.8, ""shap_value"": -0.38, ""impact"": -0.38}]",60.24
2756,MAA_AIRPORT_MEENAMBAKKAM,2026-09-24T16:00:00,2026-09-23T20:00:00,20,96.5,SEVERE,33.9,Coastal Sea Breeze,10,"[{""feature_key"": ""lag_168"", ""feature_name"": ""Same Time Last Week Congestion"", ""feature_value"": 98.5, ""shap_value"": 26.03, ""impact"": 26.03}, {""feature_key"": ""lag_foot_24"", ""feature_name"": ""Yesterday's Foot-Traffic"", ""feature_value"": 7681.0, ""shap_value"": 2.54, ""impact"": 2.54}, {""feature_key"": ""lag_1"", ""feature_name"": ""Recent Congestion (1h ago)"", ""feature_value"": 84.0, ""shap_value"": 1.78, ""impact"": 1.78}, {""feature_key"": ""hour_sin"", ""feature_name"": ""Time of Day (Peak Window)"", ""feature_value"": -0.87, ""shap_value"": 1.62, ""impact"": 1.62}, {""feature_key"": ""hour_cos"", ""feature_name"": ""Time of Day (Diurnal Cycle)"", ""feature_value"": -0.5, ""shap_value"": 1.5, ""impact"": 1.5}]","[{""feature_key"": ""scheduled_trips"", ""feature_name"": ""Transit Dispatch Frequency"", ""feature_value"": 10.0, ""shap_value"": -0.75, ""impact"": -0.75}, {""feature_key"": ""dow_sin"", ""feature_name"": ""Weekly Schedule Cycle"", ""feature_value"": 0.43, ""shap_value"": -0.36, ""impact"": -0.36}, {""feature_key"": ""weather_transit_surge"", ""feature_name"": ""Rainfall Transit Inflow Surge"", ""feature_value"": 0.0, ""shap_value"": -0.22, ""impact"": -0.22}, {""feature_key"": ""transit_pressure_ratio"", ""feature_name"": ""Transit Demand-to-Supply Ratio"", ""feature_value"": 6.6, ""shap_value"": -0.19, ""impact"": -0.19}, {""feature_key"": ""humidity_pct"", ""feature_name"": ""Marine Layer / Humidity"", ""feature_value"": 77.0, ""shap_value"": -0.08, ""impact"": -0.08}]",60.24
2757,MAA_AIRPORT_MEENAMBAKKAM,2026-09-24T17:00:00,2026-09-23T20:00:00,21,98.4,SEVERE,33.4,Coastal Sea Breeze,16,"[{""feature_key"": ""lag_168"", ""feature_name"": ""Same Time Last Week Congestion"", ""feature_value"": 98.5, ""shap_value"": 25.83, ""impact"": 25.83}, {""feature_key"": ""lag_foot_24"", ""feature_name"": ""Yesterday's Foot-Traffic"", ""feature_value"": 12724.0, ""shap_value"": 2.75, ""impact"": 2.75}, {""feature_key"": ""lag_24"", ""feature_name"": ""Yesterday's Same-Hour Congestion"", ""feature_value"": 98.5, ""shap_value"": 2.4, ""impact"": 2.4}, {""feature_key"": ""hour_sin"", ""feature_name"": ""Time of Day (Peak Window)"", ""feature_value"": -0.97, ""shap_value"": 2.13, ""impact"": 2.13}, {""feature_key"": ""lag_1"", ""feature_name"": ""Recent Congestion (1h ago)"", ""feature_value"": 96.5, ""shap_value"": 2.05, ""impact"": 2.05}]","[{""feature_key"": ""dow_sin"", ""feature_name"": ""Weekly Schedule Cycle"", ""feature_value"": 0.43, ""shap_value"": -0.28, ""impact"": -0.28}, {""feature_key"": ""lag_trips_24"", ""feature_name"": ""Yesterday's Scheduled Transit Trips"", ""feature_value"": 16.0, ""shap_value"": -0.26, ""impact"": -0.26}, {""feature_key"": ""weather_transit_surge"", ""feature_name"": ""Rainfall Transit Inflow Surge"", ""feature_value"": 0.0, ""shap_value"": -0.22, ""impact"": -0.22}, {""feature_key"": ""roll_mean_24h"", ""feature_name"": ""24-Hour Average Baseline"", ""feature_value"": 66.12, ""shap_value"": -0.09, ""impact"": -0.09}, {""feature_key"": ""is_rain"", ""feature_name"": ""Rain Weather Friction"", ""feature_value"": 0.0, ""shap_value"": -0.03, ""impact"": -0.03}]",60.24
2758,MAA_AIRPORT_MEENAMBAKKAM,2026-09-24T18:00:00,2026-09-23T20:00:00,22,98.0,SEVERE,33.0,Sunny & Warm,16,"[{""feature_key"": ""lag_168"", ""feature_name"": ""Same Time Last Week Congestion"", ""feature_value"": 98.5, ""shap_value"": 25.86, ""impact"": 25.86}, {""feature_key"": ""lag_foot_24"", ""feature_name"": ""Yesterday's Foot-Traffic"", ""feature_value"": 13184.0, ""shap_value"": 2.68, ""impact"": 2.68}, {""feature_key"": ""lag_24"", ""feature_name"": ""Yesterday's Same-Hour Congestion"", ""feature_value"": 98.5, ""shap_value"": 2.52, ""impact"": 2.52}, {""feature_key"": ""lag_1"", ""feature_name"": ""Recent Congestion (1h ago)"", ""feature_value"": 98.4, ""shap_value"": 2.32, ""impact"": 2.32}, {""feature_key"": ""hour_sin"", ""feature_name"": ""Time of Day (Peak Window)"", ""feature_value"": -1.0, ""shap_value"": 2.23, ""impact"": 2.23}]","[{""feature_key"": ""dow_sin"", ""feature_name"": ""Weekly Schedule Cycle"", ""feature_value"": 0.43, ""shap_value"": -0.3, ""impact"": -0.3}, {""feature_key"": ""lag_trips_24"", ""feature_name"": ""Yesterday's Scheduled Transit Trips"", ""feature_value"": 16.0, ""shap_value"": -0.25, ""impact"": -0.25}, {""feature_key"": ""weather_transit_surge"", ""feature_name"": ""Rainfall Transit Inflow Surge"", ""feature_value"": 0.0, ""shap_value"": -0.24, ""impact"": -0.24}, {""feature_key"": ""roll_mean_6h"", ""feature_name"": ""6-Hour Moving Congestion Trend"", ""feature_value"": 79.53, ""shap_value"": -0.17, ""impact"": -0.17}, {""feature_key"": ""lag_3"", ""feature_name"": ""Short-term Congestion (3h ago)"", ""feature_value"": 84.0, ""shap_value"": -0.14, ""impact"": -0.14}]",60.24
2759,MAA_AIRPORT_MEENAMBAKKAM,2026-09-24T19:00:00,2026-09-23T20:00:00,23,97.9,SEVERE,31.6,Sunny & Warm,16,"[{""feature_key"": ""lag_168"", ""feature_name"": ""Same Time Last Week Congestion"", ""feature_value"": 98.5, ""shap_value"": 25.73, ""impact"": 25.73}, {""feature_key"": ""lag_foot_24"", ""feature_name"": ""Yesterday's Foot-Traffic"", ""feature_value"": 13330.0, ""shap_value"": 2.75, ""impact"": 2.75}, {""feature_key"": ""lag_1"", ""feature_name"": ""Recent Congestion (1h ago)"", ""feature_value"": 98.0, ""shap_value"": 2.59, ""impact"": 2.59}, {""feature_key"": ""lag_24"", ""feature_name"": ""Yesterday's Same-Hour Congestion"", ""feature_value"": 98.5, ""shap_value"": 2.52, ""impact"": 2.52}, {""feature_key"": ""hour_sin"", ""feature_name"": ""Time of Day (Peak Window)"", ""feature_value"": -0.97, ""shap_value"": 2.21, ""impact"": 2.21}]","[{""feature_key"": ""lag_3"", ""feature_name"": ""Short-term Congestion (3h ago)"", ""feature_value"": 96.5, ""shap_value"": -0.4, ""impact"": -0.4}, {""feature_key"": ""dow_sin"", ""feature_name"": ""Weekly Schedule Cycle"", ""feature_value"": 0.43, ""shap_value"": -0.33, ""impact"": -0.33}, {""feature_key"": ""weather_transit_surge"", ""feature_name"": ""Rainfall Transit Inflow Surge"", ""feature_value"": 0.0, ""shap_value"": -0.24, ""impact"": -0.24}, {""feature_key"": ""lag_trips_24"", ""feature_name"": ""Yesterday's Scheduled Transit Trips"", ""feature_value"": 16.0, ""shap_value"": -0.23, ""impact"": -0.23}, {""feature_key"": ""roll_mean_6h"", ""feature_name"": ""6-Hour Moving Congestion Trend"", ""feature_value"": 85.38, ""shap_value"": -0.21, ""impact"": -0.21}]",60.24
2760,MAA_AIRPORT_MEENAMBAKKAM,2026-09-24T20:00:00,2026-09-23T20:00:00,24,92.8,SEVERE,31.2,Sunny & Warm,16,"[{""feature_key"": ""lag_168"", ""feature_name"": ""Same Time Last Week Congestion"", ""feature_value"": 89.2, ""shap_value"": 21.84, ""impact"": 21.84}, {""feature_key"": ""lag_24"", ""feature_name"": ""Yesterday's Same-Hour Congestion"", ""feature_value"": 98.5, ""shap_value"": 2.8, ""impact"": 2.8}, {""feature_key"": ""lag_1"", ""feature_name"": ""Recent Congestion (1h ago)"", ""feature_value"": 97.9, ""shap_value"": 2.65, ""impact"": 2.65}, {""feature_key"": ""lag_foot_24"", ""feature_name"": ""Yesterday's Foot-Traffic"", ""feature_value"": 9202.0, ""shap_value"": 2.56, ""impact"": 2.56}, {""feature_key"": ""hour_sin"", ""feature_name"": ""Time of Day (Peak Window)"", ""feature_value"": -0.87, ""shap_value"": 1.87, ""impact"": 1.87}]","[{""feature_key"": ""dow_sin"", ""feature_name"": ""Weekly Schedule Cycle"", ""feature_value"": 0.43, ""shap_value"": -0.48, ""impact"": -0.48}, {""feature_key"": ""lag_3"", ""feature_name"": ""Short-term Congestion (3h ago)"", ""feature_value"": 98.4, ""shap_value"": -0.46, ""impact"": -0.46}, {""feature_key"": ""weather_transit_surge"", ""feature_name"": ""Rainfall Transit Inflow Surge"", ""feature_value"": 0.0, ""shap_value"": -0.35, ""impact"": -0.35}, {""feature_key"": ""roll_mean_6h"", ""feature_name"": ""6-Hour Moving Congestion Trend"", ""feature_value"": 91.22, ""shap_value"": -0.33, ""impact"": -0.33}, {""feature_key"": ""lag_trips_24"", ""feature_name"": ""Yesterday's Scheduled Transit Trips"", ""feature_value"": 16.0, ""shap_value"": -0.26, ""impact"": -0.26}]",60.24
2761,MAA_AIRPORT_MEENAMBAKKAM,2026-09-24T21:00:00,2026-09-23T20:00:00,25,68.3,HIGH,27.7,Sunny & Warm,6,"[{""feature_key"": ""lag_168"", ""feature_name"": ""Same Time Last Week Congestion"", ""feature_value"": 70.7, ""shap_value"": 8.47, ""impact"": 8.47}, {""feature_key"": ""lag_1"", ""feature_name"": ""Recent Congestion (1h ago)"", ""feature_value"": 92.8, ""shap_value"": 3.4, ""impact"": 3.4}, {""feature_key"": ""lag_foot_24"", ""feature_name"": ""Yesterday's Foot-Traffic"", ""feature_value"": 5958.0, ""shap_value"": 2.12, ""impact"": 2.12}, {""feature_key"": ""temp_c"", ""feature_name"": ""Ambient Temperature"", ""feature_value"": 27.7, ""shap_value"": 1.29, ""impact"": 1.29}, {""feature_key"": ""capacity_baseline"", ""feature_name"": ""Station Theoretical Capacity"", ""feature_value"": 8500.0, ""shap_value"": 0.51, ""impact"": 0.51}]","[{""feature_key"": ""transit_pressure_ratio"", ""feature_name"": ""Transit Demand-to-Supply Ratio"", ""feature_value"": 10.97, ""shap_value"": -1.88, ""impact"": -1.88}, {""feature_key"": ""hour_cos"", ""feature_name"": ""Time of Day (Diurnal Cycle)"", ""feature_value"": 0.71, ""shap_value"": -1.71, ""impact"": -1.71}, {""feature_key"": ""lag_3"", ""feature_name"": ""Short-term Congestion (3h ago)"", ""feature_value"": 98.0, ""shap_value"": -1.03, ""impact"": -1.03}, {""feature_key"": ""roll_mean_6h"", ""feature_name"": ""6-Hour Moving Congestion Trend"", ""feature_value"": 94.6, ""shap_value"": -0.97, ""impact"": -0.97}, {""feature_key"": ""scheduled_trips"", ""feature_name"": ""Transit Dispatch Frequency"", ""feature_value"": 6.0, ""shap_value"": -0.88, ""impact"": -0.88}]",60.24
2762,MAA_AIRPORT_MEENAMBAKKAM,2026-09-24T22:00:00,2026-09-23T20:00:00,26,44.6,MODERATE,27.6,Sunny & Warm,6,"[{""feature_key"": ""lag_1"", ""feature_name"": ""Recent Congestion (1h ago)"", ""feature_value"": 68.3, ""shap_value"": 1.35, ""impact"": 1.35}, {""feature_key"": ""temp_c"", ""feature_name"": ""Ambient Temperature"", ""feature_value"": 27.6, ""shap_value"": 0.96, ""impact"": 0.96}, {""feature_key"": ""lag_foot_1"", ""feature_name"": ""Recent Foot-Traffic (1h ago)"", ""feature_value"": 5805.0, ""shap_value"": 0.52, ""impact"": 0.52}, {""feature_key"": ""lag_foot_24"", ""feature_name"": ""Yesterday's Foot-Traffic"", ""feature_value"": 3858.0, ""shap_value"": 0.49, ""impact"": 0.49}, {""feature_key"": ""capacity_baseline"", ""feature_name"": ""Station Theoretical Capacity"", ""feature_value"": 8500.0, ""shap_value"": 0.31, ""impact"": 0.31}]","[{""feature_key"": ""lag_168"", ""feature_name"": ""Same Time Last Week Congestion"", ""feature_value"": 41.4, ""shap_value"": -9.98, ""impact"": -9.98}, {""feature_key"": ""hour_cos"", ""feature_name"": ""Time of Day (Diurnal Cycle)"", ""feature_value"": 0.87, ""shap_value"": -2.55, ""impact"": -2.55}, {""feature_key"": ""lag_24"", ""feature_name"": ""Yesterday's Same-Hour Congestion"", ""feature_value"": 45.4, ""shap_value"": -1.22, ""impact"": -1.22}, {""feature_key"": ""transit_pressure_ratio"", ""feature_name"": ""Transit Demand-to-Supply Ratio"", ""feature_value"": 10.96, ""shap_value"": -1.19, ""impact"": -1.19}, {""feature_key"": ""hour_sin"", ""feature_name"": ""Time of Day (Peak Window)"", ""feature_value"": -0.5, ""shap_value"": -0.9, ""impact"": -0.9}]",60.24
2763,MAA_AIRPORT_MEENAMBAKKAM,2026-09-24T23:00:00,2026-09-23T20:00:00,27,27.1,LOW,28.6,Sunny & Warm,6,"[{""feature_key"": ""temp_c"", ""feature_name"": ""Ambient Temperature"", ""feature_value"": 28.6, ""shap_value"": 0.53, ""impact"": 0.53}, {""feature_key"": ""lag_trips_24"", ""feature_name"": ""Yesterday's Scheduled Transit Trips"", ""feature_value"": 6.0, ""shap_value"": 0.24, ""impact"": 0.24}, {""feature_key"": ""capacity_baseline"", ""feature_name"": ""Station Theoretical Capacity"", ""feature_value"": 8500.0, ""shap_value"": 0.12, ""impact"": 0.12}, {""feature_key"": ""dow_cos"", ""feature_name"": ""Day of Week Alignment"", ""feature_value"": -0.9, ""shap_value"": 0.1, ""impact"": 0.1}, {""feature_key"": ""tourist_weight"", ""feature_name"": ""Tourist Landmark Dominance"", ""feature_value"": 0.7, ""shap_value"": 0.1, ""impact"": 0.1}]","[{""feature_key"": ""lag_168"", ""feature_name"": ""Same Time Last Week Congestion"", ""feature_value"": 25.6, ""shap_value"": -23.46, ""impact"": -23.46}, {""feature_key"": ""hour_cos"", ""feature_name"": ""Time of Day (Diurnal Cycle)"", ""feature_value"": 0.97, ""shap_value"": -2.69, ""impact"": -2.69}, {""feature_key"": ""lag_1"", ""feature_name"": ""Recent Congestion (1h ago)"", ""feature_value"": 44.6, ""shap_value"": -1.8, ""impact"": -1.8}, {""feature_key"": ""lag_24"", ""feature_name"": ""Yesterday's Same-Hour Congestion"", ""feature_value"": 26.2, ""shap_value"": -1.64, ""impact"": -1.64}, {""feature_key"": ""hour_sin"", ""feature_name"": ""Time of Day (Peak Window)"", ""feature_value"": -0.26, ""shap_value"": -1.11, ""impact"": -1.11}]",60.24
2764,MAA_AIRPORT_MEENAMBAKKAM,2026-09-25T00:00:00,2026-09-23T20:00:00,28,18.6,LOW,27.0,Humid / Overcast,8,"[{""feature_key"": ""capacity_baseline"", ""feature_name"": ""Station Theoretical Capacity"", ""feature_value"": 8500.0, ""shap_value"": 0.34, ""impact"": 0.34}, {""feature_key"": ""lag_trips_24"", ""feature_name"": ""Yesterday's Scheduled Transit Trips"", ""feature_value"": 8.0, ""shap_value"": 0.24, ""impact"": 0.24}, {""feature_key"": ""transit_weight"", ""feature_name"": ""Transit Commuter Dominance"", ""feature_value"": 0.85, ""shap_value"": 0.09, ""impact"": 0.09}, {""feature_key"": ""tourist_weight"", ""feature_name"": ""Tourist Landmark Dominance"", ""feature_value"": 0.7, ""shap_value"": 0.08, ""impact"": 0.08}, {""feature_key"": ""dow_cos"", ""feature_name"": ""Day of Week Alignment"", ""feature_value"": -0.9, ""shap_value"": 0.04, ""impact"": 0.04}]","[{""feature_key"": ""lag_168"", ""feature_name"": ""Same Time Last Week Congestion"", ""feature_value"": 15.7, ""shap_value"": -29.23, ""impact"": -29.23}, {""feature_key"": ""lag_1"", ""feature_name"": ""Recent Congestion (1h ago)"", ""feature_value"": 27.1, ""shap_value"": -2.56, ""impact"": -2.56}, {""feature_key"": ""lag_24"", ""feature_name"": ""Yesterday's Same-Hour Congestion"", ""feature_value"": 17.2, ""shap_value"": -2.21, ""impact"": -2.21}, {""feature_key"": ""hour_cos"", ""feature_name"": ""Time of Day (Diurnal Cycle)"", ""feature_value"": 1.0, ""shap_value"": -2.08, ""impact"": -2.08}, {""feature_key"": ""lag_foot_24"", ""feature_name"": ""Yesterday's Foot-Traffic"", ""feature_value"": 1461.0, ""shap_value"": -2.06, ""impact"": -2.06}]",60.24
2765,MAA_AIRPORT_MEENAMBAKKAM,2026-09-25T01:00:00,2026-09-23T20:00:00,29,19.8,LOW,25.2,Humid / Overcast,8,"[{""feature_key"": ""capacity_baseline"", ""feature_name"": ""Station Theoretical Capacity"", ""feature_value"": 8500.0, ""shap_value"": 0.39, ""impact"": 0.39}, {""feature_key"": ""lag_trips_24"", ""feature_name"": ""Yesterday's Scheduled Transit Trips"", ""feature_value"": 8.0, ""shap_value"": 0.26, ""impact"": 0.26}, {""feature_key"": ""lag_3"", ""feature_name"": ""Short-term Congestion (3h ago)"", ""feature_value"": 44.6, ""shap_value"": 0.25, ""impact"": 0.25}, {""feature_key"": ""roll_mean_6h"", ""feature_name"": ""6-Hour Moving Congestion Trend"", ""feature_value"": 58.22, ""shap_value"": 0.11, ""impact"": 0.11}, {""feature_key"": ""transit_weight"", ""feature_name"": ""Transit Commuter Dominance"", ""feature_value"": 0.85, ""shap_value"": 0.09, ""impact"": 0.09}]","[{""feature_key"": ""lag_168"", ""feature_name"": ""Same Time Last Week Congestion"", ""feature_value"": 19.1, ""shap_value"": -27.81, ""impact"": -27.81}, {""feature_key"": ""lag_1"", ""feature_name"": ""Recent Congestion (1h ago)"", ""feature_value"": 18.6, ""shap_value"": -2.78, ""impact"": -2.78}, {""feature_key"": ""lag_24"", ""feature_name"": ""Yesterday's Same-Hour Congestion"", ""feature_value"": 18.8, ""shap_value"": -2.2, ""impact"": -2.2}, {""feature_key"": ""hour_cos"", ""feature_name"": ""Time of Day (Diurnal Cycle)"", ""feature_value"": 0.97, ""shap_value"": -2.09, ""impact"": -2.09}, {""feature_key"": ""lag_foot_24"", ""feature_name"": ""Yesterday's Foot-Traffic"", ""feature_value"": 1598.0, ""shap_value"": -1.69, ""impact"": -1.69}]",60.24
2766,MAA_AIRPORT_MEENAMBAKKAM,2026-09-25T02:00:00,2026-09-23T20:00:00,30,26.0,LOW,25.6,Humid / Overcast,8,"[{""feature_key"": ""lag_trips_24"", ""feature_name"": ""Yesterday's Scheduled Transit Trips"", ""feature_value"": 8.0, ""shap_value"": 0.27, ""impact"": 0.27}, {""feature_key"": ""lag_3"", ""feature_name"": ""Short-term Congestion (3h ago)"", ""feature_value"": 27.1, ""shap_value"": 0.22, ""impact"": 0.22}, {""feature_key"": ""roll_mean_6h"", ""feature_name"": ""6-Hour Moving Congestion Trend"", ""feature_value"": 45.2, ""shap_value"": 0.14, ""impact"": 0.14}, {""feature_key"": ""lag_foot_24"", ""feature_name"": ""Yesterday's Foot-Traffic"", ""feature_value"": 1648.0, ""shap_value"": 0.13, ""impact"": 0.13}, {""feature_key"": ""tourist_weight"", ""feature_name"": ""Tourist Landmark Dominance"", ""feature_value"": 0.7, ""shap_value"": 0.09, ""impact"": 0.09}]","[{""feature_key"": ""lag_168"", ""feature_name"": ""Same Time Last Week Congestion"", ""feature_value"": 27.3, ""shap_value"": -22.36, ""impact"": -22.36}, {""feature_key"": ""lag_1"", ""feature_name"": ""Recent Congestion (1h ago)"", ""feature_value"": 19.8, ""shap_value"": -3.12, ""impact"": -3.12}, {""feature_key"": ""lag_24"", ""feature_name"": ""Yesterday's Same-Hour Congestion"", ""feature_value"": 19.4, ""shap_value"": -2.95, ""impact"": -2.95}, {""feature_key"": ""hour_cos"", ""feature_name"": ""Time of Day (Diurnal Cycle)"", ""feature_value"": 0.87, ""shap_value"": -1.92, ""impact"": -1.92}, {""feature_key"": ""lag_foot_1"", ""feature_name"": ""Recent Foot-Traffic (1h ago)"", ""feature_value"": 1683.0, ""shap_value"": -1.47, ""impact"": -1.47}]",60.24
2767,MAA_AIRPORT_MEENAMBAKKAM,2026-09-25T03:00:00,2026-09-23T20:00:00,31,30.7,LOW,24.9,Humid / Overcast,8,"[{""feature_key"": ""lag_foot_24"", ""feature_name"": ""Yesterday's Foot-Traffic"", ""feature_value"": 2643.0, ""shap_value"": 0.3, ""impact"": 0.3}, {""feature_key"": ""lag_trips_24"", ""feature_name"": ""Yesterday's Scheduled Transit Trips"", ""feature_value"": 8.0, ""shap_value"": 0.28, ""impact"": 0.28}, {""feature_key"": ""roll_mean_6h"", ""feature_name"": ""6-Hour Moving Congestion Trend"", ""feature_value"": 34.07, ""shap_value"": 0.22, ""impact"": 0.22}, {""feature_key"": ""lag_3"", ""feature_name"": ""Short-term Congestion (3h ago)"", ""feature_value"": 18.6, ""shap_value"": 0.19, ""impact"": 0.19}, {""feature_key"": ""capacity_baseline"", ""feature_name"": ""Station Theoretical Capacity"", ""feature_value"": 8500.0, ""shap_value"": 0.1, ""impact"": 0.1}]","[{""feature_key"": ""lag_168"", ""feature_name"": ""Same Time Last Week Congestion"", ""feature_value"": 30.4, ""shap_value"": -20.14, ""impact"": -20.14}, {""feature_key"": ""lag_1"", ""feature_name"": ""Recent Congestion (1h ago)"", ""feature_value"": 26.0, ""shap_value"": -2.86, ""impact"": -2.86}, {""feature_key"": ""hour_cos"", ""feature_name"": ""Time of Day (Diurnal Cycle)"", ""feature_value"": 0.71, ""shap_value"": -1.56, ""impact"": -1.56}, {""feature_key"": ""lag_foot_1"", ""feature_name"": ""Recent Foot-Traffic (1h ago)"", ""feature_value"": 2210.0, ""shap_value"": -1.42, ""impact"": -1.42}, {""feature_key"": ""lag_24"", ""feature_name"": ""Yesterday's Same-Hour Congestion"", ""feature_value"": 31.1, ""shap_value"": -1.34, ""impact"": -1.34}]",60.24
2768,MAA_AIRPORT_MEENAMBAKKAM,2026-09-25T04:00:00,2026-09-23T20:00:00,32,33.9,LOW,26.4,Sunny & Warm,8,"[{""feature_key"": ""lag_foot_24"", ""feature_name"": ""Yesterday's Foot-Traffic"", ""feature_value"": 2949.0, ""shap_value"": 0.77, ""impact"": 0.77}, {""feature_key"": ""lag_trips_24"", ""feature_name"": ""Yesterday's Scheduled Transit Trips"", ""feature_value"": 8.0, ""shap_value"": 0.35, ""impact"": 0.35}, {""feature_key"": ""roll_mean_6h"", ""feature_name"": ""6-Hour Moving Congestion Trend"", ""feature_value"": 27.8, ""shap_value"": 0.27, ""impact"": 0.27}, {""feature_key"": ""lag_3"", ""feature_name"": ""Short-term Congestion (3h ago)"", ""feature_value"": 19.8, ""shap_value"": 0.24, ""impact"": 0.24}, {""feature_key"": ""capacity_baseline"", ""feature_name"": ""Station Theoretical Capacity"", ""feature_value"": 8500.0, ""shap_value"": 0.16, ""impact"": 0.16}]","[{""feature_key"": ""lag_168"", ""feature_name"": ""Same Time Last Week Congestion"", ""feature_value"": 33.3, ""shap_value"": -18.62, ""impact"": -18.62}, {""feature_key"": ""lag_1"", ""feature_name"": ""Recent Congestion (1h ago)"", ""feature_value"": 30.7, ""shap_value"": -2.93, ""impact"": -2.93}, {""feature_key"": ""hour_cos"", ""feature_name"": ""Time of Day (Diurnal Cycle)"", ""feature_value"": 0.5, ""shap_value"": -1.31, ""impact"": -1.31}, {""feature_key"": ""lag_foot_1"", ""feature_name"": ""Recent Foot-Traffic (1h ago)"", ""feature_value"": 2609.0, ""shap_value"": -1.19, ""impact"": -1.19}, {""feature_key"": ""lag_24"", ""feature_name"": ""Yesterday's Same-Hour Congestion"", ""feature_value"": 34.7, ""shap_value"": -0.92, ""impact"": -0.92}]",60.24
2769,MAA_AIRPORT_MEENAMBAKKAM,2026-09-25T05:00:00,2026-09-23T20:00:00,33,56.6,MODERATE,27.4,Monsoon Downpour,6,"[{""feature_key"": ""weather_transit_surge"", ""feature_name"": ""Rainfall Transit Inflow Surge"", ""feature_value"": 1.36, ""shap_value"": 3.44, ""impact"": 3.44}, {""feature_key"": ""precip_mm"", ""feature_name"": ""Rainfall Intensity"", ""feature_value"": 7.81, ""shap_value"": 2.61, ""impact"": 2.61}, {""feature_key"": ""weather_tourism_suppression"", ""feature_name"": ""Weather Tourist Dampening Index"", ""feature_value"": 1.26, ""shap_value"": 1.26, ""impact"": 1.26}, {""feature_key"": ""hour_sin"", ""feature_name"": ""Time of Day (Peak Window)"", ""feature_value"": 0.97, ""shap_value"": 0.71, ""impact"": 0.71}, {""feature_key"": ""is_rain"", ""feature_name"": ""Rain Weather Friction"", ""feature_value"": 1.0, ""shap_value"": 0.65, ""impact"": 0.65}]","[{""feature_key"": ""lag_168"", ""feature_name"": ""Same Time Last Week Congestion"", ""feature_value"": 49.4, ""shap_value"": -5.38, ""impact"": -5.38}, {""feature_key"": ""lag_1"", ""feature_name"": ""Recent Congestion (1h ago)"", ""feature_value"": 33.9, ""shap_value"": -3.17, ""impact"": -3.17}, {""feature_key"": ""lag_24"", ""feature_name"": ""Yesterday's Same-Hour Congestion"", ""feature_value"": 45.6, ""shap_value"": -1.37, ""impact"": -1.37}, {""feature_key"": ""hour_cos"", ""feature_name"": ""Time of Day (Diurnal Cycle)"", ""feature_value"": 0.26, ""shap_value"": -1.18, ""impact"": -1.18}, {""feature_key"": ""lag_foot_1"", ""feature_name"": ""Recent Foot-Traffic (1h ago)"", ""feature_value"": 2881.0, ""shap_value"": -1.14, ""impact"": -1.14}]",60.24
2770,MAA_AIRPORT_MEENAMBAKKAM,2026-09-25T06:00:00,2026-09-23T20:00:00,34,79.5,HIGH,28.5,Monsoon Downpour,6,"[{""feature_key"": ""weather_transit_surge"", ""feature_name"": ""Rainfall Transit Inflow Surge"", ""feature_value"": 1.36, ""shap_value"": 6.5, ""impact"": 6.5}, {""feature_key"": ""lag_168"", ""feature_name"": ""Same Time Last Week Congestion"", ""feature_value"": 64.4, ""shap_value"": 5.26, ""impact"": 5.26}, {""feature_key"": ""lag_foot_24"", ""feature_name"": ""Yesterday's Foot-Traffic"", ""feature_value"": 5423.0, ""shap_value"": 2.42, ""impact"": 2.42}, {""feature_key"": ""temp_c"", ""feature_name"": ""Ambient Temperature"", ""feature_value"": 28.5, ""shap_value"": 1.91, ""impact"": 1.91}, {""feature_key"": ""precip_mm"", ""feature_name"": ""Rainfall Intensity"", ""feature_value"": 6.03, ""shap_value"": 1.83, ""impact"": 1.83}]","[{""feature_key"": ""lag_1"", ""feature_name"": ""Recent Congestion (1h ago)"", ""feature_value"": 56.6, ""shap_value"": -2.02, ""impact"": -2.02}, {""feature_key"": ""transit_pressure_ratio"", ""feature_name"": ""Transit Demand-to-Supply Ratio"", ""feature_value"": 11.09, ""shap_value"": -1.12, ""impact"": -1.12}, {""feature_key"": ""scheduled_trips"", ""feature_name"": ""Transit Dispatch Frequency"", ""feature_value"": 6.0, ""shap_value"": -0.41, ""impact"": -0.41}, {""feature_key"": ""roll_mean_3h"", ""feature_name"": ""3-Hour Moving Congestion Trend"", ""feature_value"": 40.4, ""shap_value"": -0.33, ""impact"": -0.33}, {""feature_key"": ""dow_cos"", ""feature_name"": ""Day of Week Alignment"", ""feature_value"": -0.9, ""shap_value"": -0.16, ""impact"": -0.16}]",60.24
2771,MAA_AIRPORT_MEENAMBAKKAM,2026-09-25T07:00:00,2026-09-23T20:00:00,35,91.0,SEVERE,29.1,Monsoon Downpour,6,"[{""feature_key"": ""lag_168"", ""feature_name"": ""Same Time Last Week Congestion"", ""feature_value"": 93.7, ""shap_value"": 19.04, ""impact"": 19.04}, {""feature_key"": ""weather_transit_surge"", ""feature_name"": ""Rainfall Transit Inflow Surge"", ""feature_value"": 1.36, ""shap_value"": 3.18, ""impact"": 3.18}, {""feature_key"": ""lag_foot_24"", ""feature_name"": ""Yesterday's Foot-Traffic"", ""feature_value"": 7794.0, ""shap_value"": 2.35, ""impact"": 2.35}, {""feature_key"": ""lag_24"", ""feature_name"": ""Yesterday's Same-Hour Congestion"", ""feature_value"": 91.7, ""shap_value"": 1.91, ""impact"": 1.91}, {""feature_key"": ""lag_1"", ""feature_name"": ""Recent Congestion (1h ago)"", ""feature_value"": 79.5, ""shap_value"": 1.47, ""impact"": 1.47}]","[{""feature_key"": ""transit_pressure_ratio"", ""feature_name"": ""Transit Demand-to-Supply Ratio"", ""feature_value"": 11.2, ""shap_value"": -3.81, ""impact"": -3.81}, {""feature_key"": ""scheduled_trips"", ""feature_name"": ""Transit Dispatch Frequency"", ""feature_value"": 6.0, ""shap_value"": -0.98, ""impact"": -0.98}, {""feature_key"": ""roll_mean_3h"", ""feature_name"": ""3-Hour Moving Congestion Trend"", ""feature_value"": 56.67, ""shap_value"": -0.14, ""impact"": -0.14}, {""feature_key"": ""dow_cos"", ""feature_name"": ""Day of Week Alignment"", ""feature_value"": -0.9, ""shap_value"": -0.05, ""impact"": -0.05}]",60.24
2772,MAA_AIRPORT_MEENAMBAKKAM,2026-09-25T08:00:00,2026-09-23T20:00:00,36,97.8,SEVERE,30.8,Monsoon Downpour,16,"[{""feature_key"": ""lag_168"", ""feature_name"": ""Same Time Last Week Congestion"", ""feature_value"": 91.4, ""shap_value"": 20.52, ""impact"": 20.52}, {""feature_key"": ""weather_transit_surge"", ""feature_name"": ""Rainfall Transit Inflow Surge"", ""feature_value"": 1.36, ""shap_value"": 4.02, ""impact"": 4.02}, {""feature_key"": ""lag_foot_24"", ""feature_name"": ""Yesterday's Foot-Traffic"", ""feature_value"": 8015.0, ""shap_value"": 2.54, ""impact"": 2.54}, {""feature_key"": ""lag_1"", ""feature_name"": ""Recent Congestion (1h ago)"", ""feature_value"": 91.0, ""shap_value"": 2.26, ""impact"": 2.26}, {""feature_key"": ""lag_24"", ""feature_name"": ""Yesterday's Same-Hour Congestion"", ""feature_value"": 94.3, ""shap_value"": 1.9, ""impact"": 1.9}]","[{""feature_key"": ""lag_trips_24"", ""feature_name"": ""Yesterday's Scheduled Transit Trips"", ""feature_value"": 16.0, ""shap_value"": -0.25, ""impact"": -0.25}, {""feature_key"": ""dow_sin"", ""feature_name"": ""Weekly Schedule Cycle"", ""feature_value"": -0.43, ""shap_value"": -0.12, ""impact"": -0.12}, {""feature_key"": ""lag_trips_1"", ""feature_name"": ""Recent Transit Trips Count"", ""feature_value"": 6.0, ""shap_value"": -0.06, ""impact"": -0.06}, {""feature_key"": ""humidity_pct"", ""feature_name"": ""Marine Layer / Humidity"", ""feature_value"": 80.0, ""shap_value"": -0.05, ""impact"": -0.05}, {""feature_key"": ""dow_cos"", ""feature_name"": ""Day of Week Alignment"", ""feature_value"": -0.9, ""shap_value"": -0.03, ""impact"": -0.03}]",60.24
2773,MAA_AIRPORT_MEENAMBAKKAM,2026-09-25T09:00:00,2026-09-23T20:00:00,37,97.6,SEVERE,31.7,Monsoon Downpour,16,"[{""feature_key"": ""lag_168"", ""feature_name"": ""Same Time Last Week Congestion"", ""feature_value"": 95.5, ""shap_value"": 22.18, ""impact"": 22.18}, {""feature_key"": ""weather_transit_surge"", ""feature_name"": ""Rainfall Transit Inflow Surge"", ""feature_value"": 1.36, ""shap_value"": 3.45, ""impact"": 3.45}, {""feature_key"": ""lag_1"", ""feature_name"": ""Recent Congestion (1h ago)"", ""feature_value"": 97.8, ""shap_value"": 2.7, ""impact"": 2.7}, {""feature_key"": ""lag_foot_24"", ""feature_name"": ""Yesterday's Foot-Traffic"", ""feature_value"": 8211.0, ""shap_value"": 2.42, ""impact"": 2.42}, {""feature_key"": ""lag_24"", ""feature_name"": ""Yesterday's Same-Hour Congestion"", ""feature_value"": 96.6, ""shap_value"": 1.99, ""impact"": 1.99}]","[{""feature_key"": ""lag_trips_24"", ""feature_name"": ""Yesterday's Scheduled Transit Trips"", ""feature_value"": 16.0, ""shap_value"": -0.23, ""impact"": -0.23}, {""feature_key"": ""dow_sin"", ""feature_name"": ""Weekly Schedule Cycle"", ""feature_value"": -0.43, ""shap_value"": -0.15, ""impact"": -0.15}, {""feature_key"": ""lag_3"", ""feature_name"": ""Short-term Congestion (3h ago)"", ""feature_value"": 79.5, ""shap_value"": -0.13, ""impact"": -0.13}, {""feature_key"": ""humidity_pct"", ""feature_name"": ""Marine Layer / Humidity"", ""feature_value"": 77.0, ""shap_value"": -0.06, ""impact"": -0.06}, {""feature_key"": ""dow_cos"", ""feature_name"": ""Day of Week Alignment"", ""feature_value"": -0.9, ""shap_value"": -0.01, ""impact"": -0.01}]",60.24
2774,MAA_AIRPORT_MEENAMBAKKAM,2026-09-25T10:00:00,2026-09-23T20:00:00,38,94.7,SEVERE,31.3,Monsoon Downpour,16,"[{""feature_key"": ""lag_168"", ""feature_name"": ""Same Time Last Week Congestion"", ""feature_value"": 90.7, ""shap_value"": 20.01, ""impact"": 20.01}, {""feature_key"": ""weather_transit_surge"", ""feature_name"": ""Rainfall Transit Inflow Surge"", ""feature_value"": 1.36, ""shap_value"": 4.96, ""impact"": 4.96}, {""feature_key"": ""lag_1"", ""feature_name"": ""Recent Congestion (1h ago)"", ""feature_value"": 97.6, ""shap_value"": 3.01, ""impact"": 3.01}, {""feature_key"": ""lag_foot_24"", ""feature_name"": ""Yesterday's Foot-Traffic"", ""feature_value"": 7378.0, ""shap_value"": 2.37, ""impact"": 2.37}, {""feature_key"": ""lag_24"", ""feature_name"": ""Yesterday's Same-Hour Congestion"", ""feature_value"": 86.8, ""shap_value"": 1.32, ""impact"": 1.32}]","[{""feature_key"": ""hour_sin"", ""feature_name"": ""Time of Day (Peak Window)"", ""feature_value"": 0.5, ""shap_value"": -0.39, ""impact"": -0.39}, {""feature_key"": ""lag_3"", ""feature_name"": ""Short-term Congestion (3h ago)"", ""feature_value"": 91.0, ""shap_value"": -0.36, ""impact"": -0.36}, {""feature_key"": ""roll_mean_6h"", ""feature_name"": ""6-Hour Moving Congestion Trend"", ""feature_value"": 76.07, ""shap_value"": -0.36, ""impact"": -0.36}, {""feature_key"": ""dow_sin"", ""feature_name"": ""Weekly Schedule Cycle"", ""feature_value"": -0.43, ""shap_value"": -0.27, ""impact"": -0.27}, {""feature_key"": ""hour_cos"", ""feature_name"": ""Time of Day (Diurnal Cycle)"", ""feature_value"": -0.87, ""shap_value"": -0.25, ""impact"": -0.25}]",60.24
2775,MAA_AIRPORT_MEENAMBAKKAM,2026-09-25T11:00:00,2026-09-23T20:00:00,39,72.8,HIGH,33.2,Sunny & Warm,10,"[{""feature_key"": ""lag_168"", ""feature_name"": ""Same Time Last Week Congestion"", ""feature_value"": 76.5, ""shap_value"": 11.73, ""impact"": 11.73}, {""feature_key"": ""lag_1"", ""feature_name"": ""Recent Congestion (1h ago)"", ""feature_value"": 94.7, ""shap_value"": 2.72, ""impact"": 2.72}, {""feature_key"": ""lag_foot_24"", ""feature_name"": ""Yesterday's Foot-Traffic"", ""feature_value"": 6162.0, ""shap_value"": 2.07, ""impact"": 2.07}, {""feature_key"": ""temp_c"", ""feature_name"": ""Ambient Temperature"", ""feature_value"": 33.2, ""shap_value"": 0.67, ""impact"": 0.67}, {""feature_key"": ""lag_foot_1"", ""feature_name"": ""Recent Foot-Traffic (1h ago)"", ""feature_value"": 8049.0, ""shap_value"": 0.62, ""impact"": 0.62}]","[{""feature_key"": ""hour_cos"", ""feature_name"": ""Time of Day (Diurnal Cycle)"", ""feature_value"": -0.97, ""shap_value"": -1.78, ""impact"": -1.78}, {""feature_key"": ""hour_sin"", ""feature_name"": ""Time of Day (Peak Window)"", ""feature_value"": 0.26, ""shap_value"": -1.26, ""impact"": -1.26}, {""feature_key"": ""weather_transit_surge"", ""feature_name"": ""Rainfall Transit Inflow Surge"", ""feature_value"": 0.0, ""shap_value"": -0.97, ""impact"": -0.97}, {""feature_key"": ""lag_3"", ""feature_name"": ""Short-term Congestion (3h ago)"", ""feature_value"": 97.8, ""shap_value"": -0.96, ""impact"": -0.96}, {""feature_key"": ""roll_mean_6h"", ""feature_name"": ""6-Hour Moving Congestion Trend"", ""feature_value"": 86.2, ""shap_value"": -0.55, ""impact"": -0.55}]",60.24
2776,MAA_AIRPORT_MEENAMBAKKAM,2026-09-25T12:00:00,2026-09-23T20:00:00,40,61.5,HIGH,34.1,Sunny & Warm,10,"[{""feature_key"": ""lag_foot_24"", ""feature_name"": ""Yesterday's Foot-Traffic"", ""feature_value"": 5346.0, ""shap_value"": 2.41, ""impact"": 2.41}, {""feature_key"": ""lag_168"", ""feature_name"": ""Same Time Last Week Congestion"", ""feature_value"": 60.8, ""shap_value"": 1.82, ""impact"": 1.82}, {""feature_key"": ""lag_1"", ""feature_name"": ""Recent Congestion (1h ago)"", ""feature_value"": 72.8, ""shap_value"": 1.04, ""impact"": 1.04}, {""feature_key"": ""capacity_baseline"", ""feature_name"": ""Station Theoretical Capacity"", ""feature_value"": 8500.0, ""shap_value"": 0.62, ""impact"": 0.62}, {""feature_key"": ""lag_foot_1"", ""feature_name"": ""Recent Foot-Traffic (1h ago)"", ""feature_value"": 6188.0, ""shap_value"": 0.54, ""impact"": 0.54}]","[{""feature_key"": ""hour_sin"", ""feature_name"": ""Time of Day (Peak Window)"", ""feature_value"": 0.0, ""shap_value"": -1.82, ""impact"": -1.82}, {""feature_key"": ""lag_3"", ""feature_name"": ""Short-term Congestion (3h ago)"", ""feature_value"": 97.6, ""shap_value"": -1.11, ""impact"": -1.11}, {""feature_key"": ""hour_cos"", ""feature_name"": ""Time of Day (Diurnal Cycle)"", ""feature_value"": -1.0, ""shap_value"": -1.04, ""impact"": -1.04}, {""feature_key"": ""weather_transit_surge"", ""feature_name"": ""Rainfall Transit Inflow Surge"", ""feature_value"": 0.0, ""shap_value"": -0.51, ""impact"": -0.51}, {""feature_key"": ""roll_mean_6h"", ""feature_name"": ""6-Hour Moving Congestion Trend"", ""feature_value"": 88.9, ""shap_value"": -0.48, ""impact"": -0.48}]",60.24
2777,MAA_AIRPORT_MEENAMBAKKAM,2026-09-25T13:00:00,2026-09-23T20:00:00,41,60.4,HIGH,34.0,Sunny & Warm,10,"[{""feature_key"": ""lag_foot_24"", ""feature_name"": ""Yesterday's Foot-Traffic"", ""feature_value"": 5346.0, ""shap_value"": 2.49, ""impact"": 2.49}, {""feature_key"": ""lag_168"", ""feature_name"": ""Same Time Last Week Congestion"", ""feature_value"": 57.7, ""shap_value"": 1.34, ""impact"": 1.34}, {""feature_key"": ""capacity_baseline"", ""feature_name"": ""Station Theoretical Capacity"", ""feature_value"": 8500.0, ""shap_value"": 0.69, ""impact"": 0.69}, {""feature_key"": ""lag_foot_1"", ""feature_name"": ""Recent Foot-Traffic (1h ago)"", ""feature_value"": 5227.0, ""shap_value"": 0.6, ""impact"": 0.6}, {""feature_key"": ""humidity_pct"", ""feature_name"": ""Marine Layer / Humidity"", ""feature_value"": 57.0, ""shap_value"": 0.37, ""impact"": 0.37}]","[{""feature_key"": ""hour_sin"", ""feature_name"": ""Time of Day (Peak Window)"", ""feature_value"": -0.26, ""shap_value"": -1.7, ""impact"": -1.7}, {""feature_key"": ""lag_3"", ""feature_name"": ""Short-term Congestion (3h ago)"", ""feature_value"": 94.7, ""shap_value"": -0.98, ""impact"": -0.98}, {""feature_key"": ""lag_1"", ""feature_name"": ""Recent Congestion (1h ago)"", ""feature_value"": 61.5, ""shap_value"": -0.8, ""impact"": -0.8}, {""feature_key"": ""hour_cos"", ""feature_name"": ""Time of Day (Diurnal Cycle)"", ""feature_value"": -0.97, ""shap_value"": -0.76, ""impact"": -0.76}, {""feature_key"": ""weather_transit_surge"", ""feature_name"": ""Rainfall Transit Inflow Surge"", ""feature_value"": 0.0, ""shap_value"": -0.49, ""impact"": -0.49}]",60.24
2778,MAA_AIRPORT_MEENAMBAKKAM,2026-09-25T14:00:00,2026-09-23T20:00:00,42,74.5,HIGH,33.6,Monsoon Downpour,10,"[{""feature_key"": ""lag_168"", ""feature_name"": ""Same Time Last Week Congestion"", ""feature_value"": 74.7, ""shap_value"": 11.95, ""impact"": 11.95}, {""feature_key"": ""weather_transit_surge"", ""feature_name"": ""Rainfall Transit Inflow Surge"", ""feature_value"": 1.36, ""shap_value"": 3.72, ""impact"": 3.72}, {""feature_key"": ""lag_foot_24"", ""feature_name"": ""Yesterday's Foot-Traffic"", ""feature_value"": 6162.0, ""shap_value"": 2.12, ""impact"": 2.12}, {""feature_key"": ""precip_mm"", ""feature_name"": ""Rainfall Intensity"", ""feature_value"": 6.56, ""shap_value"": 1.09, ""impact"": 1.09}, {""feature_key"": ""capacity_baseline"", ""feature_name"": ""Station Theoretical Capacity"", ""feature_value"": 8500.0, ""shap_value"": 0.61, ""impact"": 0.61}]","[{""feature_key"": ""hour_sin"", ""feature_name"": ""Time of Day (Peak Window)"", ""feature_value"": -0.5, ""shap_value"": -2.2, ""impact"": -2.2}, {""feature_key"": ""lag_1"", ""feature_name"": ""Recent Congestion (1h ago)"", ""feature_value"": 60.4, ""shap_value"": -1.73, ""impact"": -1.73}, {""feature_key"": ""roll_mean_6h"", ""feature_name"": ""6-Hour Moving Congestion Trend"", ""feature_value"": 80.8, ""shap_value"": -0.91, ""impact"": -0.91}, {""feature_key"": ""hour_cos"", ""feature_name"": ""Time of Day (Diurnal Cycle)"", ""feature_value"": -0.87, ""shap_value"": -0.89, ""impact"": -0.89}, {""feature_key"": ""dow_sin"", ""feature_name"": ""Weekly Schedule Cycle"", ""feature_value"": -0.43, ""shap_value"": -0.89, ""impact"": -0.89}]",60.24
2779,MAA_AIRPORT_MEENAMBAKKAM,2026-09-25T15:00:00,2026-09-23T20:00:00,43,80.5,SEVERE,34.1,Monsoon Downpour,10,"[{""feature_key"": ""lag_168"", ""feature_name"": ""Same Time Last Week Congestion"", ""feature_value"": 81.5, ""shap_value"": 14.21, ""impact"": 14.21}, {""feature_key"": ""weather_transit_surge"", ""feature_name"": ""Rainfall Transit Inflow Surge"", ""feature_value"": 1.36, ""shap_value"": 2.73, ""impact"": 2.73}, {""feature_key"": ""lag_foot_24"", ""feature_name"": ""Yesterday's Foot-Traffic"", ""feature_value"": 7140.0, ""shap_value"": 2.15, ""impact"": 2.15}, {""feature_key"": ""lag_24"", ""feature_name"": ""Yesterday's Same-Hour Congestion"", ""feature_value"": 84.0, ""shap_value"": 1.25, ""impact"": 1.25}, {""feature_key"": ""lag_1"", ""feature_name"": ""Recent Congestion (1h ago)"", ""feature_value"": 74.5, ""shap_value"": 1.02, ""impact"": 1.02}]","[{""feature_key"": ""hour_sin"", ""feature_name"": ""Time of Day (Peak Window)"", ""feature_value"": -0.71, ""shap_value"": -1.93, ""impact"": -1.93}, {""feature_key"": ""dow_sin"", ""feature_name"": ""Weekly Schedule Cycle"", ""feature_value"": -0.43, ""shap_value"": -0.87, ""impact"": -0.87}, {""feature_key"": ""transit_pressure_ratio"", ""feature_name"": ""Transit Demand-to-Supply Ratio"", ""feature_value"": 6.76, ""shap_value"": -0.73, ""impact"": -0.73}, {""feature_key"": ""scheduled_trips"", ""feature_name"": ""Transit Dispatch Frequency"", ""feature_value"": 10.0, ""shap_value"": -0.66, ""impact"": -0.66}, {""feature_key"": ""roll_mean_6h"", ""feature_name"": ""6-Hour Moving Congestion Trend"", ""feature_value"": 76.92, ""shap_value"": -0.54, ""impact"": -0.54}]",60.24
2780,MAA_AIRPORT_MEENAMBAKKAM,2026-09-25T16:00:00,2026-09-23T20:00:00,44,94.9,SEVERE,33.2,Monsoon Downpour,10,"[{""feature_key"": ""lag_168"", ""feature_name"": ""Same Time Last Week Congestion"", ""feature_value"": 98.5, ""shap_value"": 24.21, ""impact"": 24.21}, {""feature_key"": ""lag_foot_24"", ""feature_name"": ""Yesterday's Foot-Traffic"", ""feature_value"": 8202.0, ""shap_value"": 2.23, ""impact"": 2.23}, {""feature_key"": ""lag_24"", ""feature_name"": ""Yesterday's Same-Hour Congestion"", ""feature_value"": 96.5, ""shap_value"": 1.94, ""impact"": 1.94}, {""feature_key"": ""weather_transit_surge"", ""feature_name"": ""Rainfall Transit Inflow Surge"", ""feature_value"": 1.36, ""shap_value"": 1.77, ""impact"": 1.77}, {""feature_key"": ""hour_cos"", ""feature_name"": ""Time of Day (Diurnal Cycle)"", ""feature_value"": -0.5, ""shap_value"": 1.38, ""impact"": 1.38}]","[{""feature_key"": ""scheduled_trips"", ""feature_name"": ""Transit Dispatch Frequency"", ""feature_value"": 10.0, ""shap_value"": -0.84, ""impact"": -0.84}, {""feature_key"": ""precip_mm"", ""feature_name"": ""Rainfall Intensity"", ""feature_value"": 8.45, ""shap_value"": -0.73, ""impact"": -0.73}, {""feature_key"": ""transit_pressure_ratio"", ""feature_name"": ""Transit Demand-to-Supply Ratio"", ""feature_value"": 6.75, ""shap_value"": -0.41, ""impact"": -0.41}, {""feature_key"": ""dow_sin"", ""feature_name"": ""Weekly Schedule Cycle"", ""feature_value"": -0.43, ""shap_value"": -0.27, ""impact"": -0.27}, {""feature_key"": ""roll_std_24h"", ""feature_name"": ""24-Hour Crowd Volatility"", ""feature_value"": 28.16, ""shap_value"": -0.03, ""impact"": -0.03}]",60.24
2781,MAA_AIRPORT_MEENAMBAKKAM,2026-09-25T17:00:00,2026-09-23T20:00:00,45,98.5,SEVERE,33.7,Thunderstorm / Rain,16,"[{""feature_key"": ""lag_168"", ""feature_name"": ""Same Time Last Week Congestion"", ""feature_value"": 98.5, ""shap_value"": 23.93, ""impact"": 23.93}, {""feature_key"": ""lag_foot_24"", ""feature_name"": ""Yesterday's Foot-Traffic"", ""feature_value"": 8364.0, ""shap_value"": 2.47, ""impact"": 2.47}, {""feature_key"": ""lag_24"", ""feature_name"": ""Yesterday's Same-Hour Congestion"", ""feature_value"": 98.4, ""shap_value"": 2.1, ""impact"": 2.1}, {""feature_key"": ""lag_1"", ""feature_name"": ""Recent Congestion (1h ago)"", ""feature_value"": 94.9, ""shap_value"": 1.95, ""impact"": 1.95}, {""feature_key"": ""weather_transit_surge"", ""feature_name"": ""Rainfall Transit Inflow Surge"", ""feature_value"": 1.36, ""shap_value"": 1.76, ""impact"": 1.76}]","[{""feature_key"": ""dow_sin"", ""feature_name"": ""Weekly Schedule Cycle"", ""feature_value"": -0.43, ""shap_value"": -0.26, ""impact"": -0.26}, {""feature_key"": ""lag_trips_24"", ""feature_name"": ""Yesterday's Scheduled Transit Trips"", ""feature_value"": 16.0, ""shap_value"": -0.23, ""impact"": -0.23}, {""feature_key"": ""feels_like_c"", ""feature_name"": ""Apparent Feels-Like Temperature"", ""feature_value"": 32.1, ""shap_value"": -0.04, ""impact"": -0.04}, {""feature_key"": ""lag_3"", ""feature_name"": ""Short-term Congestion (3h ago)"", ""feature_value"": 74.5, ""shap_value"": -0.04, ""impact"": -0.04}, {""feature_key"": ""roll_mean_6h"", ""feature_name"": ""6-Hour Moving Congestion Trend"", ""feature_value"": 74.1, ""shap_value"": -0.04, ""impact"": -0.04}]",60.24
2782,MAA_AIRPORT_MEENAMBAKKAM,2026-09-25T18:00:00,2026-09-23T20:00:00,46,98.2,SEVERE,32.6,Monsoon Downpour,16,"[{""feature_key"": ""lag_168"", ""feature_name"": ""Same Time Last Week Congestion"", ""feature_value"": 98.5, ""shap_value"": 23.84, ""impact"": 23.84}, {""feature_key"": ""lag_foot_24"", ""feature_name"": ""Yesterday's Foot-Traffic"", ""feature_value"": 8330.0, ""shap_value"": 2.43, ""impact"": 2.43}, {""feature_key"": ""lag_1"", ""feature_name"": ""Recent Congestion (1h ago)"", ""feature_value"": 98.5, ""shap_value"": 2.34, ""impact"": 2.34}, {""feature_key"": ""lag_24"", ""feature_name"": ""Yesterday's Same-Hour Congestion"", ""feature_value"": 98.0, ""shap_value"": 2.17, ""impact"": 2.17}, {""feature_key"": ""weather_transit_surge"", ""feature_name"": ""Rainfall Transit Inflow Surge"", ""feature_value"": 1.36, ""shap_value"": 1.63, ""impact"": 1.63}]","[{""feature_key"": ""dow_sin"", ""feature_name"": ""Weekly Schedule Cycle"", ""feature_value"": -0.43, ""shap_value"": -0.25, ""impact"": -0.25}, {""feature_key"": ""lag_trips_24"", ""feature_name"": ""Yesterday's Scheduled Transit Trips"", ""feature_value"": 16.0, ""shap_value"": -0.24, ""impact"": -0.24}, {""feature_key"": ""roll_mean_6h"", ""feature_name"": ""6-Hour Moving Congestion Trend"", ""feature_value"": 78.38, ""shap_value"": -0.17, ""impact"": -0.17}, {""feature_key"": ""lag_3"", ""feature_name"": ""Short-term Congestion (3h ago)"", ""feature_value"": 80.5, ""shap_value"": -0.13, ""impact"": -0.13}, {""feature_key"": ""is_weekend"", ""feature_name"": ""Weekend Tourist Surge"", ""feature_value"": 0.0, ""shap_value"": -0.02, ""impact"": -0.02}]",60.24
2783,MAA_AIRPORT_MEENAMBAKKAM,2026-09-25T19:00:00,2026-09-23T20:00:00,47,97.8,SEVERE,31.3,Monsoon Downpour,16,"[{""feature_key"": ""lag_168"", ""feature_name"": ""Same Time Last Week Congestion"", ""feature_value"": 98.5, ""shap_value"": 24.05, ""impact"": 24.05}, {""feature_key"": ""lag_1"", ""feature_name"": ""Recent Congestion (1h ago)"", ""feature_value"": 98.2, ""shap_value"": 2.6, ""impact"": 2.6}, {""feature_key"": ""lag_foot_24"", ""feature_name"": ""Yesterday's Foot-Traffic"", ""feature_value"": 8321.0, ""shap_value"": 2.39, ""impact"": 2.39}, {""feature_key"": ""lag_24"", ""feature_name"": ""Yesterday's Same-Hour Congestion"", ""feature_value"": 97.9, ""shap_value"": 2.16, ""impact"": 2.16}, {""feature_key"": ""weather_transit_surge"", ""feature_name"": ""Rainfall Transit Inflow Surge"", ""feature_value"": 1.36, ""shap_value"": 1.93, ""impact"": 1.93}]","[{""feature_key"": ""lag_3"", ""feature_name"": ""Short-term Congestion (3h ago)"", ""feature_value"": 94.9, ""shap_value"": -0.33, ""impact"": -0.33}, {""feature_key"": ""dow_sin"", ""feature_name"": ""Weekly Schedule Cycle"", ""feature_value"": -0.43, ""shap_value"": -0.26, ""impact"": -0.26}, {""feature_key"": ""lag_trips_24"", ""feature_name"": ""Yesterday's Scheduled Transit Trips"", ""feature_value"": 16.0, ""shap_value"": -0.24, ""impact"": -0.24}, {""feature_key"": ""roll_mean_6h"", ""feature_name"": ""6-Hour Moving Congestion Trend"", ""feature_value"": 84.5, ""shap_value"": -0.24, ""impact"": -0.24}, {""feature_key"": ""feels_like_c"", ""feature_name"": ""Apparent Feels-Like Temperature"", ""feature_value"": 30.9, ""shap_value"": -0.06, ""impact"": -0.06}]",60.24
2784,MAA_AIRPORT_MEENAMBAKKAM,2026-09-25T20:00:00,2026-09-23T20:00:00,48,96.8,SEVERE,30.0,Thunderstorm / Rain,16,"[{""feature_key"": ""lag_168"", ""feature_name"": ""Same Time Last Week Congestion"", ""feature_value"": 98.5, ""shap_value"": 23.65, ""impact"": 23.65}, {""feature_key"": ""lag_1"", ""feature_name"": ""Recent Congestion (1h ago)"", ""feature_value"": 97.8, ""shap_value"": 2.44, ""impact"": 2.44}, {""feature_key"": ""lag_foot_24"", ""feature_name"": ""Yesterday's Foot-Traffic"", ""feature_value"": 7887.0, ""shap_value"": 2.27, ""impact"": 2.27}, {""feature_key"": ""weather_transit_surge"", ""feature_name"": ""Rainfall Transit Inflow Surge"", ""feature_value"": 1.36, ""shap_value"": 1.99, ""impact"": 1.99}, {""feature_key"": ""precip_mm"", ""feature_name"": ""Rainfall Intensity"", ""feature_value"": 4.05, ""shap_value"": 1.66, ""impact"": 1.66}]","[{""feature_key"": ""lag_3"", ""feature_name"": ""Short-term Congestion (3h ago)"", ""feature_value"": 98.5, ""shap_value"": -0.45, ""impact"": -0.45}, {""feature_key"": ""dow_sin"", ""feature_name"": ""Weekly Schedule Cycle"", ""feature_value"": -0.43, ""shap_value"": -0.32, ""impact"": -0.32}, {""feature_key"": ""lag_trips_24"", ""feature_name"": ""Yesterday's Scheduled Transit Trips"", ""feature_value"": 16.0, ""shap_value"": -0.27, ""impact"": -0.27}, {""feature_key"": ""roll_mean_6h"", ""feature_name"": ""6-Hour Moving Congestion Trend"", ""feature_value"": 90.73, ""shap_value"": -0.27, ""impact"": -0.27}, {""feature_key"": ""hour_cos"", ""feature_name"": ""Time of Day (Diurnal Cycle)"", ""feature_value"": 0.5, ""shap_value"": -0.09, ""impact"": -0.09}]",60.24
2785,MAA_KATHIPARA_JUNCTION,2026-09-23T21:00:00,2026-09-23T20:00:00,1,65.2,HIGH,29.6,Sunny & Warm,9,"[{""feature_key"": ""lag_1"", ""feature_name"": ""Recent Congestion (1h ago)"", ""feature_value"": 98.5, ""shap_value"": 3.91, ""impact"": 3.91}, {""feature_key"": ""lag_168"", ""feature_name"": ""Same Time Last Week Congestion"", ""feature_value"": 61.9, ""shap_value"": 2.56, ""impact"": 2.56}, {""feature_key"": ""lag_foot_24"", ""feature_name"": ""Yesterday's Foot-Traffic"", ""feature_value"": 7086.0, ""shap_value"": 2.5, ""impact"": 2.5}, {""feature_key"": ""lag_foot_1"", ""feature_name"": ""Recent Foot-Traffic (1h ago)"", ""feature_value"": 12959.0, ""shap_value"": 1.1, ""impact"": 1.1}, {""feature_key"": ""lag_trips_1"", ""feature_name"": ""Recent Transit Trips Count"", ""feature_value"": 24.0, ""shap_value"": 0.77, ""impact"": 0.77}]","[{""feature_key"": ""hour_cos"", ""feature_name"": ""Time of Day (Diurnal Cycle)"", ""feature_value"": 0.71, ""shap_value"": -1.63, ""impact"": -1.63}, {""feature_key"": ""scheduled_trips"", ""feature_name"": ""Transit Dispatch Frequency"", ""feature_value"": 9.0, ""shap_value"": -1.09, ""impact"": -1.09}, {""feature_key"": ""lag_24"", ""feature_name"": ""Yesterday's Same-Hour Congestion"", ""feature_value"": 61.9, ""shap_value"": -0.85, ""impact"": -0.85}, {""feature_key"": ""dow_sin"", ""feature_name"": ""Weekly Schedule Cycle"", ""feature_value"": 0.97, ""shap_value"": -0.7, ""impact"": -0.7}, {""feature_key"": ""lag_3"", ""feature_name"": ""Short-term Congestion (3h ago)"", ""feature_value"": 98.5, ""shap_value"": -0.7, ""impact"": -0.7}]",60.24
2786,MAA_KATHIPARA_JUNCTION,2026-09-23T22:00:00,2026-09-23T20:00:00,2,42.2,MODERATE,26.8,Sunny & Warm,9,"[{""feature_key"": ""lag_1"", ""feature_name"": ""Recent Congestion (1h ago)"", ""feature_value"": 65.2, ""shap_value"": 0.74, ""impact"": 0.74}, {""feature_key"": ""lag_foot_1"", ""feature_name"": ""Recent Foot-Traffic (1h ago)"", ""feature_value"": 6846.0, ""shap_value"": 0.67, ""impact"": 0.67}, {""feature_key"": ""lag_foot_24"", ""feature_name"": ""Yesterday's Foot-Traffic"", ""feature_value"": 2786.0, ""shap_value"": 0.2, ""impact"": 0.2}, {""feature_key"": ""dow_cos"", ""feature_name"": ""Day of Week Alignment"", ""feature_value"": -0.22, ""shap_value"": 0.14, ""impact"": 0.14}, {""feature_key"": ""lag_2"", ""feature_name"": ""Short-term Congestion (2h ago)"", ""feature_value"": 98.5, ""shap_value"": 0.1, ""impact"": 0.1}]","[{""feature_key"": ""lag_168"", ""feature_name"": ""Same Time Last Week Congestion"", ""feature_value"": 45.5, ""shap_value"": -9.28, ""impact"": -9.28}, {""feature_key"": ""hour_cos"", ""feature_name"": ""Time of Day (Diurnal Cycle)"", ""feature_value"": 0.87, ""shap_value"": -2.89, ""impact"": -2.89}, {""feature_key"": ""lag_24"", ""feature_name"": ""Yesterday's Same-Hour Congestion"", ""feature_value"": 45.5, ""shap_value"": -1.35, ""impact"": -1.35}, {""feature_key"": ""hour_sin"", ""feature_name"": ""Time of Day (Peak Window)"", ""feature_value"": -0.5, ""shap_value"": -1.01, ""impact"": -1.01}, {""feature_key"": ""lag_3"", ""feature_name"": ""Short-term Congestion (3h ago)"", ""feature_value"": 98.5, ""shap_value"": -0.87, ""impact"": -0.87}]",60.24
2787,MAA_KATHIPARA_JUNCTION,2026-09-23T23:00:00,2026-09-23T20:00:00,3,22.7,LOW,26.4,Sunny & Warm,9,"[{""feature_key"": ""transit_weight"", ""feature_name"": ""Transit Commuter Dominance"", ""feature_value"": 0.9, ""shap_value"": 0.05, ""impact"": 0.05}, {""feature_key"": ""lag_trips_24"", ""feature_name"": ""Yesterday's Scheduled Transit Trips"", ""feature_value"": 9.0, ""shap_value"": 0.05, ""impact"": 0.05}, {""feature_key"": ""dow_cos"", ""feature_name"": ""Day of Week Alignment"", ""feature_value"": -0.22, ""shap_value"": 0.02, ""impact"": 0.02}, {""feature_key"": ""lag_2"", ""feature_name"": ""Short-term Congestion (2h ago)"", ""feature_value"": 65.2, ""shap_value"": 0.01, ""impact"": 0.01}, {""feature_key"": ""roll_std_24h"", ""feature_name"": ""24-Hour Crowd Volatility"", ""feature_value"": 29.81, ""shap_value"": 0.01, ""impact"": 0.01}]","[{""feature_key"": ""lag_168"", ""feature_name"": ""Same Time Last Week Congestion"", ""feature_value"": 28.8, ""shap_value"": -22.38, ""impact"": -22.38}, {""feature_key"": ""lag_24"", ""feature_name"": ""Yesterday's Same-Hour Congestion"", ""feature_value"": 20.1, ""shap_value"": -3.07, ""impact"": -3.07}, {""feature_key"": ""hour_cos"", ""feature_name"": ""Time of Day (Diurnal Cycle)"", ""feature_value"": 0.97, ""shap_value"": -2.6, ""impact"": -2.6}, {""feature_key"": ""lag_foot_24"", ""feature_name"": ""Yesterday's Foot-Traffic"", ""feature_value"": 871.0, ""shap_value"": -2.55, ""impact"": -2.55}, {""feature_key"": ""lag_1"", ""feature_name"": ""Recent Congestion (1h ago)"", ""feature_value"": 42.2, ""shap_value"": -1.88, ""impact"": -1.88}]",60.24
2788,MAA_KATHIPARA_JUNCTION,2026-09-24T00:00:00,2026-09-23T20:00:00,4,18.6,LOW,25.6,Humid / Overcast,8,"[{""feature_key"": ""lag_trips_24"", ""feature_name"": ""Yesterday's Scheduled Transit Trips"", ""feature_value"": 6.0, ""shap_value"": 0.22, ""impact"": 0.22}, {""feature_key"": ""transit_weight"", ""feature_name"": ""Transit Commuter Dominance"", ""feature_value"": 0.9, ""shap_value"": 0.04, ""impact"": 0.04}]","[{""feature_key"": ""lag_168"", ""feature_name"": ""Same Time Last Week Congestion"", ""feature_value"": 26.5, ""shap_value"": -24.06, ""impact"": -24.06}, {""feature_key"": ""lag_foot_24"", ""feature_name"": ""Yesterday's Foot-Traffic"", ""feature_value"": 527.0, ""shap_value"": -5.43, ""impact"": -5.43}, {""feature_key"": ""lag_24"", ""feature_name"": ""Yesterday's Same-Hour Congestion"", ""feature_value"": 16.8, ""shap_value"": -2.72, ""impact"": -2.72}, {""feature_key"": ""lag_1"", ""feature_name"": ""Recent Congestion (1h ago)"", ""feature_value"": 22.7, ""shap_value"": -2.46, ""impact"": -2.46}, {""feature_key"": ""hour_cos"", ""feature_name"": ""Time of Day (Diurnal Cycle)"", ""feature_value"": 1.0, ""shap_value"": -2.19, ""impact"": -2.19}]",60.24
2789,MAA_KATHIPARA_JUNCTION,2026-09-24T01:00:00,2026-09-23T20:00:00,5,19.8,LOW,26.0,Humid / Overcast,8,"[{""feature_key"": ""lag_trips_24"", ""feature_name"": ""Yesterday's Scheduled Transit Trips"", ""feature_value"": 6.0, ""shap_value"": 0.24, ""impact"": 0.24}, {""feature_key"": ""lag_3"", ""feature_name"": ""Short-term Congestion (3h ago)"", ""feature_value"": 42.2, ""shap_value"": 0.2, ""impact"": 0.2}, {""feature_key"": ""roll_mean_6h"", ""feature_name"": ""6-Hour Moving Congestion Trend"", ""feature_value"": 57.62, ""shap_value"": 0.09, ""impact"": 0.09}, {""feature_key"": ""transit_weight"", ""feature_name"": ""Transit Commuter Dominance"", ""feature_value"": 0.9, ""shap_value"": 0.05, ""impact"": 0.05}, {""feature_key"": ""temp_c"", ""feature_name"": ""Ambient Temperature"", ""feature_value"": 26.0, ""shap_value"": 0.01, ""impact"": 0.01}]","[{""feature_key"": ""lag_168"", ""feature_name"": ""Same Time Last Week Congestion"", ""feature_value"": 29.3, ""shap_value"": -23.47, ""impact"": -23.47}, {""feature_key"": ""lag_foot_24"", ""feature_name"": ""Yesterday's Foot-Traffic"", ""feature_value"": 583.0, ""shap_value"": -4.75, ""impact"": -4.75}, {""feature_key"": ""lag_24"", ""feature_name"": ""Yesterday's Same-Hour Congestion"", ""feature_value"": 18.6, ""shap_value"": -2.94, ""impact"": -2.94}, {""feature_key"": ""lag_1"", ""feature_name"": ""Recent Congestion (1h ago)"", ""feature_value"": 18.6, ""shap_value"": -2.87, ""impact"": -2.87}, {""feature_key"": ""hour_cos"", ""feature_name"": ""Time of Day (Diurnal Cycle)"", ""feature_value"": 0.97, ""shap_value"": -2.0, ""impact"": -2.0}]",60.24
2790,MAA_KATHIPARA_JUNCTION,2026-09-24T02:00:00,2026-09-23T20:00:00,6,20.4,LOW,24.6,Humid / Overcast,8,"[{""feature_key"": ""lag_trips_24"", ""feature_name"": ""Yesterday's Scheduled Transit Trips"", ""feature_value"": 6.0, ""shap_value"": 0.26, ""impact"": 0.26}, {""feature_key"": ""lag_3"", ""feature_name"": ""Short-term Congestion (3h ago)"", ""feature_value"": 22.7, ""shap_value"": 0.16, ""impact"": 0.16}, {""feature_key"": ""roll_mean_6h"", ""feature_name"": ""6-Hour Moving Congestion Trend"", ""feature_value"": 44.5, ""shap_value"": 0.14, ""impact"": 0.14}, {""feature_key"": ""temp_c"", ""feature_name"": ""Ambient Temperature"", ""feature_value"": 24.6, ""shap_value"": 0.01, ""impact"": 0.01}]","[{""feature_key"": ""lag_168"", ""feature_name"": ""Same Time Last Week Congestion"", ""feature_value"": 33.2, ""shap_value"": -22.4, ""impact"": -22.4}, {""feature_key"": ""lag_foot_24"", ""feature_name"": ""Yesterday's Foot-Traffic"", ""feature_value"": 634.0, ""shap_value"": -4.74, ""impact"": -4.74}, {""feature_key"": ""lag_24"", ""feature_name"": ""Yesterday's Same-Hour Congestion"", ""feature_value"": 20.2, ""shap_value"": -3.36, ""impact"": -3.36}, {""feature_key"": ""lag_1"", ""feature_name"": ""Recent Congestion (1h ago)"", ""feature_value"": 19.8, ""shap_value"": -3.15, ""impact"": -3.15}, {""feature_key"": ""hour_cos"", ""feature_name"": ""Time of Day (Diurnal Cycle)"", ""feature_value"": 0.87, ""shap_value"": -1.75, ""impact"": -1.75}]",60.24
2791,MAA_KATHIPARA_JUNCTION,2026-09-24T03:00:00,2026-09-23T20:00:00,7,32.9,LOW,24.9,Monsoon Downpour,8,"[{""feature_key"": ""weather_transit_surge"", ""feature_name"": ""Rainfall Transit Inflow Surge"", ""feature_value"": 1.44, ""shap_value"": 3.44, ""impact"": 3.44}, {""feature_key"": ""precip_mm"", ""feature_name"": ""Rainfall Intensity"", ""feature_value"": 12.63, ""shap_value"": 2.63, ""impact"": 2.63}, {""feature_key"": ""weather_tourism_suppression"", ""feature_name"": ""Weather Tourist Dampening Index"", ""feature_value"": 0.81, ""shap_value"": 1.49, ""impact"": 1.49}, {""feature_key"": ""roll_mean_6h"", ""feature_name"": ""6-Hour Moving Congestion Trend"", ""feature_value"": 31.48, ""shap_value"": 0.46, ""impact"": 0.46}, {""feature_key"": ""is_rain"", ""feature_name"": ""Rain Weather Friction"", ""feature_value"": 1.0, ""shap_value"": 0.37, ""impact"": 0.37}]","[{""feature_key"": ""lag_168"", ""feature_name"": ""Same Time Last Week Congestion"", ""feature_value"": 22.8, ""shap_value"": -24.91, ""impact"": -24.91}, {""feature_key"": ""lag_foot_24"", ""feature_name"": ""Yesterday's Foot-Traffic"", ""feature_value"": 640.0, ""shap_value"": -2.81, ""impact"": -2.81}, {""feature_key"": ""lag_1"", ""feature_name"": ""Recent Congestion (1h ago)"", ""feature_value"": 20.4, ""shap_value"": -2.52, ""impact"": -2.52}, {""feature_key"": ""lag_24"", ""feature_name"": ""Yesterday's Same-Hour Congestion"", ""feature_value"": 20.4, ""shap_value"": -2.09, ""impact"": -2.09}, {""feature_key"": ""lag_foot_1"", ""feature_name"": ""Recent Foot-Traffic (1h ago)"", ""feature_value"": 2142.0, ""shap_value"": -1.31, ""impact"": -1.31}]",60.24
2792,MAA_KATHIPARA_JUNCTION,2026-09-24T04:00:00,2026-09-23T20:00:00,8,38.8,MODERATE,27.2,Monsoon Downpour,8,"[{""feature_key"": ""weather_transit_surge"", ""feature_name"": ""Rainfall Transit Inflow Surge"", ""feature_value"": 1.44, ""shap_value"": 3.24, ""impact"": 3.24}, {""feature_key"": ""precip_mm"", ""feature_name"": ""Rainfall Intensity"", ""feature_value"": 13.93, ""shap_value"": 2.56, ""impact"": 2.56}, {""feature_key"": ""weather_tourism_suppression"", ""feature_name"": ""Weather Tourist Dampening Index"", ""feature_value"": 0.81, ""shap_value"": 1.33, ""impact"": 1.33}, {""feature_key"": ""roll_mean_6h"", ""feature_name"": ""6-Hour Moving Congestion Trend"", ""feature_value"": 26.1, ""shap_value"": 0.44, ""impact"": 0.44}, {""feature_key"": ""is_rain"", ""feature_name"": ""Rain Weather Friction"", ""feature_value"": 1.0, ""shap_value"": 0.42, ""impact"": 0.42}]","[{""feature_key"": ""lag_168"", ""feature_name"": ""Same Time Last Week Congestion"", ""feature_value"": 29.7, ""shap_value"": -21.34, ""impact"": -21.34}, {""feature_key"": ""lag_foot_24"", ""feature_name"": ""Yesterday's Foot-Traffic"", ""feature_value"": 871.0, ""shap_value"": -2.58, ""impact"": -2.58}, {""feature_key"": ""lag_1"", ""feature_name"": ""Recent Congestion (1h ago)"", ""feature_value"": 32.9, ""shap_value"": -2.26, ""impact"": -2.26}, {""feature_key"": ""lag_24"", ""feature_name"": ""Yesterday's Same-Hour Congestion"", ""feature_value"": 27.4, ""shap_value"": -1.29, ""impact"": -1.29}, {""feature_key"": ""lag_foot_1"", ""feature_name"": ""Recent Foot-Traffic (1h ago)"", ""feature_value"": 3454.0, ""shap_value"": -0.92, ""impact"": -0.92}]",60.24
2793,MAA_KATHIPARA_JUNCTION,2026-09-24T05:00:00,2026-09-23T20:00:00,9,46.8,MODERATE,25.6,Monsoon Downpour,9,"[{""feature_key"": ""precip_mm"", ""feature_name"": ""Rainfall Intensity"", ""feature_value"": 9.92, ""shap_value"": 3.45, ""impact"": 3.45}, {""feature_key"": ""weather_transit_surge"", ""feature_name"": ""Rainfall Transit Inflow Surge"", ""feature_value"": 1.44, ""shap_value"": 2.68, ""impact"": 2.68}, {""feature_key"": ""weather_tourism_suppression"", ""feature_name"": ""Weather Tourist Dampening Index"", ""feature_value"": 0.81, ""shap_value"": 1.39, ""impact"": 1.39}, {""feature_key"": ""hour_sin"", ""feature_name"": ""Time of Day (Peak Window)"", ""feature_value"": 0.97, ""shap_value"": 0.84, ""impact"": 0.84}, {""feature_key"": ""temp_c"", ""feature_name"": ""Ambient Temperature"", ""feature_value"": 25.6, ""shap_value"": 0.62, ""impact"": 0.62}]","[{""feature_key"": ""lag_168"", ""feature_name"": ""Same Time Last Week Congestion"", ""feature_value"": 31.6, ""shap_value"": -18.26, ""impact"": -18.26}, {""feature_key"": ""lag_1"", ""feature_name"": ""Recent Congestion (1h ago)"", ""feature_value"": 38.8, ""shap_value"": -2.28, ""impact"": -2.28}, {""feature_key"": ""lag_24"", ""feature_name"": ""Yesterday's Same-Hour Congestion"", ""feature_value"": 31.4, ""shap_value"": -0.92, ""impact"": -0.92}, {""feature_key"": ""lag_foot_24"", ""feature_name"": ""Yesterday's Foot-Traffic"", ""feature_value"": 1357.0, ""shap_value"": -0.82, ""impact"": -0.82}, {""feature_key"": ""feels_like_c"", ""feature_name"": ""Apparent Feels-Like Temperature"", ""feature_value"": 27.4, ""shap_value"": -0.5, ""impact"": -0.5}]",60.24
2794,MAA_KATHIPARA_JUNCTION,2026-09-24T06:00:00,2026-09-23T20:00:00,10,67.2,HIGH,28.9,Monsoon Downpour,9,"[{""feature_key"": ""precip_mm"", ""feature_name"": ""Rainfall Intensity"", ""feature_value"": 13.58, ""shap_value"": 3.81, ""impact"": 3.81}, {""feature_key"": ""weather_transit_surge"", ""feature_name"": ""Rainfall Transit Inflow Surge"", ""feature_value"": 1.44, ""shap_value"": 3.53, ""impact"": 3.53}, {""feature_key"": ""lag_foot_24"", ""feature_name"": ""Yesterday's Foot-Traffic"", ""feature_value"": 4201.0, ""shap_value"": 2.71, ""impact"": 2.71}, {""feature_key"": ""hour_cos"", ""feature_name"": ""Time of Day (Diurnal Cycle)"", ""feature_value"": 0.0, ""shap_value"": 1.13, ""impact"": 1.13}, {""feature_key"": ""hour_sin"", ""feature_name"": ""Time of Day (Peak Window)"", ""feature_value"": 1.0, ""shap_value"": 1.06, ""impact"": 1.06}]","[{""feature_key"": ""lag_168"", ""feature_name"": ""Same Time Last Week Congestion"", ""feature_value"": 47.5, ""shap_value"": -6.92, ""impact"": -6.92}, {""feature_key"": ""lag_1"", ""feature_name"": ""Recent Congestion (1h ago)"", ""feature_value"": 46.8, ""shap_value"": -2.14, ""impact"": -2.14}, {""feature_key"": ""scheduled_trips"", ""feature_name"": ""Transit Dispatch Frequency"", ""feature_value"": 9.0, ""shap_value"": -0.59, ""impact"": -0.59}, {""feature_key"": ""lag_24"", ""feature_name"": ""Yesterday's Same-Hour Congestion"", ""feature_value"": 55.1, ""shap_value"": -0.47, ""impact"": -0.47}, {""feature_key"": ""transit_pressure_ratio"", ""feature_name"": ""Transit Demand-to-Supply Ratio"", ""feature_value"": 7.19, ""shap_value"": -0.46, ""impact"": -0.46}]",60.24
2795,MAA_KATHIPARA_JUNCTION,2026-09-24T07:00:00,2026-09-23T20:00:00,11,93.4,SEVERE,29.8,Monsoon Downpour,9,"[{""feature_key"": ""lag_168"", ""feature_name"": ""Same Time Last Week Congestion"", ""feature_value"": 98.5, ""shap_value"": 22.13, ""impact"": 22.13}, {""feature_key"": ""weather_transit_surge"", ""feature_name"": ""Rainfall Transit Inflow Surge"", ""feature_value"": 1.44, ""shap_value"": 4.44, ""impact"": 4.44}, {""feature_key"": ""lag_foot_24"", ""feature_name"": ""Yesterday's Foot-Traffic"", ""feature_value"": 9289.0, ""shap_value"": 2.17, ""impact"": 2.17}, {""feature_key"": ""hour_cos"", ""feature_name"": ""Time of Day (Diurnal Cycle)"", ""feature_value"": -0.26, ""shap_value"": 1.49, ""impact"": 1.49}, {""feature_key"": ""hour_sin"", ""feature_name"": ""Time of Day (Peak Window)"", ""feature_value"": 0.97, ""shap_value"": 0.9, ""impact"": 0.9}]","[{""feature_key"": ""lag_1"", ""feature_name"": ""Recent Congestion (1h ago)"", ""feature_value"": 67.2, ""shap_value"": -1.18, ""impact"": -1.18}, {""feature_key"": ""transit_pressure_ratio"", ""feature_name"": ""Transit Demand-to-Supply Ratio"", ""feature_value"": 7.24, ""shap_value"": -0.48, ""impact"": -0.48}, {""feature_key"": ""scheduled_trips"", ""feature_name"": ""Transit Dispatch Frequency"", ""feature_value"": 9.0, ""shap_value"": -0.45, ""impact"": -0.45}, {""feature_key"": ""lag_24"", ""feature_name"": ""Yesterday's Same-Hour Congestion"", ""feature_value"": 79.0, ""shap_value"": -0.39, ""impact"": -0.39}, {""feature_key"": ""feels_like_c"", ""feature_name"": ""Apparent Feels-Like Temperature"", ""feature_value"": 30.6, ""shap_value"": -0.11, ""impact"": -0.11}]",60.24
2796,MAA_KATHIPARA_JUNCTION,2026-09-24T08:00:00,2026-09-23T20:00:00,12,95.1,SEVERE,31.0,Sunny & Warm,24,"[{""feature_key"": ""lag_168"", ""feature_name"": ""Same Time Last Week Congestion"", ""feature_value"": 98.5, ""shap_value"": 24.25, ""impact"": 24.25}, {""feature_key"": ""lag_1"", ""feature_name"": ""Recent Congestion (1h ago)"", ""feature_value"": 93.4, ""shap_value"": 2.95, ""impact"": 2.95}, {""feature_key"": ""lag_foot_24"", ""feature_name"": ""Yesterday's Foot-Traffic"", ""feature_value"": 11153.0, ""shap_value"": 2.71, ""impact"": 2.71}, {""feature_key"": ""hour_cos"", ""feature_name"": ""Time of Day (Diurnal Cycle)"", ""feature_value"": -0.5, ""shap_value"": 1.32, ""impact"": 1.32}, {""feature_key"": ""scheduled_trips"", ""feature_name"": ""Transit Dispatch Frequency"", ""feature_value"": 24.0, ""shap_value"": 1.18, ""impact"": 1.18}]","[{""feature_key"": ""hour_sin"", ""feature_name"": ""Time of Day (Peak Window)"", ""feature_value"": 0.87, ""shap_value"": -0.62, ""impact"": -0.62}, {""feature_key"": ""weather_transit_surge"", ""feature_name"": ""Rainfall Transit Inflow Surge"", ""feature_value"": 0.0, ""shap_value"": -0.38, ""impact"": -0.38}, {""feature_key"": ""lag_trips_24"", ""feature_name"": ""Yesterday's Scheduled Transit Trips"", ""feature_value"": 24.0, ""shap_value"": -0.29, ""impact"": -0.29}, {""feature_key"": ""dow_sin"", ""feature_name"": ""Weekly Schedule Cycle"", ""feature_value"": 0.43, ""shap_value"": -0.23, ""impact"": -0.23}, {""feature_key"": ""precip_mm"", ""feature_name"": ""Rainfall Intensity"", ""feature_value"": 0.0, ""shap_value"": -0.12, ""impact"": -0.12}]",60.24
2797,MAA_KATHIPARA_JUNCTION,2026-09-24T09:00:00,2026-09-23T20:00:00,13,96.8,SEVERE,31.6,Sunny & Warm,24,"[{""feature_key"": ""lag_168"", ""feature_name"": ""Same Time Last Week Congestion"", ""feature_value"": 98.5, ""shap_value"": 24.77, ""impact"": 24.77}, {""feature_key"": ""lag_1"", ""feature_name"": ""Recent Congestion (1h ago)"", ""feature_value"": 95.1, ""shap_value"": 3.04, ""impact"": 3.04}, {""feature_key"": ""lag_foot_24"", ""feature_name"": ""Yesterday's Foot-Traffic"", ""feature_value"": 13469.0, ""shap_value"": 2.67, ""impact"": 2.67}, {""feature_key"": ""lag_24"", ""feature_name"": ""Yesterday's Same-Hour Congestion"", ""feature_value"": 98.5, ""shap_value"": 2.28, ""impact"": 2.28}, {""feature_key"": ""lag_foot_1"", ""feature_name"": ""Recent Foot-Traffic (1h ago)"", ""feature_value"": 9985.0, ""shap_value"": 1.21, ""impact"": 1.21}]","[{""feature_key"": ""hour_sin"", ""feature_name"": ""Time of Day (Peak Window)"", ""feature_value"": 0.71, ""shap_value"": -0.39, ""impact"": -0.39}, {""feature_key"": ""weather_transit_surge"", ""feature_name"": ""Rainfall Transit Inflow Surge"", ""feature_value"": 0.0, ""shap_value"": -0.34, ""impact"": -0.34}, {""feature_key"": ""lag_trips_24"", ""feature_name"": ""Yesterday's Scheduled Transit Trips"", ""feature_value"": 24.0, ""shap_value"": -0.25, ""impact"": -0.25}, {""feature_key"": ""dow_sin"", ""feature_name"": ""Weekly Schedule Cycle"", ""feature_value"": 0.43, ""shap_value"": -0.23, ""impact"": -0.23}, {""feature_key"": ""precip_mm"", ""feature_name"": ""Rainfall Intensity"", ""feature_value"": 0.0, ""shap_value"": -0.12, ""impact"": -0.12}]",60.24
2798,MAA_KATHIPARA_JUNCTION,2026-09-24T10:00:00,2026-09-23T20:00:00,14,87.0,SEVERE,34.0,Sunny & Warm,24,"[{""feature_key"": ""lag_168"", ""feature_name"": ""Same Time Last Week Congestion"", ""feature_value"": 98.5, ""shap_value"": 21.88, ""impact"": 21.88}, {""feature_key"": ""lag_1"", ""feature_name"": ""Recent Congestion (1h ago)"", ""feature_value"": 96.8, ""shap_value"": 3.16, ""impact"": 3.16}, {""feature_key"": ""lag_foot_24"", ""feature_name"": ""Yesterday's Foot-Traffic"", ""feature_value"": 11229.0, ""shap_value"": 2.51, ""impact"": 2.51}, {""feature_key"": ""scheduled_trips"", ""feature_name"": ""Transit Dispatch Frequency"", ""feature_value"": 24.0, ""shap_value"": 1.08, ""impact"": 1.08}, {""feature_key"": ""lag_foot_1"", ""feature_name"": ""Recent Foot-Traffic (1h ago)"", ""feature_value"": 10164.0, ""shap_value"": 1.05, ""impact"": 1.05}]","[{""feature_key"": ""hour_cos"", ""feature_name"": ""Time of Day (Diurnal Cycle)"", ""feature_value"": -0.87, ""shap_value"": -2.19, ""impact"": -2.19}, {""feature_key"": ""hour_sin"", ""feature_name"": ""Time of Day (Peak Window)"", ""feature_value"": 0.5, ""shap_value"": -1.14, ""impact"": -1.14}, {""feature_key"": ""lag_3"", ""feature_name"": ""Short-term Congestion (3h ago)"", ""feature_value"": 93.4, ""shap_value"": -0.5, ""impact"": -0.5}, {""feature_key"": ""weather_transit_surge"", ""feature_name"": ""Rainfall Transit Inflow Surge"", ""feature_value"": 0.0, ""shap_value"": -0.49, ""impact"": -0.49}, {""feature_key"": ""dow_sin"", ""feature_name"": ""Weekly Schedule Cycle"", ""feature_value"": 0.43, ""shap_value"": -0.42, ""impact"": -0.42}]",60.24
2799,MAA_KATHIPARA_JUNCTION,2026-09-24T11:00:00,2026-09-23T20:00:00,15,72.1,HIGH,33.3,Sunny & Warm,15,"[{""feature_key"": ""lag_168"", ""feature_name"": ""Same Time Last Week Congestion"", ""feature_value"": 87.9, ""shap_value"": 15.85, ""impact"": 15.85}, {""feature_key"": ""lag_1"", ""feature_name"": ""Recent Congestion (1h ago)"", ""feature_value"": 87.0, ""shap_value"": 2.32, ""impact"": 2.32}, {""feature_key"": ""lag_foot_24"", ""feature_name"": ""Yesterday's Foot-Traffic"", ""feature_value"": 8104.0, ""shap_value"": 2.11, ""impact"": 2.11}, {""feature_key"": ""lag_foot_1"", ""feature_name"": ""Recent Foot-Traffic (1h ago)"", ""feature_value"": 9135.0, ""shap_value"": 0.87, ""impact"": 0.87}, {""feature_key"": ""lag_trips_1"", ""feature_name"": ""Recent Transit Trips Count"", ""feature_value"": 24.0, ""shap_value"": 0.4, ""impact"": 0.4}]","[{""feature_key"": ""hour_cos"", ""feature_name"": ""Time of Day (Diurnal Cycle)"", ""feature_value"": -0.97, ""shap_value"": -4.7, ""impact"": -4.7}, {""feature_key"": ""hour_sin"", ""feature_name"": ""Time of Day (Peak Window)"", ""feature_value"": 0.26, ""shap_value"": -1.87, ""impact"": -1.87}, {""feature_key"": ""lag_3"", ""feature_name"": ""Short-term Congestion (3h ago)"", ""feature_value"": 95.1, ""shap_value"": -0.74, ""impact"": -0.74}, {""feature_key"": ""roll_mean_6h"", ""feature_name"": ""6-Hour Moving Congestion Trend"", ""feature_value"": 81.05, ""shap_value"": -0.71, ""impact"": -0.71}, {""feature_key"": ""dow_sin"", ""feature_name"": ""Weekly Schedule Cycle"", ""feature_value"": 0.43, ""shap_value"": -0.66, ""impact"": -0.66}]",60.24
2800,MAA_KATHIPARA_JUNCTION,2026-09-24T12:00:00,2026-09-23T20:00:00,16,60.0,HIGH,35.5,Hot Summer Spell,15,"[{""feature_key"": ""lag_foot_24"", ""feature_name"": ""Yesterday's Foot-Traffic"", ""feature_value"": 6256.0, ""shap_value"": 2.64, ""impact"": 2.64}, {""feature_key"": ""lag_1"", ""feature_name"": ""Recent Congestion (1h ago)"", ""feature_value"": 72.1, ""shap_value"": 1.38, ""impact"": 1.38}, {""feature_key"": ""lag_foot_1"", ""feature_name"": ""Recent Foot-Traffic (1h ago)"", ""feature_value"": 7570.0, ""shap_value"": 0.86, ""impact"": 0.86}, {""feature_key"": ""temp_c"", ""feature_name"": ""Ambient Temperature"", ""feature_value"": 35.5, ""shap_value"": 0.68, ""impact"": 0.68}, {""feature_key"": ""transit_weight"", ""feature_name"": ""Transit Commuter Dominance"", ""feature_value"": 0.9, ""shap_value"": 0.37, ""impact"": 0.37}]","[{""feature_key"": ""hour_sin"", ""feature_name"": ""Time of Day (Peak Window)"", ""feature_value"": 0.0, ""shap_value"": -1.5, ""impact"": -1.5}, {""feature_key"": ""hour_cos"", ""feature_name"": ""Time of Day (Diurnal Cycle)"", ""feature_value"": -1.0, ""shap_value"": -1.4, ""impact"": -1.4}, {""feature_key"": ""lag_168"", ""feature_name"": ""Same Time Last Week Congestion"", ""feature_value"": 56.2, ""shap_value"": -1.02, ""impact"": -1.02}, {""feature_key"": ""lag_3"", ""feature_name"": ""Short-term Congestion (3h ago)"", ""feature_value"": 96.8, ""shap_value"": -0.75, ""impact"": -0.75}, {""feature_key"": ""weather_transit_surge"", ""feature_name"": ""Rainfall Transit Inflow Surge"", ""feature_value"": 0.0, ""shap_value"": -0.55, ""impact"": -0.55}]",60.24
2801,MAA_KATHIPARA_JUNCTION,2026-09-24T13:00:00,2026-09-23T20:00:00,17,61.9,HIGH,34.2,Sunny & Warm,15,"[{""feature_key"": ""lag_168"", ""feature_name"": ""Same Time Last Week Congestion"", ""feature_value"": 61.8, ""shap_value"": 4.8, ""impact"": 4.8}, {""feature_key"": ""lag_foot_24"", ""feature_name"": ""Yesterday's Foot-Traffic"", ""feature_value"": 8706.0, ""shap_value"": 2.38, ""impact"": 2.38}, {""feature_key"": ""lag_foot_1"", ""feature_name"": ""Recent Foot-Traffic (1h ago)"", ""feature_value"": 6300.0, ""shap_value"": 0.77, ""impact"": 0.77}, {""feature_key"": ""lag_24"", ""feature_name"": ""Yesterday's Same-Hour Congestion"", ""feature_value"": 77.4, ""shap_value"": 0.62, ""impact"": 0.62}, {""feature_key"": ""temp_c"", ""feature_name"": ""Ambient Temperature"", ""feature_value"": 34.2, ""shap_value"": 0.38, ""impact"": 0.38}]","[{""feature_key"": ""hour_sin"", ""feature_name"": ""Time of Day (Peak Window)"", ""feature_value"": -0.26, ""shap_value"": -2.04, ""impact"": -2.04}, {""feature_key"": ""lag_1"", ""feature_name"": ""Recent Congestion (1h ago)"", ""feature_value"": 60.0, ""shap_value"": -1.26, ""impact"": -1.26}, {""feature_key"": ""lag_3"", ""feature_name"": ""Short-term Congestion (3h ago)"", ""feature_value"": 87.0, ""shap_value"": -1.26, ""impact"": -1.26}, {""feature_key"": ""hour_cos"", ""feature_name"": ""Time of Day (Diurnal Cycle)"", ""feature_value"": -0.97, ""shap_value"": -1.11, ""impact"": -1.11}, {""feature_key"": ""weather_transit_surge"", ""feature_name"": ""Rainfall Transit Inflow Surge"", ""feature_value"": 0.0, ""shap_value"": -0.52, ""impact"": -0.52}]",60.24
2802,MAA_KATHIPARA_JUNCTION,2026-09-24T14:00:00,2026-09-23T20:00:00,18,68.9,HIGH,35.2,Coastal Sea Breeze,15,"[{""feature_key"": ""lag_168"", ""feature_name"": ""Same Time Last Week Congestion"", ""feature_value"": 70.8, ""shap_value"": 9.04, ""impact"": 9.04}, {""feature_key"": ""lag_foot_24"", ""feature_name"": ""Yesterday's Foot-Traffic"", ""feature_value"": 5935.0, ""shap_value"": 2.35, ""impact"": 2.35}, {""feature_key"": ""temp_c"", ""feature_name"": ""Ambient Temperature"", ""feature_value"": 35.2, ""shap_value"": 1.23, ""impact"": 1.23}, {""feature_key"": ""lag_foot_1"", ""feature_name"": ""Recent Foot-Traffic (1h ago)"", ""feature_value"": 6499.0, ""shap_value"": 0.64, ""impact"": 0.64}, {""feature_key"": ""humidity_pct"", ""feature_name"": ""Marine Layer / Humidity"", ""feature_value"": 63.0, ""shap_value"": 0.34, ""impact"": 0.34}]","[{""feature_key"": ""lag_1"", ""feature_name"": ""Recent Congestion (1h ago)"", ""feature_value"": 61.9, ""shap_value"": -1.54, ""impact"": -1.54}, {""feature_key"": ""hour_sin"", ""feature_name"": ""Time of Day (Peak Window)"", ""feature_value"": -0.5, ""shap_value"": -1.07, ""impact"": -1.07}, {""feature_key"": ""hour_cos"", ""feature_name"": ""Time of Day (Diurnal Cycle)"", ""feature_value"": -0.87, ""shap_value"": -0.68, ""impact"": -0.68}, {""feature_key"": ""dow_sin"", ""feature_name"": ""Weekly Schedule Cycle"", ""feature_value"": 0.43, ""shap_value"": -0.62, ""impact"": -0.62}, {""feature_key"": ""roll_mean_6h"", ""feature_name"": ""6-Hour Moving Congestion Trend"", ""feature_value"": 78.82, ""shap_value"": -0.61, ""impact"": -0.61}]",60.24
2803,MAA_KATHIPARA_JUNCTION,2026-09-24T15:00:00,2026-09-23T20:00:00,19,77.5,HIGH,33.7,Coastal Sea Breeze,15,"[{""feature_key"": ""lag_168"", ""feature_name"": ""Same Time Last Week Congestion"", ""feature_value"": 76.0, ""shap_value"": 11.99, ""impact"": 11.99}, {""feature_key"": ""lag_foot_24"", ""feature_name"": ""Yesterday's Foot-Traffic"", ""feature_value"": 6893.0, ""shap_value"": 2.48, ""impact"": 2.48}, {""feature_key"": ""temp_c"", ""feature_name"": ""Ambient Temperature"", ""feature_value"": 33.7, ""shap_value"": 1.22, ""impact"": 1.22}, {""feature_key"": ""lag_foot_1"", ""feature_name"": ""Recent Foot-Traffic (1h ago)"", ""feature_value"": 7234.0, ""shap_value"": 0.82, ""impact"": 0.82}, {""feature_key"": ""lag_1"", ""feature_name"": ""Recent Congestion (1h ago)"", ""feature_value"": 68.9, ""shap_value"": 0.81, ""impact"": 0.81}]","[{""feature_key"": ""dow_sin"", ""feature_name"": ""Weekly Schedule Cycle"", ""feature_value"": 0.43, ""shap_value"": -0.5, ""impact"": -0.5}, {""feature_key"": ""weather_transit_surge"", ""feature_name"": ""Rainfall Transit Inflow Surge"", ""feature_value"": 0.0, ""shap_value"": -0.5, ""impact"": -0.5}, {""feature_key"": ""lag_trips_24"", ""feature_name"": ""Yesterday's Scheduled Transit Trips"", ""feature_value"": 15.0, ""shap_value"": -0.26, ""impact"": -0.26}, {""feature_key"": ""tourist_weight"", ""feature_name"": ""Tourist Landmark Dominance"", ""feature_value"": 0.45, ""shap_value"": -0.21, ""impact"": -0.21}, {""feature_key"": ""transit_pressure_ratio"", ""feature_name"": ""Transit Demand-to-Supply Ratio"", ""feature_value"": 4.35, ""shap_value"": -0.14, ""impact"": -0.14}]",60.24
2804,MAA_KATHIPARA_JUNCTION,2026-09-24T16:00:00,2026-09-23T20:00:00,20,92.4,SEVERE,33.9,Coastal Sea Breeze,15,"[{""feature_key"": ""lag_168"", ""feature_name"": ""Same Time Last Week Congestion"", ""feature_value"": 94.3, ""shap_value"": 23.83, ""impact"": 23.83}, {""feature_key"": ""lag_foot_24"", ""feature_name"": ""Yesterday's Foot-Traffic"", ""feature_value"": 9140.0, ""shap_value"": 2.44, ""impact"": 2.44}, {""feature_key"": ""hour_sin"", ""feature_name"": ""Time of Day (Peak Window)"", ""feature_value"": -0.87, ""shap_value"": 1.99, ""impact"": 1.99}, {""feature_key"": ""lag_24"", ""feature_name"": ""Yesterday's Same-Hour Congestion"", ""feature_value"": 89.2, ""shap_value"": 1.47, ""impact"": 1.47}, {""feature_key"": ""hour_cos"", ""feature_name"": ""Time of Day (Diurnal Cycle)"", ""feature_value"": -0.5, ""shap_value"": 1.4, ""impact"": 1.4}]","[{""feature_key"": ""dow_sin"", ""feature_name"": ""Weekly Schedule Cycle"", ""feature_value"": 0.43, ""shap_value"": -0.44, ""impact"": -0.44}, {""feature_key"": ""tourist_weight"", ""feature_name"": ""Tourist Landmark Dominance"", ""feature_value"": 0.45, ""shap_value"": -0.41, ""impact"": -0.41}, {""feature_key"": ""weather_transit_surge"", ""feature_name"": ""Rainfall Transit Inflow Surge"", ""feature_value"": 0.0, ""shap_value"": -0.31, ""impact"": -0.31}, {""feature_key"": ""lag_trips_24"", ""feature_name"": ""Yesterday's Scheduled Transit Trips"", ""feature_value"": 15.0, ""shap_value"": -0.24, ""impact"": -0.24}, {""feature_key"": ""humidity_pct"", ""feature_name"": ""Marine Layer / Humidity"", ""feature_value"": 77.0, ""shap_value"": -0.14, ""impact"": -0.14}]",60.24
2805,MAA_KATHIPARA_JUNCTION,2026-09-24T17:00:00,2026-09-23T20:00:00,21,98.2,SEVERE,33.4,Coastal Sea Breeze,24,"[{""feature_key"": ""lag_168"", ""feature_name"": ""Same Time Last Week Congestion"", ""feature_value"": 98.5, ""shap_value"": 24.53, ""impact"": 24.53}, {""feature_key"": ""lag_foot_24"", ""feature_name"": ""Yesterday's Foot-Traffic"", ""feature_value"": 13418.0, ""shap_value"": 2.78, ""impact"": 2.78}, {""feature_key"": ""lag_24"", ""feature_name"": ""Yesterday's Same-Hour Congestion"", ""feature_value"": 98.5, ""shap_value"": 2.34, ""impact"": 2.34}, {""feature_key"": ""hour_sin"", ""feature_name"": ""Time of Day (Peak Window)"", ""feature_value"": -0.97, ""shap_value"": 2.21, ""impact"": 2.21}, {""feature_key"": ""lag_1"", ""feature_name"": ""Recent Congestion (1h ago)"", ""feature_value"": 92.4, ""shap_value"": 2.08, ""impact"": 2.08}]","[{""feature_key"": ""dow_sin"", ""feature_name"": ""Weekly Schedule Cycle"", ""feature_value"": 0.43, ""shap_value"": -0.31, ""impact"": -0.31}, {""feature_key"": ""weather_transit_surge"", ""feature_name"": ""Rainfall Transit Inflow Surge"", ""feature_value"": 0.0, ""shap_value"": -0.21, ""impact"": -0.21}, {""feature_key"": ""lag_trips_24"", ""feature_name"": ""Yesterday's Scheduled Transit Trips"", ""feature_value"": 24.0, ""shap_value"": -0.2, ""impact"": -0.2}, {""feature_key"": ""tourist_weight"", ""feature_name"": ""Tourist Landmark Dominance"", ""feature_value"": 0.45, ""shap_value"": -0.13, ""impact"": -0.13}, {""feature_key"": ""roll_mean_24h"", ""feature_name"": ""24-Hour Average Baseline"", ""feature_value"": 65.57, ""shap_value"": -0.06, ""impact"": -0.06}]",60.24
2806,MAA_KATHIPARA_JUNCTION,2026-09-24T18:00:00,2026-09-23T20:00:00,22,97.9,SEVERE,33.0,Sunny & Warm,24,"[{""feature_key"": ""lag_168"", ""feature_name"": ""Same Time Last Week Congestion"", ""feature_value"": 98.5, ""shap_value"": 24.22, ""impact"": 24.22}, {""feature_key"": ""lag_foot_24"", ""feature_name"": ""Yesterday's Foot-Traffic"", ""feature_value"": 17677.0, ""shap_value"": 2.69, ""impact"": 2.69}, {""feature_key"": ""lag_24"", ""feature_name"": ""Yesterday's Same-Hour Congestion"", ""feature_value"": 98.5, ""shap_value"": 2.36, ""impact"": 2.36}, {""feature_key"": ""lag_1"", ""feature_name"": ""Recent Congestion (1h ago)"", ""feature_value"": 98.2, ""shap_value"": 2.33, ""impact"": 2.33}, {""feature_key"": ""hour_sin"", ""feature_name"": ""Time of Day (Peak Window)"", ""feature_value"": -1.0, ""shap_value"": 2.28, ""impact"": 2.28}]","[{""feature_key"": ""dow_sin"", ""feature_name"": ""Weekly Schedule Cycle"", ""feature_value"": 0.43, ""shap_value"": -0.27, ""impact"": -0.27}, {""feature_key"": ""weather_transit_surge"", ""feature_name"": ""Rainfall Transit Inflow Surge"", ""feature_value"": 0.0, ""shap_value"": -0.22, ""impact"": -0.22}, {""feature_key"": ""lag_trips_24"", ""feature_name"": ""Yesterday's Scheduled Transit Trips"", ""feature_value"": 24.0, ""shap_value"": -0.21, ""impact"": -0.21}, {""feature_key"": ""tourist_weight"", ""feature_name"": ""Tourist Landmark Dominance"", ""feature_value"": 0.45, ""shap_value"": -0.13, ""impact"": -0.13}, {""feature_key"": ""roll_mean_6h"", ""feature_name"": ""6-Hour Moving Congestion Trend"", ""feature_value"": 76.48, ""shap_value"": -0.09, ""impact"": -0.09}]",60.24
2807,MAA_KATHIPARA_JUNCTION,2026-09-24T19:00:00,2026-09-23T20:00:00,23,97.7,SEVERE,31.6,Sunny & Warm,24,"[{""feature_key"": ""lag_168"", ""feature_name"": ""Same Time Last Week Congestion"", ""feature_value"": 98.5, ""shap_value"": 24.05, ""impact"": 24.05}, {""feature_key"": ""lag_1"", ""feature_name"": ""Recent Congestion (1h ago)"", ""feature_value"": 97.9, ""shap_value"": 2.75, ""impact"": 2.75}, {""feature_key"": ""lag_foot_24"", ""feature_name"": ""Yesterday's Foot-Traffic"", ""feature_value"": 23281.0, ""shap_value"": 2.75, ""impact"": 2.75}, {""feature_key"": ""lag_24"", ""feature_name"": ""Yesterday's Same-Hour Congestion"", ""feature_value"": 98.5, ""shap_value"": 2.41, ""impact"": 2.41}, {""feature_key"": ""hour_sin"", ""feature_name"": ""Time of Day (Peak Window)"", ""feature_value"": -0.97, ""shap_value"": 2.19, ""impact"": 2.19}]","[{""feature_key"": ""lag_3"", ""feature_name"": ""Short-term Congestion (3h ago)"", ""feature_value"": 92.4, ""shap_value"": -0.33, ""impact"": -0.33}, {""feature_key"": ""dow_sin"", ""feature_name"": ""Weekly Schedule Cycle"", ""feature_value"": 0.43, ""shap_value"": -0.3, ""impact"": -0.3}, {""feature_key"": ""lag_trips_24"", ""feature_name"": ""Yesterday's Scheduled Transit Trips"", ""feature_value"": 24.0, ""shap_value"": -0.22, ""impact"": -0.22}, {""feature_key"": ""weather_transit_surge"", ""feature_name"": ""Rainfall Transit Inflow Surge"", ""feature_value"": 0.0, ""shap_value"": -0.22, ""impact"": -0.22}, {""feature_key"": ""roll_mean_6h"", ""feature_name"": ""6-Hour Moving Congestion Trend"", ""feature_value"": 82.8, ""shap_value"": -0.21, ""impact"": -0.21}]",60.24
2808,MAA_KATHIPARA_JUNCTION,2026-09-24T20:00:00,2026-09-23T20:00:00,24,94.6,SEVERE,31.2,Sunny & Warm,24,"[{""feature_key"": ""lag_168"", ""feature_name"": ""Same Time Last Week Congestion"", ""feature_value"": 96.2, ""shap_value"": 22.82, ""impact"": 22.82}, {""feature_key"": ""lag_foot_24"", ""feature_name"": ""Yesterday's Foot-Traffic"", ""feature_value"": 12959.0, ""shap_value"": 2.85, ""impact"": 2.85}, {""feature_key"": ""lag_1"", ""feature_name"": ""Recent Congestion (1h ago)"", ""feature_value"": 97.7, ""shap_value"": 2.55, ""impact"": 2.55}, {""feature_key"": ""lag_24"", ""feature_name"": ""Yesterday's Same-Hour Congestion"", ""feature_value"": 98.5, ""shap_value"": 2.48, ""impact"": 2.48}, {""feature_key"": ""hour_sin"", ""feature_name"": ""Time of Day (Peak Window)"", ""feature_value"": -0.87, ""shap_value"": 1.42, ""impact"": 1.42}]","[{""feature_key"": ""lag_3"", ""feature_name"": ""Short-term Congestion (3h ago)"", ""feature_value"": 98.2, ""shap_value"": -0.43, ""impact"": -0.43}, {""feature_key"": ""dow_sin"", ""feature_name"": ""Weekly Schedule Cycle"", ""feature_value"": 0.43, ""shap_value"": -0.38, ""impact"": -0.38}, {""feature_key"": ""tourist_weight"", ""feature_name"": ""Tourist Landmark Dominance"", ""feature_value"": 0.45, ""shap_value"": -0.3, ""impact"": -0.3}, {""feature_key"": ""weather_transit_surge"", ""feature_name"": ""Rainfall Transit Inflow Surge"", ""feature_value"": 0.0, ""shap_value"": -0.29, ""impact"": -0.29}, {""feature_key"": ""roll_mean_6h"", ""feature_name"": ""6-Hour Moving Congestion Trend"", ""feature_value"": 88.77, ""shap_value"": -0.27, ""impact"": -0.27}]",60.24
2809,MAA_KATHIPARA_JUNCTION,2026-09-24T21:00:00,2026-09-23T20:00:00,25,67.7,HIGH,27.7,Sunny & Warm,9,"[{""feature_key"": ""lag_168"", ""feature_name"": ""Same Time Last Week Congestion"", ""feature_value"": 72.9, ""shap_value"": 9.06, ""impact"": 9.06}, {""feature_key"": ""lag_1"", ""feature_name"": ""Recent Congestion (1h ago)"", ""feature_value"": 94.6, ""shap_value"": 3.36, ""impact"": 3.36}, {""feature_key"": ""lag_foot_24"", ""feature_name"": ""Yesterday's Foot-Traffic"", ""feature_value"": 6846.0, ""shap_value"": 1.97, ""impact"": 1.97}, {""feature_key"": ""temp_c"", ""feature_name"": ""Ambient Temperature"", ""feature_value"": 27.7, ""shap_value"": 1.49, ""impact"": 1.49}, {""feature_key"": ""lag_foot_1"", ""feature_name"": ""Recent Foot-Traffic (1h ago)"", ""feature_value"": 9933.0, ""shap_value"": 0.61, ""impact"": 0.61}]","[{""feature_key"": ""hour_cos"", ""feature_name"": ""Time of Day (Diurnal Cycle)"", ""feature_value"": 0.71, ""shap_value"": -1.33, ""impact"": -1.33}, {""feature_key"": ""hour_sin"", ""feature_name"": ""Time of Day (Peak Window)"", ""feature_value"": -0.71, ""shap_value"": -1.04, ""impact"": -1.04}, {""feature_key"": ""transit_pressure_ratio"", ""feature_name"": ""Transit Demand-to-Supply Ratio"", ""feature_value"": 7.26, ""shap_value"": -0.99, ""impact"": -0.99}, {""feature_key"": ""scheduled_trips"", ""feature_name"": ""Transit Dispatch Frequency"", ""feature_value"": 9.0, ""shap_value"": -0.96, ""impact"": -0.96}, {""feature_key"": ""feels_like_c"", ""feature_name"": ""Apparent Feels-Like Temperature"", ""feature_value"": 28.0, ""shap_value"": -0.88, ""impact"": -0.88}]",60.24
2810,MAA_KATHIPARA_JUNCTION,2026-09-24T22:00:00,2026-09-23T20:00:00,26,42.3,MODERATE,27.6,Sunny & Warm,9,"[{""feature_key"": ""lag_foot_24"", ""feature_name"": ""Yesterday's Foot-Traffic"", ""feature_value"": 4431.0, ""shap_value"": 2.7, ""impact"": 2.7}, {""feature_key"": ""temp_c"", ""feature_name"": ""Ambient Temperature"", ""feature_value"": 27.6, ""shap_value"": 0.85, ""impact"": 0.85}, {""feature_key"": ""lag_1"", ""feature_name"": ""Recent Congestion (1h ago)"", ""feature_value"": 67.7, ""shap_value"": 0.65, ""impact"": 0.65}, {""feature_key"": ""lag_foot_1"", ""feature_name"": ""Recent Foot-Traffic (1h ago)"", ""feature_value"": 7108.0, ""shap_value"": 0.45, ""impact"": 0.45}, {""feature_key"": ""roll_mean_3h"", ""feature_name"": ""3-Hour Moving Congestion Trend"", ""feature_value"": 86.67, ""shap_value"": 0.15, ""impact"": 0.15}]","[{""feature_key"": ""lag_168"", ""feature_name"": ""Same Time Last Week Congestion"", ""feature_value"": 38.8, ""shap_value"": -13.29, ""impact"": -13.29}, {""feature_key"": ""hour_cos"", ""feature_name"": ""Time of Day (Diurnal Cycle)"", ""feature_value"": 0.87, ""shap_value"": -2.25, ""impact"": -2.25}, {""feature_key"": ""lag_24"", ""feature_name"": ""Yesterday's Same-Hour Congestion"", ""feature_value"": 42.2, ""shap_value"": -1.29, ""impact"": -1.29}, {""feature_key"": ""hour_sin"", ""feature_name"": ""Time of Day (Peak Window)"", ""feature_value"": -0.5, ""shap_value"": -1.13, ""impact"": -1.13}, {""feature_key"": ""lag_3"", ""feature_name"": ""Short-term Congestion (3h ago)"", ""feature_value"": 97.7, ""shap_value"": -0.95, ""impact"": -0.95}]",60.24
2811,MAA_KATHIPARA_JUNCTION,2026-09-24T23:00:00,2026-09-23T20:00:00,27,22.2,LOW,28.6,Sunny & Warm,9,"[{""feature_key"": ""temp_c"", ""feature_name"": ""Ambient Temperature"", ""feature_value"": 28.6, ""shap_value"": 0.56, ""impact"": 0.56}, {""feature_key"": ""transit_weight"", ""feature_name"": ""Transit Commuter Dominance"", ""feature_value"": 0.9, ""shap_value"": 0.16, ""impact"": 0.16}, {""feature_key"": ""dow_cos"", ""feature_name"": ""Day of Week Alignment"", ""feature_value"": -0.9, ""shap_value"": 0.08, ""impact"": 0.08}, {""feature_key"": ""lag_trips_24"", ""feature_name"": ""Yesterday's Scheduled Transit Trips"", ""feature_value"": 9.0, ""shap_value"": 0.06, ""impact"": 0.06}, {""feature_key"": ""feels_like_c"", ""feature_name"": ""Apparent Feels-Like Temperature"", ""feature_value"": 29.7, ""shap_value"": 0.04, ""impact"": 0.04}]","[{""feature_key"": ""lag_168"", ""feature_name"": ""Same Time Last Week Congestion"", ""feature_value"": 21.6, ""shap_value"": -28.11, ""impact"": -28.11}, {""feature_key"": ""hour_cos"", ""feature_name"": ""Time of Day (Diurnal Cycle)"", ""feature_value"": 0.97, ""shap_value"": -2.5, ""impact"": -2.5}, {""feature_key"": ""lag_1"", ""feature_name"": ""Recent Congestion (1h ago)"", ""feature_value"": 42.3, ""shap_value"": -2.2, ""impact"": -2.2}, {""feature_key"": ""lag_24"", ""feature_name"": ""Yesterday's Same-Hour Congestion"", ""feature_value"": 22.7, ""shap_value"": -1.89, ""impact"": -1.89}, {""feature_key"": ""hour_sin"", ""feature_name"": ""Time of Day (Peak Window)"", ""feature_value"": -0.26, ""shap_value"": -1.09, ""impact"": -1.09}]",60.24
2812,MAA_KATHIPARA_JUNCTION,2026-09-25T00:00:00,2026-09-23T20:00:00,28,20.1,LOW,27.0,Humid / Overcast,8,"[{""feature_key"": ""lag_trips_24"", ""feature_name"": ""Yesterday's Scheduled Transit Trips"", ""feature_value"": 8.0, ""shap_value"": 0.22, ""impact"": 0.22}, {""feature_key"": ""capacity_baseline"", ""feature_name"": ""Station Theoretical Capacity"", ""feature_value"": 10500.0, ""shap_value"": 0.12, ""impact"": 0.12}, {""feature_key"": ""transit_weight"", ""feature_name"": ""Transit Commuter Dominance"", ""feature_value"": 0.9, ""shap_value"": 0.11, ""impact"": 0.11}, {""feature_key"": ""dow_cos"", ""feature_name"": ""Day of Week Alignment"", ""feature_value"": -0.9, ""shap_value"": 0.09, ""impact"": 0.09}, {""feature_key"": ""temp_c"", ""feature_name"": ""Ambient Temperature"", ""feature_value"": 27.0, ""shap_value"": 0.05, ""impact"": 0.05}]","[{""feature_key"": ""lag_168"", ""feature_name"": ""Same Time Last Week Congestion"", ""feature_value"": 17.4, ""shap_value"": -28.7, ""impact"": -28.7}, {""feature_key"": ""lag_1"", ""feature_name"": ""Recent Congestion (1h ago)"", ""feature_value"": 22.2, ""shap_value"": -2.77, ""impact"": -2.77}, {""feature_key"": ""hour_cos"", ""feature_name"": ""Time of Day (Diurnal Cycle)"", ""feature_value"": 1.0, ""shap_value"": -2.36, ""impact"": -2.36}, {""feature_key"": ""lag_24"", ""feature_name"": ""Yesterday's Same-Hour Congestion"", ""feature_value"": 18.6, ""shap_value"": -2.01, ""impact"": -2.01}, {""feature_key"": ""lag_foot_1"", ""feature_name"": ""Recent Foot-Traffic (1h ago)"", ""feature_value"": 2331.0, ""shap_value"": -0.96, ""impact"": -0.96}]",60.24
2813,MAA_KATHIPARA_JUNCTION,2026-09-25T01:00:00,2026-09-23T20:00:00,29,20.7,LOW,25.2,Humid / Overcast,8,"[{""feature_key"": ""lag_trips_24"", ""feature_name"": ""Yesterday's Scheduled Transit Trips"", ""feature_value"": 8.0, ""shap_value"": 0.25, ""impact"": 0.25}, {""feature_key"": ""lag_3"", ""feature_name"": ""Short-term Congestion (3h ago)"", ""feature_value"": 42.3, ""shap_value"": 0.24, ""impact"": 0.24}, {""feature_key"": ""capacity_baseline"", ""feature_name"": ""Station Theoretical Capacity"", ""feature_value"": 10500.0, ""shap_value"": 0.14, ""impact"": 0.14}, {""feature_key"": ""roll_mean_6h"", ""feature_name"": ""6-Hour Moving Congestion Trend"", ""feature_value"": 57.43, ""shap_value"": 0.12, ""impact"": 0.12}, {""feature_key"": ""transit_weight"", ""feature_name"": ""Transit Commuter Dominance"", ""feature_value"": 0.9, ""shap_value"": 0.11, ""impact"": 0.11}]","[{""feature_key"": ""lag_168"", ""feature_name"": ""Same Time Last Week Congestion"", ""feature_value"": 18.0, ""shap_value"": -28.24, ""impact"": -28.24}, {""feature_key"": ""lag_1"", ""feature_name"": ""Recent Congestion (1h ago)"", ""feature_value"": 20.1, ""shap_value"": -2.85, ""impact"": -2.85}, {""feature_key"": ""hour_cos"", ""feature_name"": ""Time of Day (Diurnal Cycle)"", ""feature_value"": 0.97, ""shap_value"": -2.21, ""impact"": -2.21}, {""feature_key"": ""lag_24"", ""feature_name"": ""Yesterday's Same-Hour Congestion"", ""feature_value"": 19.8, ""shap_value"": -2.05, ""impact"": -2.05}, {""feature_key"": ""lag_foot_1"", ""feature_name"": ""Recent Foot-Traffic (1h ago)"", ""feature_value"": 2110.0, ""shap_value"": -1.28, ""impact"": -1.28}]",60.24
2814,MAA_KATHIPARA_JUNCTION,2026-09-25T02:00:00,2026-09-23T20:00:00,30,27.4,LOW,25.6,Humid / Overcast,8,"[{""feature_key"": ""lag_foot_24"", ""feature_name"": ""Yesterday's Foot-Traffic"", ""feature_value"": 2142.0, ""shap_value"": 0.62, ""impact"": 0.62}, {""feature_key"": ""lag_trips_24"", ""feature_name"": ""Yesterday's Scheduled Transit Trips"", ""feature_value"": 8.0, ""shap_value"": 0.27, ""impact"": 0.27}, {""feature_key"": ""lag_3"", ""feature_name"": ""Short-term Congestion (3h ago)"", ""feature_value"": 22.2, ""shap_value"": 0.18, ""impact"": 0.18}, {""feature_key"": ""roll_mean_6h"", ""feature_name"": ""6-Hour Moving Congestion Trend"", ""feature_value"": 44.6, ""shap_value"": 0.16, ""impact"": 0.16}, {""feature_key"": ""transit_weight"", ""feature_name"": ""Transit Commuter Dominance"", ""feature_value"": 0.9, ""shap_value"": 0.04, ""impact"": 0.04}]","[{""feature_key"": ""lag_168"", ""feature_name"": ""Same Time Last Week Congestion"", ""feature_value"": 31.9, ""shap_value"": -20.75, ""impact"": -20.75}, {""feature_key"": ""lag_24"", ""feature_name"": ""Yesterday's Same-Hour Congestion"", ""feature_value"": 20.4, ""shap_value"": -3.11, ""impact"": -3.11}, {""feature_key"": ""lag_1"", ""feature_name"": ""Recent Congestion (1h ago)"", ""feature_value"": 20.7, ""shap_value"": -3.09, ""impact"": -3.09}, {""feature_key"": ""hour_cos"", ""feature_name"": ""Time of Day (Diurnal Cycle)"", ""feature_value"": 0.87, ""shap_value"": -2.07, ""impact"": -2.07}, {""feature_key"": ""lag_foot_1"", ""feature_name"": ""Recent Foot-Traffic (1h ago)"", ""feature_value"": 2173.0, ""shap_value"": -1.22, ""impact"": -1.22}]",60.24
2815,MAA_KATHIPARA_JUNCTION,2026-09-25T03:00:00,2026-09-23T20:00:00,31,33.6,LOW,24.9,Humid / Overcast,8,"[{""feature_key"": ""lag_foot_24"", ""feature_name"": ""Yesterday's Foot-Traffic"", ""feature_value"": 3454.0, ""shap_value"": 1.04, ""impact"": 1.04}, {""feature_key"": ""lag_trips_24"", ""feature_name"": ""Yesterday's Scheduled Transit Trips"", ""feature_value"": 8.0, ""shap_value"": 0.3, ""impact"": 0.3}, {""feature_key"": ""roll_mean_6h"", ""feature_name"": ""6-Hour Moving Congestion Trend"", ""feature_value"": 33.4, ""shap_value"": 0.26, ""impact"": 0.26}, {""feature_key"": ""lag_3"", ""feature_name"": ""Short-term Congestion (3h ago)"", ""feature_value"": 20.1, ""shap_value"": 0.2, ""impact"": 0.2}, {""feature_key"": ""temp_c"", ""feature_name"": ""Ambient Temperature"", ""feature_value"": 24.9, ""shap_value"": 0.12, ""impact"": 0.12}]","[{""feature_key"": ""lag_168"", ""feature_name"": ""Same Time Last Week Congestion"", ""feature_value"": 34.8, ""shap_value"": -16.87, ""impact"": -16.87}, {""feature_key"": ""lag_1"", ""feature_name"": ""Recent Congestion (1h ago)"", ""feature_value"": 27.4, ""shap_value"": -3.04, ""impact"": -3.04}, {""feature_key"": ""hour_cos"", ""feature_name"": ""Time of Day (Diurnal Cycle)"", ""feature_value"": 0.71, ""shap_value"": -1.91, ""impact"": -1.91}, {""feature_key"": ""lag_24"", ""feature_name"": ""Yesterday's Same-Hour Congestion"", ""feature_value"": 32.9, ""shap_value"": -1.5, ""impact"": -1.5}, {""feature_key"": ""lag_foot_1"", ""feature_name"": ""Recent Foot-Traffic (1h ago)"", ""feature_value"": 2876.0, ""shap_value"": -1.04, ""impact"": -1.04}]",60.24
2816,MAA_KATHIPARA_JUNCTION,2026-09-25T04:00:00,2026-09-23T20:00:00,32,42.1,MODERATE,26.4,Sunny & Warm,8,"[{""feature_key"": ""lag_foot_24"", ""feature_name"": ""Yesterday's Foot-Traffic"", ""feature_value"": 4073.0, ""shap_value"": 1.04, ""impact"": 1.04}, {""feature_key"": ""temp_c"", ""feature_name"": ""Ambient Temperature"", ""feature_value"": 26.4, ""shap_value"": 0.37, ""impact"": 0.37}, {""feature_key"": ""roll_mean_6h"", ""feature_name"": ""6-Hour Moving Congestion Trend"", ""feature_value"": 27.72, ""shap_value"": 0.34, ""impact"": 0.34}, {""feature_key"": ""lag_3"", ""feature_name"": ""Short-term Congestion (3h ago)"", ""feature_value"": 20.7, ""shap_value"": 0.33, ""impact"": 0.33}, {""feature_key"": ""lag_trips_24"", ""feature_name"": ""Yesterday's Scheduled Transit Trips"", ""feature_value"": 8.0, ""shap_value"": 0.33, ""impact"": 0.33}]","[{""feature_key"": ""lag_168"", ""feature_name"": ""Same Time Last Week Congestion"", ""feature_value"": 39.7, ""shap_value"": -9.53, ""impact"": -9.53}, {""feature_key"": ""lag_1"", ""feature_name"": ""Recent Congestion (1h ago)"", ""feature_value"": 33.6, ""shap_value"": -3.17, ""impact"": -3.17}, {""feature_key"": ""hour_cos"", ""feature_name"": ""Time of Day (Diurnal Cycle)"", ""feature_value"": 0.5, ""shap_value"": -1.69, ""impact"": -1.69}, {""feature_key"": ""lag_24"", ""feature_name"": ""Yesterday's Same-Hour Congestion"", ""feature_value"": 38.8, ""shap_value"": -1.4, ""impact"": -1.4}, {""feature_key"": ""precip_mm"", ""feature_name"": ""Rainfall Intensity"", ""feature_value"": 0.0, ""shap_value"": -0.64, ""impact"": -0.64}]",60.24
2817,MAA_KATHIPARA_JUNCTION,2026-09-25T05:00:00,2026-09-23T20:00:00,33,61.0,HIGH,27.4,Monsoon Downpour,9,"[{""feature_key"": ""lag_foot_24"", ""feature_name"": ""Yesterday's Foot-Traffic"", ""feature_value"": 4914.0, ""shap_value"": 3.66, ""impact"": 3.66}, {""feature_key"": ""precip_mm"", ""feature_name"": ""Rainfall Intensity"", ""feature_value"": 7.81, ""shap_value"": 3.64, ""impact"": 3.64}, {""feature_key"": ""weather_transit_surge"", ""feature_name"": ""Rainfall Transit Inflow Surge"", ""feature_value"": 1.44, ""shap_value"": 3.14, ""impact"": 3.14}, {""feature_key"": ""hour_sin"", ""feature_name"": ""Time of Day (Peak Window)"", ""feature_value"": 0.97, ""shap_value"": 1.3, ""impact"": 1.3}, {""feature_key"": ""weather_tourism_suppression"", ""feature_name"": ""Weather Tourist Dampening Index"", ""feature_value"": 0.81, ""shap_value"": 1.01, ""impact"": 1.01}]","[{""feature_key"": ""lag_168"", ""feature_name"": ""Same Time Last Week Congestion"", ""feature_value"": 42.8, ""shap_value"": -8.48, ""impact"": -8.48}, {""feature_key"": ""lag_1"", ""feature_name"": ""Recent Congestion (1h ago)"", ""feature_value"": 42.1, ""shap_value"": -2.89, ""impact"": -2.89}, {""feature_key"": ""lag_24"", ""feature_name"": ""Yesterday's Same-Hour Congestion"", ""feature_value"": 46.8, ""shap_value"": -1.18, ""impact"": -1.18}, {""feature_key"": ""hour_cos"", ""feature_name"": ""Time of Day (Diurnal Cycle)"", ""feature_value"": 0.26, ""shap_value"": -1.16, ""impact"": -1.16}, {""feature_key"": ""scheduled_trips"", ""feature_name"": ""Transit Dispatch Frequency"", ""feature_value"": 9.0, ""shap_value"": -0.64, ""impact"": -0.64}]",60.24
2818,MAA_KATHIPARA_JUNCTION,2026-09-25T06:00:00,2026-09-23T20:00:00,34,78.5,HIGH,28.5,Monsoon Downpour,9,"[{""feature_key"": ""weather_transit_surge"", ""feature_name"": ""Rainfall Transit Inflow Surge"", ""feature_value"": 1.44, ""shap_value"": 6.62, ""impact"": 6.62}, {""feature_key"": ""lag_168"", ""feature_name"": ""Same Time Last Week Congestion"", ""feature_value"": 65.8, ""shap_value"": 5.68, ""impact"": 5.68}, {""feature_key"": ""lag_foot_24"", ""feature_name"": ""Yesterday's Foot-Traffic"", ""feature_value"": 7056.0, ""shap_value"": 2.63, ""impact"": 2.63}, {""feature_key"": ""precip_mm"", ""feature_name"": ""Rainfall Intensity"", ""feature_value"": 6.03, ""shap_value"": 1.92, ""impact"": 1.92}, {""feature_key"": ""temp_c"", ""feature_name"": ""Ambient Temperature"", ""feature_value"": 28.5, ""shap_value"": 1.17, ""impact"": 1.17}]","[{""feature_key"": ""lag_1"", ""feature_name"": ""Recent Congestion (1h ago)"", ""feature_value"": 61.0, ""shap_value"": -2.13, ""impact"": -2.13}, {""feature_key"": ""scheduled_trips"", ""feature_name"": ""Transit Dispatch Frequency"", ""feature_value"": 9.0, ""shap_value"": -0.48, ""impact"": -0.48}, {""feature_key"": ""transit_pressure_ratio"", ""feature_name"": ""Transit Demand-to-Supply Ratio"", ""feature_value"": 7.4, ""shap_value"": -0.43, ""impact"": -0.43}, {""feature_key"": ""hour_cos"", ""feature_name"": ""Time of Day (Diurnal Cycle)"", ""feature_value"": 0.0, ""shap_value"": -0.41, ""impact"": -0.41}, {""feature_key"": ""roll_mean_3h"", ""feature_name"": ""3-Hour Moving Congestion Trend"", ""feature_value"": 45.57, ""shap_value"": -0.15, ""impact"": -0.15}]",60.24
2819,MAA_KATHIPARA_JUNCTION,2026-09-25T07:00:00,2026-09-23T20:00:00,35,93.3,SEVERE,29.1,Monsoon Downpour,9,"[{""feature_key"": ""lag_168"", ""feature_name"": ""Same Time Last Week Congestion"", ""feature_value"": 95.3, ""shap_value"": 20.94, ""impact"": 20.94}, {""feature_key"": ""weather_transit_surge"", ""feature_name"": ""Rainfall Transit Inflow Surge"", ""feature_value"": 1.44, ""shap_value"": 3.39, ""impact"": 3.39}, {""feature_key"": ""lag_foot_24"", ""feature_name"": ""Yesterday's Foot-Traffic"", ""feature_value"": 9807.0, ""shap_value"": 2.24, ""impact"": 2.24}, {""feature_key"": ""hour_cos"", ""feature_name"": ""Time of Day (Diurnal Cycle)"", ""feature_value"": -0.26, ""shap_value"": 1.44, ""impact"": 1.44}, {""feature_key"": ""lag_foot_1"", ""feature_name"": ""Recent Foot-Traffic (1h ago)"", ""feature_value"": 8242.0, ""shap_value"": 1.06, ""impact"": 1.06}]","[{""feature_key"": ""scheduled_trips"", ""feature_name"": ""Transit Dispatch Frequency"", ""feature_value"": 9.0, ""shap_value"": -1.07, ""impact"": -1.07}, {""feature_key"": ""transit_pressure_ratio"", ""feature_name"": ""Transit Demand-to-Supply Ratio"", ""feature_value"": 7.45, ""shap_value"": -0.7, ""impact"": -0.7}, {""feature_key"": ""roll_mean_3h"", ""feature_name"": ""3-Hour Moving Congestion Trend"", ""feature_value"": 60.53, ""shap_value"": -0.11, ""impact"": -0.11}, {""feature_key"": ""tourist_weight"", ""feature_name"": ""Tourist Landmark Dominance"", ""feature_value"": 0.45, ""shap_value"": -0.1, ""impact"": -0.1}, {""feature_key"": ""roll_std_24h"", ""feature_name"": ""24-Hour Crowd Volatility"", ""feature_value"": 27.16, ""shap_value"": -0.09, ""impact"": -0.09}]",60.24
2820,MAA_KATHIPARA_JUNCTION,2026-09-25T08:00:00,2026-09-23T20:00:00,36,96.5,SEVERE,30.8,Monsoon Downpour,24,"[{""feature_key"": ""lag_168"", ""feature_name"": ""Same Time Last Week Congestion"", ""feature_value"": 92.5, ""shap_value"": 19.81, ""impact"": 19.81}, {""feature_key"": ""weather_transit_surge"", ""feature_name"": ""Rainfall Transit Inflow Surge"", ""feature_value"": 1.44, ""shap_value"": 3.98, ""impact"": 3.98}, {""feature_key"": ""lag_foot_24"", ""feature_name"": ""Yesterday's Foot-Traffic"", ""feature_value"": 9985.0, ""shap_value"": 2.56, ""impact"": 2.56}, {""feature_key"": ""lag_1"", ""feature_name"": ""Recent Congestion (1h ago)"", ""feature_value"": 93.3, ""shap_value"": 2.24, ""impact"": 2.24}, {""feature_key"": ""lag_24"", ""feature_name"": ""Yesterday's Same-Hour Congestion"", ""feature_value"": 95.1, ""shap_value"": 1.65, ""impact"": 1.65}]","[{""feature_key"": ""dow_sin"", ""feature_name"": ""Weekly Schedule Cycle"", ""feature_value"": -0.43, ""shap_value"": -0.24, ""impact"": -0.24}, {""feature_key"": ""lag_trips_24"", ""feature_name"": ""Yesterday's Scheduled Transit Trips"", ""feature_value"": 24.0, ""shap_value"": -0.21, ""impact"": -0.21}, {""feature_key"": ""humidity_pct"", ""feature_name"": ""Marine Layer / Humidity"", ""feature_value"": 80.0, ""shap_value"": -0.11, ""impact"": -0.11}, {""feature_key"": ""roll_mean_24h"", ""feature_name"": ""24-Hour Average Baseline"", ""feature_value"": 67.04, ""shap_value"": -0.06, ""impact"": -0.06}, {""feature_key"": ""capacity_baseline"", ""feature_name"": ""Station Theoretical Capacity"", ""feature_value"": 10500.0, ""shap_value"": -0.05, ""impact"": -0.05}]",60.24
2821,MAA_KATHIPARA_JUNCTION,2026-09-25T09:00:00,2026-09-23T20:00:00,37,98.9,SEVERE,31.7,Monsoon Downpour,24,"[{""feature_key"": ""lag_168"", ""feature_name"": ""Same Time Last Week Congestion"", ""feature_value"": 98.5, ""shap_value"": 23.18, ""impact"": 23.18}, {""feature_key"": ""weather_transit_surge"", ""feature_name"": ""Rainfall Transit Inflow Surge"", ""feature_value"": 1.44, ""shap_value"": 3.15, ""impact"": 3.15}, {""feature_key"": ""lag_1"", ""feature_name"": ""Recent Congestion (1h ago)"", ""feature_value"": 96.5, ""shap_value"": 2.71, ""impact"": 2.71}, {""feature_key"": ""lag_foot_24"", ""feature_name"": ""Yesterday's Foot-Traffic"", ""feature_value"": 10164.0, ""shap_value"": 2.47, ""impact"": 2.47}, {""feature_key"": ""lag_24"", ""feature_name"": ""Yesterday's Same-Hour Congestion"", ""feature_value"": 96.8, ""shap_value"": 1.78, ""impact"": 1.78}]","[{""feature_key"": ""lag_trips_24"", ""feature_name"": ""Yesterday's Scheduled Transit Trips"", ""feature_value"": 24.0, ""shap_value"": -0.19, ""impact"": -0.19}, {""feature_key"": ""dow_sin"", ""feature_name"": ""Weekly Schedule Cycle"", ""feature_value"": -0.43, ""shap_value"": -0.15, ""impact"": -0.15}, {""feature_key"": ""humidity_pct"", ""feature_name"": ""Marine Layer / Humidity"", ""feature_value"": 77.0, ""shap_value"": -0.08, ""impact"": -0.08}, {""feature_key"": ""lag_3"", ""feature_name"": ""Short-term Congestion (3h ago)"", ""feature_value"": 78.5, ""shap_value"": -0.07, ""impact"": -0.07}, {""feature_key"": ""roll_mean_6h"", ""feature_name"": ""6-Hour Moving Congestion Trend"", ""feature_value"": 67.5, ""shap_value"": -0.04, ""impact"": -0.04}]",60.24
2822,MAA_KATHIPARA_JUNCTION,2026-09-25T10:00:00,2026-09-23T20:00:00,38,95.8,SEVERE,31.3,Monsoon Downpour,24,"[{""feature_key"": ""lag_168"", ""feature_name"": ""Same Time Last Week Congestion"", ""feature_value"": 93.3, ""shap_value"": 20.49, ""impact"": 20.49}, {""feature_key"": ""weather_transit_surge"", ""feature_name"": ""Rainfall Transit Inflow Surge"", ""feature_value"": 1.44, ""shap_value"": 4.32, ""impact"": 4.32}, {""feature_key"": ""lag_1"", ""feature_name"": ""Recent Congestion (1h ago)"", ""feature_value"": 98.9, ""shap_value"": 3.78, ""impact"": 3.78}, {""feature_key"": ""lag_foot_24"", ""feature_name"": ""Yesterday's Foot-Traffic"", ""feature_value"": 9135.0, ""shap_value"": 2.4, ""impact"": 2.4}, {""feature_key"": ""scheduled_trips"", ""feature_name"": ""Transit Dispatch Frequency"", ""feature_value"": 24.0, ""shap_value"": 1.14, ""impact"": 1.14}]","[{""feature_key"": ""hour_cos"", ""feature_name"": ""Time of Day (Diurnal Cycle)"", ""feature_value"": -0.87, ""shap_value"": -0.53, ""impact"": -0.53}, {""feature_key"": ""roll_mean_6h"", ""feature_name"": ""6-Hour Moving Congestion Trend"", ""feature_value"": 78.38, ""shap_value"": -0.4, ""impact"": -0.4}, {""feature_key"": ""lag_3"", ""feature_name"": ""Short-term Congestion (3h ago)"", ""feature_value"": 93.3, ""shap_value"": -0.38, ""impact"": -0.38}, {""feature_key"": ""dow_sin"", ""feature_name"": ""Weekly Schedule Cycle"", ""feature_value"": -0.43, ""shap_value"": -0.27, ""impact"": -0.27}, {""feature_key"": ""hour_sin"", ""feature_name"": ""Time of Day (Peak Window)"", ""feature_value"": 0.5, ""shap_value"": -0.25, ""impact"": -0.25}]",60.24
2823,MAA_KATHIPARA_JUNCTION,2026-09-25T11:00:00,2026-09-23T20:00:00,39,72.2,HIGH,33.2,Sunny & Warm,15,"[{""feature_key"": ""lag_168"", ""feature_name"": ""Same Time Last Week Congestion"", ""feature_value"": 80.3, ""shap_value"": 12.02, ""impact"": 12.02}, {""feature_key"": ""lag_1"", ""feature_name"": ""Recent Congestion (1h ago)"", ""feature_value"": 95.8, ""shap_value"": 2.84, ""impact"": 2.84}, {""feature_key"": ""lag_foot_24"", ""feature_name"": ""Yesterday's Foot-Traffic"", ""feature_value"": 7570.0, ""shap_value"": 2.19, ""impact"": 2.19}, {""feature_key"": ""lag_foot_1"", ""feature_name"": ""Recent Foot-Traffic (1h ago)"", ""feature_value"": 10059.0, ""shap_value"": 1.1, ""impact"": 1.1}, {""feature_key"": ""temp_c"", ""feature_name"": ""Ambient Temperature"", ""feature_value"": 33.2, ""shap_value"": 0.6, ""impact"": 0.6}]","[{""feature_key"": ""hour_cos"", ""feature_name"": ""Time of Day (Diurnal Cycle)"", ""feature_value"": -0.97, ""shap_value"": -2.1, ""impact"": -2.1}, {""feature_key"": ""hour_sin"", ""feature_name"": ""Time of Day (Peak Window)"", ""feature_value"": 0.26, ""shap_value"": -1.55, ""impact"": -1.55}, {""feature_key"": ""weather_transit_surge"", ""feature_name"": ""Rainfall Transit Inflow Surge"", ""feature_value"": 0.0, ""shap_value"": -0.95, ""impact"": -0.95}, {""feature_key"": ""lag_3"", ""feature_name"": ""Short-term Congestion (3h ago)"", ""feature_value"": 96.5, ""shap_value"": -0.81, ""impact"": -0.81}, {""feature_key"": ""dow_sin"", ""feature_name"": ""Weekly Schedule Cycle"", ""feature_value"": -0.43, ""shap_value"": -0.51, ""impact"": -0.51}]",60.24
2824,MAA_KATHIPARA_JUNCTION,2026-09-25T12:00:00,2026-09-23T20:00:00,40,59.7,MODERATE,34.1,Sunny & Warm,15,"[{""feature_key"": ""lag_foot_24"", ""feature_name"": ""Yesterday's Foot-Traffic"", ""feature_value"": 6300.0, ""shap_value"": 2.58, ""impact"": 2.58}, {""feature_key"": ""lag_1"", ""feature_name"": ""Recent Congestion (1h ago)"", ""feature_value"": 72.2, ""shap_value"": 1.32, ""impact"": 1.32}, {""feature_key"": ""lag_foot_1"", ""feature_name"": ""Recent Foot-Traffic (1h ago)"", ""feature_value"": 7581.0, ""shap_value"": 0.84, ""impact"": 0.84}, {""feature_key"": ""temp_c"", ""feature_name"": ""Ambient Temperature"", ""feature_value"": 34.1, ""shap_value"": 0.4, ""impact"": 0.4}, {""feature_key"": ""transit_weight"", ""feature_name"": ""Transit Commuter Dominance"", ""feature_value"": 0.9, ""shap_value"": 0.36, ""impact"": 0.36}]","[{""feature_key"": ""hour_sin"", ""feature_name"": ""Time of Day (Peak Window)"", ""feature_value"": 0.0, ""shap_value"": -1.54, ""impact"": -1.54}, {""feature_key"": ""hour_cos"", ""feature_name"": ""Time of Day (Diurnal Cycle)"", ""feature_value"": -1.0, ""shap_value"": -1.26, ""impact"": -1.26}, {""feature_key"": ""lag_168"", ""feature_name"": ""Same Time Last Week Congestion"", ""feature_value"": 55.4, ""shap_value"": -1.1, ""impact"": -1.1}, {""feature_key"": ""lag_3"", ""feature_name"": ""Short-term Congestion (3h ago)"", ""feature_value"": 98.9, ""shap_value"": -0.89, ""impact"": -0.89}, {""feature_key"": ""weather_transit_surge"", ""feature_name"": ""Rainfall Transit Inflow Surge"", ""feature_value"": 0.0, ""shap_value"": -0.53, ""impact"": -0.53}]",60.24
2825,MAA_KATHIPARA_JUNCTION,2026-09-25T13:00:00,2026-09-23T20:00:00,41,61.2,HIGH,34.0,Sunny & Warm,15,"[{""feature_key"": ""lag_168"", ""feature_name"": ""Same Time Last Week Congestion"", ""feature_value"": 68.9, ""shap_value"": 7.47, ""impact"": 7.47}, {""feature_key"": ""lag_foot_24"", ""feature_name"": ""Yesterday's Foot-Traffic"", ""feature_value"": 6499.0, ""shap_value"": 2.12, ""impact"": 2.12}, {""feature_key"": ""lag_foot_1"", ""feature_name"": ""Recent Foot-Traffic (1h ago)"", ""feature_value"": 6268.0, ""shap_value"": 0.59, ""impact"": 0.59}, {""feature_key"": ""temp_c"", ""feature_name"": ""Ambient Temperature"", ""feature_value"": 34.0, ""shap_value"": 0.5, ""impact"": 0.5}, {""feature_key"": ""transit_weight"", ""feature_name"": ""Transit Commuter Dominance"", ""feature_value"": 0.9, ""shap_value"": 0.35, ""impact"": 0.35}]","[{""feature_key"": ""hour_sin"", ""feature_name"": ""Time of Day (Peak Window)"", ""feature_value"": -0.26, ""shap_value"": -2.02, ""impact"": -2.02}, {""feature_key"": ""lag_1"", ""feature_name"": ""Recent Congestion (1h ago)"", ""feature_value"": 59.7, ""shap_value"": -1.94, ""impact"": -1.94}, {""feature_key"": ""hour_cos"", ""feature_name"": ""Time of Day (Diurnal Cycle)"", ""feature_value"": -0.97, ""shap_value"": -1.61, ""impact"": -1.61}, {""feature_key"": ""lag_3"", ""feature_name"": ""Short-term Congestion (3h ago)"", ""feature_value"": 95.8, ""shap_value"": -1.21, ""impact"": -1.21}, {""feature_key"": ""lag_24"", ""feature_name"": ""Yesterday's Same-Hour Congestion"", ""feature_value"": 61.9, ""shap_value"": -1.02, ""impact"": -1.02}]",60.24
2826,MAA_KATHIPARA_JUNCTION,2026-09-25T14:00:00,2026-09-23T20:00:00,42,72.6,HIGH,33.6,Monsoon Downpour,15,"[{""feature_key"": ""lag_168"", ""feature_name"": ""Same Time Last Week Congestion"", ""feature_value"": 66.4, ""shap_value"": 7.59, ""impact"": 7.59}, {""feature_key"": ""weather_transit_surge"", ""feature_name"": ""Rainfall Transit Inflow Surge"", ""feature_value"": 1.44, ""shap_value"": 4.17, ""impact"": 4.17}, {""feature_key"": ""lag_foot_24"", ""feature_name"": ""Yesterday's Foot-Traffic"", ""feature_value"": 7234.0, ""shap_value"": 2.47, ""impact"": 2.47}, {""feature_key"": ""precip_mm"", ""feature_name"": ""Rainfall Intensity"", ""feature_value"": 6.56, ""shap_value"": 1.47, ""impact"": 1.47}, {""feature_key"": ""lag_24"", ""feature_name"": ""Yesterday's Same-Hour Congestion"", ""feature_value"": 68.9, ""shap_value"": 0.45, ""impact"": 0.45}]","[{""feature_key"": ""hour_sin"", ""feature_name"": ""Time of Day (Peak Window)"", ""feature_value"": -0.5, ""shap_value"": -1.5, ""impact"": -1.5}, {""feature_key"": ""lag_1"", ""feature_name"": ""Recent Congestion (1h ago)"", ""feature_value"": 61.2, ""shap_value"": -1.5, ""impact"": -1.5}, {""feature_key"": ""roll_mean_6h"", ""feature_name"": ""6-Hour Moving Congestion Trend"", ""feature_value"": 80.72, ""shap_value"": -0.78, ""impact"": -0.78}, {""feature_key"": ""hour_cos"", ""feature_name"": ""Time of Day (Diurnal Cycle)"", ""feature_value"": -0.87, ""shap_value"": -0.58, ""impact"": -0.58}, {""feature_key"": ""dow_sin"", ""feature_name"": ""Weekly Schedule Cycle"", ""feature_value"": -0.43, ""shap_value"": -0.45, ""impact"": -0.45}]",60.24
2827,MAA_KATHIPARA_JUNCTION,2026-09-25T15:00:00,2026-09-23T20:00:00,43,83.4,SEVERE,34.1,Monsoon Downpour,15,"[{""feature_key"": ""lag_168"", ""feature_name"": ""Same Time Last Week Congestion"", ""feature_value"": 83.3, ""shap_value"": 15.41, ""impact"": 15.41}, {""feature_key"": ""weather_transit_surge"", ""feature_name"": ""Rainfall Transit Inflow Surge"", ""feature_value"": 1.44, ""shap_value"": 3.8, ""impact"": 3.8}, {""feature_key"": ""lag_foot_24"", ""feature_name"": ""Yesterday's Foot-Traffic"", ""feature_value"": 8137.0, ""shap_value"": 2.24, ""impact"": 2.24}, {""feature_key"": ""lag_1"", ""feature_name"": ""Recent Congestion (1h ago)"", ""feature_value"": 72.6, ""shap_value"": 0.93, ""impact"": 0.93}, {""feature_key"": ""hour_cos"", ""feature_name"": ""Time of Day (Diurnal Cycle)"", ""feature_value"": -0.71, ""shap_value"": 0.89, ""impact"": 0.89}]","[{""feature_key"": ""hour_sin"", ""feature_name"": ""Time of Day (Peak Window)"", ""feature_value"": -0.71, ""shap_value"": -1.6, ""impact"": -1.6}, {""feature_key"": ""dow_sin"", ""feature_name"": ""Weekly Schedule Cycle"", ""feature_value"": -0.43, ""shap_value"": -0.77, ""impact"": -0.77}, {""feature_key"": ""roll_mean_6h"", ""feature_name"": ""6-Hour Moving Congestion Trend"", ""feature_value"": 76.73, ""shap_value"": -0.55, ""impact"": -0.55}, {""feature_key"": ""transit_pressure_ratio"", ""feature_name"": ""Transit Demand-to-Supply Ratio"", ""feature_value"": 4.51, ""shap_value"": -0.3, ""impact"": -0.3}, {""feature_key"": ""scheduled_trips"", ""feature_name"": ""Transit Dispatch Frequency"", ""feature_value"": 15.0, ""shap_value"": -0.23, ""impact"": -0.23}]",60.24
2828,MAA_KATHIPARA_JUNCTION,2026-09-25T16:00:00,2026-09-23T20:00:00,44,93.4,SEVERE,33.2,Monsoon Downpour,15,"[{""feature_key"": ""lag_168"", ""feature_name"": ""Same Time Last Week Congestion"", ""feature_value"": 89.1, ""shap_value"": 20.16, ""impact"": 20.16}, {""feature_key"": ""weather_transit_surge"", ""feature_name"": ""Rainfall Transit Inflow Surge"", ""feature_value"": 1.44, ""shap_value"": 2.65, ""impact"": 2.65}, {""feature_key"": ""lag_foot_24"", ""feature_name"": ""Yesterday's Foot-Traffic"", ""feature_value"": 9702.0, ""shap_value"": 2.47, ""impact"": 2.47}, {""feature_key"": ""lag_24"", ""feature_name"": ""Yesterday's Same-Hour Congestion"", ""feature_value"": 92.4, ""shap_value"": 2.26, ""impact"": 2.26}, {""feature_key"": ""hour_cos"", ""feature_name"": ""Time of Day (Diurnal Cycle)"", ""feature_value"": -0.5, ""shap_value"": 1.32, ""impact"": 1.32}]","[{""feature_key"": ""dow_sin"", ""feature_name"": ""Weekly Schedule Cycle"", ""feature_value"": -0.43, ""shap_value"": -0.39, ""impact"": -0.39}, {""feature_key"": ""transit_pressure_ratio"", ""feature_name"": ""Transit Demand-to-Supply Ratio"", ""feature_value"": 4.53, ""shap_value"": -0.33, ""impact"": -0.33}, {""feature_key"": ""lag_trips_24"", ""feature_name"": ""Yesterday's Scheduled Transit Trips"", ""feature_value"": 15.0, ""shap_value"": -0.19, ""impact"": -0.19}, {""feature_key"": ""tourist_weight"", ""feature_name"": ""Tourist Landmark Dominance"", ""feature_value"": 0.45, ""shap_value"": -0.12, ""impact"": -0.12}, {""feature_key"": ""roll_mean_6h"", ""feature_name"": ""6-Hour Moving Congestion Trend"", ""feature_value"": 74.15, ""shap_value"": -0.11, ""impact"": -0.11}]",60.24
2829,MAA_KATHIPARA_JUNCTION,2026-09-25T17:00:00,2026-09-23T20:00:00,45,98.4,SEVERE,33.7,Thunderstorm / Rain,24,"[{""feature_key"": ""lag_168"", ""feature_name"": ""Same Time Last Week Congestion"", ""feature_value"": 98.5, ""shap_value"": 23.24, ""impact"": 23.24}, {""feature_key"": ""lag_foot_24"", ""feature_name"": ""Yesterday's Foot-Traffic"", ""feature_value"": 10311.0, ""shap_value"": 2.45, ""impact"": 2.45}, {""feature_key"": ""lag_24"", ""feature_name"": ""Yesterday's Same-Hour Congestion"", ""feature_value"": 98.2, ""shap_value"": 1.98, ""impact"": 1.98}, {""feature_key"": ""lag_1"", ""feature_name"": ""Recent Congestion (1h ago)"", ""feature_value"": 93.4, ""shap_value"": 1.91, ""impact"": 1.91}, {""feature_key"": ""weather_transit_surge"", ""feature_name"": ""Rainfall Transit Inflow Surge"", ""feature_value"": 1.44, ""shap_value"": 1.79, ""impact"": 1.79}]","[{""feature_key"": ""dow_sin"", ""feature_name"": ""Weekly Schedule Cycle"", ""feature_value"": -0.43, ""shap_value"": -0.27, ""impact"": -0.27}, {""feature_key"": ""lag_trips_24"", ""feature_name"": ""Yesterday's Scheduled Transit Trips"", ""feature_value"": 24.0, ""shap_value"": -0.18, ""impact"": -0.18}, {""feature_key"": ""tourist_weight"", ""feature_name"": ""Tourist Landmark Dominance"", ""feature_value"": 0.45, ""shap_value"": -0.11, ""impact"": -0.11}, {""feature_key"": ""roll_mean_6h"", ""feature_name"": ""6-Hour Moving Congestion Trend"", ""feature_value"": 73.75, ""shap_value"": -0.05, ""impact"": -0.05}, {""feature_key"": ""roll_mean_3h"", ""feature_name"": ""3-Hour Moving Congestion Trend"", ""feature_value"": 83.13, ""shap_value"": -0.04, ""impact"": -0.04}]",60.24
2830,MAA_KATHIPARA_JUNCTION,2026-09-25T18:00:00,2026-09-23T20:00:00,46,98.3,SEVERE,32.6,Monsoon Downpour,24,"[{""feature_key"": ""lag_168"", ""feature_name"": ""Same Time Last Week Congestion"", ""feature_value"": 98.5, ""shap_value"": 23.04, ""impact"": 23.04}, {""feature_key"": ""lag_foot_24"", ""feature_name"": ""Yesterday's Foot-Traffic"", ""feature_value"": 10279.0, ""shap_value"": 2.48, ""impact"": 2.48}, {""feature_key"": ""lag_1"", ""feature_name"": ""Recent Congestion (1h ago)"", ""feature_value"": 98.4, ""shap_value"": 2.26, ""impact"": 2.26}, {""feature_key"": ""lag_24"", ""feature_name"": ""Yesterday's Same-Hour Congestion"", ""feature_value"": 97.9, ""shap_value"": 2.01, ""impact"": 2.01}, {""feature_key"": ""weather_transit_surge"", ""feature_name"": ""Rainfall Transit Inflow Surge"", ""feature_value"": 1.44, ""shap_value"": 1.76, ""impact"": 1.76}]","[{""feature_key"": ""dow_sin"", ""feature_name"": ""Weekly Schedule Cycle"", ""feature_value"": -0.43, ""shap_value"": -0.27, ""impact"": -0.27}, {""feature_key"": ""lag_trips_24"", ""feature_name"": ""Yesterday's Scheduled Transit Trips"", ""feature_value"": 24.0, ""shap_value"": -0.19, ""impact"": -0.19}, {""feature_key"": ""lag_3"", ""feature_name"": ""Short-term Congestion (3h ago)"", ""feature_value"": 83.4, ""shap_value"": -0.17, ""impact"": -0.17}, {""feature_key"": ""roll_mean_6h"", ""feature_name"": ""6-Hour Moving Congestion Trend"", ""feature_value"": 78.12, ""shap_value"": -0.16, ""impact"": -0.16}, {""feature_key"": ""tourist_weight"", ""feature_name"": ""Tourist Landmark Dominance"", ""feature_value"": 0.45, ""shap_value"": -0.1, ""impact"": -0.1}]",60.24
2831,MAA_KATHIPARA_JUNCTION,2026-09-25T19:00:00,2026-09-23T20:00:00,47,98.1,SEVERE,31.3,Monsoon Downpour,24,"[{""feature_key"": ""lag_168"", ""feature_name"": ""Same Time Last Week Congestion"", ""feature_value"": 98.5, ""shap_value"": 23.25, ""impact"": 23.25}, {""feature_key"": ""lag_1"", ""feature_name"": ""Recent Congestion (1h ago)"", ""feature_value"": 98.3, ""shap_value"": 2.68, ""impact"": 2.68}, {""feature_key"": ""lag_foot_24"", ""feature_name"": ""Yesterday's Foot-Traffic"", ""feature_value"": 10258.0, ""shap_value"": 2.48, ""impact"": 2.48}, {""feature_key"": ""weather_transit_surge"", ""feature_name"": ""Rainfall Transit Inflow Surge"", ""feature_value"": 1.44, ""shap_value"": 2.01, ""impact"": 2.01}, {""feature_key"": ""lag_24"", ""feature_name"": ""Yesterday's Same-Hour Congestion"", ""feature_value"": 97.7, ""shap_value"": 1.99, ""impact"": 1.99}]","[{""feature_key"": ""lag_3"", ""feature_name"": ""Short-term Congestion (3h ago)"", ""feature_value"": 93.4, ""shap_value"": -0.34, ""impact"": -0.34}, {""feature_key"": ""dow_sin"", ""feature_name"": ""Weekly Schedule Cycle"", ""feature_value"": -0.43, ""shap_value"": -0.27, ""impact"": -0.27}, {""feature_key"": ""roll_mean_6h"", ""feature_name"": ""6-Hour Moving Congestion Trend"", ""feature_value"": 84.55, ""shap_value"": -0.25, ""impact"": -0.25}, {""feature_key"": ""lag_trips_24"", ""feature_name"": ""Yesterday's Scheduled Transit Trips"", ""feature_value"": 24.0, ""shap_value"": -0.19, ""impact"": -0.19}, {""feature_key"": ""feels_like_c"", ""feature_name"": ""Apparent Feels-Like Temperature"", ""feature_value"": 30.9, ""shap_value"": -0.05, ""impact"": -0.05}]",60.24
2832,MAA_KATHIPARA_JUNCTION,2026-09-25T20:00:00,2026-09-23T20:00:00,48,96.9,SEVERE,30.0,Thunderstorm / Rain,24,"[{""feature_key"": ""lag_168"", ""feature_name"": ""Same Time Last Week Congestion"", ""feature_value"": 98.5, ""shap_value"": 22.88, ""impact"": 22.88}, {""feature_key"": ""lag_1"", ""feature_name"": ""Recent Congestion (1h ago)"", ""feature_value"": 98.1, ""shap_value"": 2.57, ""impact"": 2.57}, {""feature_key"": ""lag_foot_24"", ""feature_name"": ""Yesterday's Foot-Traffic"", ""feature_value"": 9933.0, ""shap_value"": 2.32, ""impact"": 2.32}, {""feature_key"": ""weather_transit_surge"", ""feature_name"": ""Rainfall Transit Inflow Surge"", ""feature_value"": 1.44, ""shap_value"": 2.08, ""impact"": 2.08}, {""feature_key"": ""lag_24"", ""feature_name"": ""Yesterday's Same-Hour Congestion"", ""feature_value"": 94.6, ""shap_value"": 1.48, ""impact"": 1.48}]","[{""feature_key"": ""lag_3"", ""feature_name"": ""Short-term Congestion (3h ago)"", ""feature_value"": 98.4, ""shap_value"": -0.42, ""impact"": -0.42}, {""feature_key"": ""dow_sin"", ""feature_name"": ""Weekly Schedule Cycle"", ""feature_value"": -0.43, ""shap_value"": -0.35, ""impact"": -0.35}, {""feature_key"": ""roll_mean_6h"", ""feature_name"": ""6-Hour Moving Congestion Trend"", ""feature_value"": 90.7, ""shap_value"": -0.29, ""impact"": -0.29}, {""feature_key"": ""lag_trips_24"", ""feature_name"": ""Yesterday's Scheduled Transit Trips"", ""feature_value"": 24.0, ""shap_value"": -0.23, ""impact"": -0.23}, {""feature_key"": ""tourist_weight"", ""feature_name"": ""Tourist Landmark Dominance"", ""feature_value"": 0.45, ""shap_value"": -0.18, ""impact"": -0.18}]",60.24
2833,MAA_SANTHOME_BASILICA,2026-09-23T21:00:00,2026-09-23T20:00:00,1,58.9,MODERATE,29.6,Sunny & Warm,6,"[{""feature_key"": ""lag_1"", ""feature_name"": ""Recent Congestion (1h ago)"", ""feature_value"": 77.8, ""shap_value"": 2.86, ""impact"": 2.86}, {""feature_key"": ""lag_trips_1"", ""feature_name"": ""Recent Transit Trips Count"", ""feature_value"": 16.0, ""shap_value"": 0.6, ""impact"": 0.6}, {""feature_key"": ""temp_c"", ""feature_name"": ""Ambient Temperature"", ""feature_value"": 29.6, ""shap_value"": 0.38, ""impact"": 0.38}, {""feature_key"": ""lag_trips_24"", ""feature_name"": ""Yesterday's Scheduled Transit Trips"", ""feature_value"": 6.0, ""shap_value"": 0.26, ""impact"": 0.26}, {""feature_key"": ""capacity_baseline"", ""feature_name"": ""Station Theoretical Capacity"", ""feature_value"": 6500.0, ""shap_value"": 0.2, ""impact"": 0.2}]","[{""feature_key"": ""hour_cos"", ""feature_name"": ""Time of Day (Diurnal Cycle)"", ""feature_value"": 0.71, ""shap_value"": -1.4, ""impact"": -1.4}, {""feature_key"": ""lag_168"", ""feature_name"": ""Same Time Last Week Congestion"", ""feature_value"": 59.0, ""shap_value"": -1.05, ""impact"": -1.05}, {""feature_key"": ""lag_foot_24"", ""feature_name"": ""Yesterday's Foot-Traffic"", ""feature_value"": 3397.0, ""shap_value"": -0.96, ""impact"": -0.96}, {""feature_key"": ""lag_3"", ""feature_name"": ""Short-term Congestion (3h ago)"", ""feature_value"": 91.6, ""shap_value"": -0.55, ""impact"": -0.55}, {""feature_key"": ""dow_sin"", ""feature_name"": ""Weekly Schedule Cycle"", ""feature_value"": 0.97, ""shap_value"": -0.53, ""impact"": -0.53}]",60.24
2834,MAA_SANTHOME_BASILICA,2026-09-23T22:00:00,2026-09-23T20:00:00,2,36.4,MODERATE,26.8,Sunny & Warm,6,"[{""feature_key"": ""capacity_baseline"", ""feature_name"": ""Station Theoretical Capacity"", ""feature_value"": 6500.0, ""shap_value"": 0.49, ""impact"": 0.49}, {""feature_key"": ""lag_trips_24"", ""feature_name"": ""Yesterday's Scheduled Transit Trips"", ""feature_value"": 6.0, ""shap_value"": 0.21, ""impact"": 0.21}, {""feature_key"": ""dow_cos"", ""feature_name"": ""Day of Week Alignment"", ""feature_value"": -0.22, ""shap_value"": 0.14, ""impact"": 0.14}, {""feature_key"": ""temp_c"", ""feature_name"": ""Ambient Temperature"", ""feature_value"": 26.8, ""shap_value"": 0.12, ""impact"": 0.12}, {""feature_key"": ""roll_mean_24h"", ""feature_name"": ""24-Hour Average Baseline"", ""feature_value"": 52.44, ""shap_value"": 0.08, ""impact"": 0.08}]","[{""feature_key"": ""lag_168"", ""feature_name"": ""Same Time Last Week Congestion"", ""feature_value"": 37.8, ""shap_value"": -13.79, ""impact"": -13.79}, {""feature_key"": ""lag_foot_24"", ""feature_name"": ""Yesterday's Foot-Traffic"", ""feature_value"": 1070.0, ""shap_value"": -2.97, ""impact"": -2.97}, {""feature_key"": ""hour_cos"", ""feature_name"": ""Time of Day (Diurnal Cycle)"", ""feature_value"": 0.87, ""shap_value"": -2.04, ""impact"": -2.04}, {""feature_key"": ""lag_24"", ""feature_name"": ""Yesterday's Same-Hour Congestion"", ""feature_value"": 37.8, ""shap_value"": -1.32, ""impact"": -1.32}, {""feature_key"": ""hour_sin"", ""feature_name"": ""Time of Day (Peak Window)"", ""feature_value"": -0.5, ""shap_value"": -0.83, ""impact"": -0.83}]",60.24
2835,MAA_SANTHOME_BASILICA,2026-09-23T23:00:00,2026-09-23T20:00:00,3,15.2,LOW,26.4,Sunny & Warm,6,"[{""feature_key"": ""lag_trips_24"", ""feature_name"": ""Yesterday's Scheduled Transit Trips"", ""feature_value"": 6.0, ""shap_value"": 0.21, ""impact"": 0.21}, {""feature_key"": ""dow_cos"", ""feature_name"": ""Day of Week Alignment"", ""feature_value"": -0.22, ""shap_value"": 0.09, ""impact"": 0.09}, {""feature_key"": ""roll_mean_24h"", ""feature_name"": ""24-Hour Average Baseline"", ""feature_value"": 52.38, ""shap_value"": 0.06, ""impact"": 0.06}, {""feature_key"": ""roll_mean_3h"", ""feature_name"": ""3-Hour Moving Congestion Trend"", ""feature_value"": 57.7, ""shap_value"": 0.01, ""impact"": 0.01}]","[{""feature_key"": ""lag_168"", ""feature_name"": ""Same Time Last Week Congestion"", ""feature_value"": 19.0, ""shap_value"": -29.54, ""impact"": -29.54}, {""feature_key"": ""lag_foot_24"", ""feature_name"": ""Yesterday's Foot-Traffic"", ""feature_value"": 414.0, ""shap_value"": -4.81, ""impact"": -4.81}, {""feature_key"": ""lag_1"", ""feature_name"": ""Recent Congestion (1h ago)"", ""feature_value"": 36.4, ""shap_value"": -2.49, ""impact"": -2.49}, {""feature_key"": ""lag_24"", ""feature_name"": ""Yesterday's Same-Hour Congestion"", ""feature_value"": 14.6, ""shap_value"": -2.17, ""impact"": -2.17}, {""feature_key"": ""hour_cos"", ""feature_name"": ""Time of Day (Diurnal Cycle)"", ""feature_value"": 0.97, ""shap_value"": -1.87, ""impact"": -1.87}]",60.24
2836,MAA_SANTHOME_BASILICA,2026-09-24T00:00:00,2026-09-23T20:00:00,4,12.4,LOW,25.6,Humid / Overcast,8,"[{""feature_key"": ""lag_trips_24"", ""feature_name"": ""Yesterday's Scheduled Transit Trips"", ""feature_value"": 6.0, ""shap_value"": 0.23, ""impact"": 0.23}, {""feature_key"": ""roll_mean_6h"", ""feature_name"": ""6-Hour Moving Congestion Trend"", ""feature_value"": 62.77, ""shap_value"": 0.09, ""impact"": 0.09}, {""feature_key"": ""roll_mean_24h"", ""feature_name"": ""24-Hour Average Baseline"", ""feature_value"": 52.41, ""shap_value"": 0.05, ""impact"": 0.05}, {""feature_key"": ""dow_cos"", ""feature_name"": ""Day of Week Alignment"", ""feature_value"": -0.9, ""shap_value"": 0.04, ""impact"": 0.04}, {""feature_key"": ""temp_c"", ""feature_name"": ""Ambient Temperature"", ""feature_value"": 25.6, ""shap_value"": 0.03, ""impact"": 0.03}]","[{""feature_key"": ""lag_168"", ""feature_name"": ""Same Time Last Week Congestion"", ""feature_value"": 18.4, ""shap_value"": -29.54, ""impact"": -29.54}, {""feature_key"": ""lag_foot_24"", ""feature_name"": ""Yesterday's Foot-Traffic"", ""feature_value"": 300.0, ""shap_value"": -5.99, ""impact"": -5.99}, {""feature_key"": ""lag_1"", ""feature_name"": ""Recent Congestion (1h ago)"", ""feature_value"": 15.2, ""shap_value"": -2.61, ""impact"": -2.61}, {""feature_key"": ""lag_24"", ""feature_name"": ""Yesterday's Same-Hour Congestion"", ""feature_value"": 10.6, ""shap_value"": -2.54, ""impact"": -2.54}, {""feature_key"": ""hour_cos"", ""feature_name"": ""Time of Day (Diurnal Cycle)"", ""feature_value"": 1.0, ""shap_value"": -1.99, ""impact"": -1.99}]",60.24
2837,MAA_SANTHOME_BASILICA,2026-09-24T01:00:00,2026-09-23T20:00:00,5,12.9,LOW,26.0,Humid / Overcast,8,"[{""feature_key"": ""lag_trips_24"", ""feature_name"": ""Yesterday's Scheduled Transit Trips"", ""feature_value"": 6.0, ""shap_value"": 0.25, ""impact"": 0.25}, {""feature_key"": ""lag_3"", ""feature_name"": ""Short-term Congestion (3h ago)"", ""feature_value"": 36.4, ""shap_value"": 0.24, ""impact"": 0.24}, {""feature_key"": ""roll_mean_6h"", ""feature_name"": ""6-Hour Moving Congestion Trend"", ""feature_value"": 49.57, ""shap_value"": 0.11, ""impact"": 0.11}, {""feature_key"": ""roll_mean_24h"", ""feature_name"": ""24-Hour Average Baseline"", ""feature_value"": 52.48, ""shap_value"": 0.05, ""impact"": 0.05}, {""feature_key"": ""temp_c"", ""feature_name"": ""Ambient Temperature"", ""feature_value"": 26.0, ""shap_value"": 0.04, ""impact"": 0.04}]","[{""feature_key"": ""lag_168"", ""feature_name"": ""Same Time Last Week Congestion"", ""feature_value"": 19.7, ""shap_value"": -29.39, ""impact"": -29.39}, {""feature_key"": ""lag_foot_24"", ""feature_name"": ""Yesterday's Foot-Traffic"", ""feature_value"": 297.0, ""shap_value"": -6.29, ""impact"": -6.29}, {""feature_key"": ""lag_1"", ""feature_name"": ""Recent Congestion (1h ago)"", ""feature_value"": 12.4, ""shap_value"": -2.63, ""impact"": -2.63}, {""feature_key"": ""lag_24"", ""feature_name"": ""Yesterday's Same-Hour Congestion"", ""feature_value"": 10.5, ""shap_value"": -2.54, ""impact"": -2.54}, {""feature_key"": ""hour_cos"", ""feature_name"": ""Time of Day (Diurnal Cycle)"", ""feature_value"": 0.97, ""shap_value"": -1.81, ""impact"": -1.81}]",60.24
2838,MAA_SANTHOME_BASILICA,2026-09-24T02:00:00,2026-09-23T20:00:00,6,13.4,LOW,24.6,Humid / Overcast,8,"[{""feature_key"": ""lag_3"", ""feature_name"": ""Short-term Congestion (3h ago)"", ""feature_value"": 15.2, ""shap_value"": 0.34, ""impact"": 0.34}, {""feature_key"": ""lag_trips_24"", ""feature_name"": ""Yesterday's Scheduled Transit Trips"", ""feature_value"": 6.0, ""shap_value"": 0.24, ""impact"": 0.24}, {""feature_key"": ""roll_mean_6h"", ""feature_name"": ""6-Hour Moving Congestion Trend"", ""feature_value"": 35.6, ""shap_value"": 0.13, ""impact"": 0.13}, {""feature_key"": ""roll_mean_24h"", ""feature_name"": ""24-Hour Average Baseline"", ""feature_value"": 52.58, ""shap_value"": 0.06, ""impact"": 0.06}, {""feature_key"": ""temp_c"", ""feature_name"": ""Ambient Temperature"", ""feature_value"": 24.6, ""shap_value"": 0.03, ""impact"": 0.03}]","[{""feature_key"": ""lag_168"", ""feature_name"": ""Same Time Last Week Congestion"", ""feature_value"": 19.7, ""shap_value"": -29.65, ""impact"": -29.65}, {""feature_key"": ""lag_foot_24"", ""feature_name"": ""Yesterday's Foot-Traffic"", ""feature_value"": 326.0, ""shap_value"": -6.2, ""impact"": -6.2}, {""feature_key"": ""lag_1"", ""feature_name"": ""Recent Congestion (1h ago)"", ""feature_value"": 12.9, ""shap_value"": -2.7, ""impact"": -2.7}, {""feature_key"": ""lag_24"", ""feature_name"": ""Yesterday's Same-Hour Congestion"", ""feature_value"": 11.5, ""shap_value"": -2.62, ""impact"": -2.62}, {""feature_key"": ""lag_foot_1"", ""feature_name"": ""Recent Foot-Traffic (1h ago)"", ""feature_value"": 838.0, ""shap_value"": -1.62, ""impact"": -1.62}]",60.24
2839,MAA_SANTHOME_BASILICA,2026-09-24T03:00:00,2026-09-23T20:00:00,7,20.1,LOW,24.9,Monsoon Downpour,8,"[{""feature_key"": ""precip_mm"", ""feature_name"": ""Rainfall Intensity"", ""feature_value"": 12.63, ""shap_value"": 2.38, ""impact"": 2.38}, {""feature_key"": ""weather_tourism_suppression"", ""feature_name"": ""Weather Tourist Dampening Index"", ""feature_value"": 1.66, ""shap_value"": 1.26, ""impact"": 1.26}, {""feature_key"": ""is_rain"", ""feature_name"": ""Rain Weather Friction"", ""feature_value"": 1.0, ""shap_value"": 0.39, ""impact"": 0.39}, {""feature_key"": ""lag_3"", ""feature_name"": ""Short-term Congestion (3h ago)"", ""feature_value"": 12.4, ""shap_value"": 0.37, ""impact"": 0.37}, {""feature_key"": ""roll_mean_6h"", ""feature_name"": ""6-Hour Moving Congestion Trend"", ""feature_value"": 24.87, ""shap_value"": 0.23, ""impact"": 0.23}]","[{""feature_key"": ""lag_168"", ""feature_name"": ""Same Time Last Week Congestion"", ""feature_value"": 11.2, ""shap_value"": -29.32, ""impact"": -29.32}, {""feature_key"": ""lag_foot_24"", ""feature_name"": ""Yesterday's Foot-Traffic"", ""feature_value"": 350.0, ""shap_value"": -5.41, ""impact"": -5.41}, {""feature_key"": ""lag_1"", ""feature_name"": ""Recent Congestion (1h ago)"", ""feature_value"": 13.4, ""shap_value"": -2.55, ""impact"": -2.55}, {""feature_key"": ""lag_24"", ""feature_name"": ""Yesterday's Same-Hour Congestion"", ""feature_value"": 12.4, ""shap_value"": -2.11, ""impact"": -2.11}, {""feature_key"": ""lag_foot_1"", ""feature_name"": ""Recent Foot-Traffic (1h ago)"", ""feature_value"": 871.0, ""shap_value"": -1.65, ""impact"": -1.65}]",60.24
2840,MAA_SANTHOME_BASILICA,2026-09-24T04:00:00,2026-09-23T20:00:00,8,20.8,LOW,27.2,Monsoon Downpour,8,"[{""feature_key"": ""precip_mm"", ""feature_name"": ""Rainfall Intensity"", ""feature_value"": 13.93, ""shap_value"": 2.25, ""impact"": 2.25}, {""feature_key"": ""weather_tourism_suppression"", ""feature_name"": ""Weather Tourist Dampening Index"", ""feature_value"": 1.66, ""shap_value"": 1.24, ""impact"": 1.24}, {""feature_key"": ""is_rain"", ""feature_name"": ""Rain Weather Friction"", ""feature_value"": 1.0, ""shap_value"": 0.39, ""impact"": 0.39}, {""feature_key"": ""lag_3"", ""feature_name"": ""Short-term Congestion (3h ago)"", ""feature_value"": 12.9, ""shap_value"": 0.37, ""impact"": 0.37}, {""feature_key"": ""roll_mean_6h"", ""feature_name"": ""6-Hour Moving Congestion Trend"", ""feature_value"": 18.4, ""shap_value"": 0.28, ""impact"": 0.28}]","[{""feature_key"": ""lag_168"", ""feature_name"": ""Same Time Last Week Congestion"", ""feature_value"": 12.6, ""shap_value"": -29.59, ""impact"": -29.59}, {""feature_key"": ""lag_foot_24"", ""feature_name"": ""Yesterday's Foot-Traffic"", ""feature_value"": 386.0, ""shap_value"": -5.12, ""impact"": -5.12}, {""feature_key"": ""lag_1"", ""feature_name"": ""Recent Congestion (1h ago)"", ""feature_value"": 20.1, ""shap_value"": -2.58, ""impact"": -2.58}, {""feature_key"": ""lag_24"", ""feature_name"": ""Yesterday's Same-Hour Congestion"", ""feature_value"": 13.6, ""shap_value"": -2.03, ""impact"": -2.03}, {""feature_key"": ""lag_foot_1"", ""feature_name"": ""Recent Foot-Traffic (1h ago)"", ""feature_value"": 1306.0, ""shap_value"": -1.69, ""impact"": -1.69}]",60.24
2841,MAA_SANTHOME_BASILICA,2026-09-24T05:00:00,2026-09-23T20:00:00,9,33.5,LOW,25.6,Monsoon Downpour,6,"[{""feature_key"": ""precip_mm"", ""feature_name"": ""Rainfall Intensity"", ""feature_value"": 9.92, ""shap_value"": 2.1, ""impact"": 2.1}, {""feature_key"": ""weather_tourism_suppression"", ""feature_name"": ""Weather Tourist Dampening Index"", ""feature_value"": 1.66, ""shap_value"": 1.12, ""impact"": 1.12}, {""feature_key"": ""hour_sin"", ""feature_name"": ""Time of Day (Peak Window)"", ""feature_value"": 0.97, ""shap_value"": 0.43, ""impact"": 0.43}, {""feature_key"": ""is_rain"", ""feature_name"": ""Rain Weather Friction"", ""feature_value"": 1.0, ""shap_value"": 0.41, ""impact"": 0.41}, {""feature_key"": ""roll_mean_6h"", ""feature_name"": ""6-Hour Moving Congestion Trend"", ""feature_value"": 15.8, ""shap_value"": 0.36, ""impact"": 0.36}]","[{""feature_key"": ""lag_168"", ""feature_name"": ""Same Time Last Week Congestion"", ""feature_value"": 26.3, ""shap_value"": -21.16, ""impact"": -21.16}, {""feature_key"": ""lag_1"", ""feature_name"": ""Recent Congestion (1h ago)"", ""feature_value"": 20.8, ""shap_value"": -2.83, ""impact"": -2.83}, {""feature_key"": ""lag_foot_24"", ""feature_name"": ""Yesterday's Foot-Traffic"", ""feature_value"": 719.0, ""shap_value"": -2.56, ""impact"": -2.56}, {""feature_key"": ""lag_24"", ""feature_name"": ""Yesterday's Same-Hour Congestion"", ""feature_value"": 25.4, ""shap_value"": -1.83, ""impact"": -1.83}, {""feature_key"": ""lag_foot_1"", ""feature_name"": ""Recent Foot-Traffic (1h ago)"", ""feature_value"": 1352.0, ""shap_value"": -1.41, ""impact"": -1.41}]",60.24
2842,MAA_SANTHOME_BASILICA,2026-09-24T06:00:00,2026-09-23T20:00:00,10,55.0,MODERATE,28.9,Monsoon Downpour,6,"[{""feature_key"": ""precip_mm"", ""feature_name"": ""Rainfall Intensity"", ""feature_value"": 13.58, ""shap_value"": 3.14, ""impact"": 3.14}, {""feature_key"": ""hour_cos"", ""feature_name"": ""Time of Day (Diurnal Cycle)"", ""feature_value"": 0.0, ""shap_value"": 1.29, ""impact"": 1.29}, {""feature_key"": ""hour_sin"", ""feature_name"": ""Time of Day (Peak Window)"", ""feature_value"": 1.0, ""shap_value"": 0.66, ""impact"": 0.66}, {""feature_key"": ""temp_c"", ""feature_name"": ""Ambient Temperature"", ""feature_value"": 28.9, ""shap_value"": 0.6, ""impact"": 0.6}, {""feature_key"": ""weather_tourism_suppression"", ""feature_name"": ""Weather Tourist Dampening Index"", ""feature_value"": 1.66, ""shap_value"": 0.45, ""impact"": 0.45}]","[{""feature_key"": ""lag_168"", ""feature_name"": ""Same Time Last Week Congestion"", ""feature_value"": 46.4, ""shap_value"": -5.98, ""impact"": -5.98}, {""feature_key"": ""lag_1"", ""feature_name"": ""Recent Congestion (1h ago)"", ""feature_value"": 33.5, ""shap_value"": -2.55, ""impact"": -2.55}, {""feature_key"": ""lag_foot_1"", ""feature_name"": ""Recent Foot-Traffic (1h ago)"", ""feature_value"": 2177.0, ""shap_value"": -1.32, ""impact"": -1.32}, {""feature_key"": ""lag_24"", ""feature_name"": ""Yesterday's Same-Hour Congestion"", ""feature_value"": 43.7, ""shap_value"": -1.24, ""impact"": -1.24}, {""feature_key"": ""scheduled_trips"", ""feature_name"": ""Transit Dispatch Frequency"", ""feature_value"": 6.0, ""shap_value"": -0.43, ""impact"": -0.43}]",60.24
2843,MAA_SANTHOME_BASILICA,2026-09-24T07:00:00,2026-09-23T20:00:00,11,75.1,HIGH,29.8,Monsoon Downpour,6,"[{""feature_key"": ""lag_168"", ""feature_name"": ""Same Time Last Week Congestion"", ""feature_value"": 84.0, ""shap_value"": 14.82, ""impact"": 14.82}, {""feature_key"": ""lag_foot_24"", ""feature_name"": ""Yesterday's Foot-Traffic"", ""feature_value"": 5418.0, ""shap_value"": 2.08, ""impact"": 2.08}, {""feature_key"": ""hour_cos"", ""feature_name"": ""Time of Day (Diurnal Cycle)"", ""feature_value"": -0.26, ""shap_value"": 1.83, ""impact"": 1.83}, {""feature_key"": ""hour_sin"", ""feature_name"": ""Time of Day (Peak Window)"", ""feature_value"": 0.97, ""shap_value"": 1.15, ""impact"": 1.15}, {""feature_key"": ""lag_24"", ""feature_name"": ""Yesterday's Same-Hour Congestion"", ""feature_value"": 81.2, ""shap_value"": 0.87, ""impact"": 0.87}]","[{""feature_key"": ""lag_1"", ""feature_name"": ""Recent Congestion (1h ago)"", ""feature_value"": 55.0, ""shap_value"": -2.83, ""impact"": -2.83}, {""feature_key"": ""lag_foot_1"", ""feature_name"": ""Recent Foot-Traffic (1h ago)"", ""feature_value"": 3575.0, ""shap_value"": -1.0, ""impact"": -1.0}, {""feature_key"": ""precip_mm"", ""feature_name"": ""Rainfall Intensity"", ""feature_value"": 10.08, ""shap_value"": -0.95, ""impact"": -0.95}, {""feature_key"": ""transit_pressure_ratio"", ""feature_name"": ""Transit Demand-to-Supply Ratio"", ""feature_value"": 9.02, ""shap_value"": -0.84, ""impact"": -0.84}, {""feature_key"": ""weather_transit_surge"", ""feature_name"": ""Rainfall Transit Inflow Surge"", ""feature_value"": 0.56, ""shap_value"": -0.83, ""impact"": -0.83}]",60.24
2844,MAA_SANTHOME_BASILICA,2026-09-24T08:00:00,2026-09-23T20:00:00,12,97.0,SEVERE,31.0,Sunny & Warm,16,"[{""feature_key"": ""lag_168"", ""feature_name"": ""Same Time Last Week Congestion"", ""feature_value"": 98.5, ""shap_value"": 26.81, ""impact"": 26.81}, {""feature_key"": ""lag_foot_24"", ""feature_name"": ""Yesterday's Foot-Traffic"", ""feature_value"": 8350.0, ""shap_value"": 2.67, ""impact"": 2.67}, {""feature_key"": ""lag_24"", ""feature_name"": ""Yesterday's Same-Hour Congestion"", ""feature_value"": 98.5, ""shap_value"": 2.49, ""impact"": 2.49}, {""feature_key"": ""capacity_baseline"", ""feature_name"": ""Station Theoretical Capacity"", ""feature_value"": 6500.0, ""shap_value"": 1.56, ""impact"": 1.56}, {""feature_key"": ""hour_cos"", ""feature_name"": ""Time of Day (Diurnal Cycle)"", ""feature_value"": -0.5, ""shap_value"": 1.41, ""impact"": 1.41}]","[{""feature_key"": ""hour_sin"", ""feature_name"": ""Time of Day (Peak Window)"", ""feature_value"": 0.87, ""shap_value"": -0.62, ""impact"": -0.62}, {""feature_key"": ""weather_transit_surge"", ""feature_name"": ""Rainfall Transit Inflow Surge"", ""feature_value"": 0.0, ""shap_value"": -0.34, ""impact"": -0.34}, {""feature_key"": ""lag_trips_24"", ""feature_name"": ""Yesterday's Scheduled Transit Trips"", ""feature_value"": 16.0, ""shap_value"": -0.31, ""impact"": -0.31}, {""feature_key"": ""dow_sin"", ""feature_name"": ""Weekly Schedule Cycle"", ""feature_value"": 0.43, ""shap_value"": -0.26, ""impact"": -0.26}, {""feature_key"": ""lag_trips_1"", ""feature_name"": ""Recent Transit Trips Count"", ""feature_value"": 6.0, ""shap_value"": -0.08, ""impact"": -0.08}]",60.24
2845,MAA_SANTHOME_BASILICA,2026-09-24T09:00:00,2026-09-23T20:00:00,13,98.3,SEVERE,31.6,Sunny & Warm,16,"[{""feature_key"": ""lag_168"", ""feature_name"": ""Same Time Last Week Congestion"", ""feature_value"": 98.5, ""shap_value"": 27.27, ""impact"": 27.27}, {""feature_key"": ""lag_1"", ""feature_name"": ""Recent Congestion (1h ago)"", ""feature_value"": 97.0, ""shap_value"": 2.73, ""impact"": 2.73}, {""feature_key"": ""lag_foot_24"", ""feature_name"": ""Yesterday's Foot-Traffic"", ""feature_value"": 8261.0, ""shap_value"": 2.5, ""impact"": 2.5}, {""feature_key"": ""lag_24"", ""feature_name"": ""Yesterday's Same-Hour Congestion"", ""feature_value"": 98.5, ""shap_value"": 2.39, ""impact"": 2.39}, {""feature_key"": ""hour_cos"", ""feature_name"": ""Time of Day (Diurnal Cycle)"", ""feature_value"": -0.71, ""shap_value"": 1.14, ""impact"": 1.14}]","[{""feature_key"": ""weather_transit_surge"", ""feature_name"": ""Rainfall Transit Inflow Surge"", ""feature_value"": 0.0, ""shap_value"": -0.35, ""impact"": -0.35}, {""feature_key"": ""lag_trips_24"", ""feature_name"": ""Yesterday's Scheduled Transit Trips"", ""feature_value"": 16.0, ""shap_value"": -0.29, ""impact"": -0.29}, {""feature_key"": ""dow_sin"", ""feature_name"": ""Weekly Schedule Cycle"", ""feature_value"": 0.43, ""shap_value"": -0.27, ""impact"": -0.27}, {""feature_key"": ""hour_sin"", ""feature_name"": ""Time of Day (Peak Window)"", ""feature_value"": 0.71, ""shap_value"": -0.21, ""impact"": -0.21}, {""feature_key"": ""transit_weight"", ""feature_name"": ""Transit Commuter Dominance"", ""feature_value"": 0.35, ""shap_value"": -0.14, ""impact"": -0.14}]",60.24
2846,MAA_SANTHOME_BASILICA,2026-09-24T10:00:00,2026-09-23T20:00:00,14,86.8,SEVERE,34.0,Sunny & Warm,16,"[{""feature_key"": ""lag_168"", ""feature_name"": ""Same Time Last Week Congestion"", ""feature_value"": 92.2, ""shap_value"": 21.61, ""impact"": 21.61}, {""feature_key"": ""lag_1"", ""feature_name"": ""Recent Congestion (1h ago)"", ""feature_value"": 98.3, ""shap_value"": 3.25, ""impact"": 3.25}, {""feature_key"": ""lag_foot_24"", ""feature_name"": ""Yesterday's Foot-Traffic"", ""feature_value"": 6516.0, ""shap_value"": 2.22, ""impact"": 2.22}, {""feature_key"": ""capacity_baseline"", ""feature_name"": ""Station Theoretical Capacity"", ""feature_value"": 6500.0, ""shap_value"": 0.61, ""impact"": 0.61}, {""feature_key"": ""scheduled_trips"", ""feature_name"": ""Transit Dispatch Frequency"", ""feature_value"": 16.0, ""shap_value"": 0.44, ""impact"": 0.44}]","[{""feature_key"": ""hour_sin"", ""feature_name"": ""Time of Day (Peak Window)"", ""feature_value"": 0.5, ""shap_value"": -1.07, ""impact"": -1.07}, {""feature_key"": ""hour_cos"", ""feature_name"": ""Time of Day (Diurnal Cycle)"", ""feature_value"": -0.87, ""shap_value"": -0.69, ""impact"": -0.69}, {""feature_key"": ""weather_transit_surge"", ""feature_name"": ""Rainfall Transit Inflow Surge"", ""feature_value"": 0.0, ""shap_value"": -0.57, ""impact"": -0.57}, {""feature_key"": ""dow_sin"", ""feature_name"": ""Weekly Schedule Cycle"", ""feature_value"": 0.43, ""shap_value"": -0.51, ""impact"": -0.51}, {""feature_key"": ""transit_weight"", ""feature_name"": ""Transit Commuter Dominance"", ""feature_value"": 0.35, ""shap_value"": -0.3, ""impact"": -0.3}]",60.24
2847,MAA_SANTHOME_BASILICA,2026-09-24T11:00:00,2026-09-23T20:00:00,15,63.6,HIGH,33.3,Sunny & Warm,10,"[{""feature_key"": ""lag_168"", ""feature_name"": ""Same Time Last Week Congestion"", ""feature_value"": 66.5, ""shap_value"": 5.86, ""impact"": 5.86}, {""feature_key"": ""lag_1"", ""feature_name"": ""Recent Congestion (1h ago)"", ""feature_value"": 86.8, ""shap_value"": 3.15, ""impact"": 3.15}, {""feature_key"": ""capacity_baseline"", ""feature_name"": ""Station Theoretical Capacity"", ""feature_value"": 6500.0, ""shap_value"": 0.48, ""impact"": 0.48}, {""feature_key"": ""lag_foot_1"", ""feature_name"": ""Recent Foot-Traffic (1h ago)"", ""feature_value"": 5642.0, ""shap_value"": 0.23, ""impact"": 0.23}, {""feature_key"": ""temp_c"", ""feature_name"": ""Ambient Temperature"", ""feature_value"": 33.3, ""shap_value"": 0.22, ""impact"": 0.22}]","[{""feature_key"": ""hour_cos"", ""feature_name"": ""Time of Day (Diurnal Cycle)"", ""feature_value"": -0.97, ""shap_value"": -1.42, ""impact"": -1.42}, {""feature_key"": ""hour_sin"", ""feature_name"": ""Time of Day (Peak Window)"", ""feature_value"": 0.26, ""shap_value"": -1.18, ""impact"": -1.18}, {""feature_key"": ""lag_3"", ""feature_name"": ""Short-term Congestion (3h ago)"", ""feature_value"": 97.0, ""shap_value"": -0.91, ""impact"": -0.91}, {""feature_key"": ""weather_transit_surge"", ""feature_name"": ""Rainfall Transit Inflow Surge"", ""feature_value"": 0.0, ""shap_value"": -0.8, ""impact"": -0.8}, {""feature_key"": ""lag_foot_24"", ""feature_name"": ""Yesterday's Foot-Traffic"", ""feature_value"": 3450.0, ""shap_value"": -0.67, ""impact"": -0.67}]",60.24
2848,MAA_SANTHOME_BASILICA,2026-09-24T12:00:00,2026-09-23T20:00:00,16,46.6,MODERATE,35.5,Hot Summer Spell,10,"[{""feature_key"": ""temp_c"", ""feature_name"": ""Ambient Temperature"", ""feature_value"": 35.5, ""shap_value"": 0.53, ""impact"": 0.53}, {""feature_key"": ""capacity_baseline"", ""feature_name"": ""Station Theoretical Capacity"", ""feature_value"": 6500.0, ""shap_value"": 0.49, ""impact"": 0.49}, {""feature_key"": ""feels_like_c"", ""feature_name"": ""Apparent Feels-Like Temperature"", ""feature_value"": 34.8, ""shap_value"": 0.14, ""impact"": 0.14}, {""feature_key"": ""humidity_pct"", ""feature_name"": ""Marine Layer / Humidity"", ""feature_value"": 66.0, ""shap_value"": 0.13, ""impact"": 0.13}, {""feature_key"": ""dow_cos"", ""feature_name"": ""Day of Week Alignment"", ""feature_value"": -0.9, ""shap_value"": 0.12, ""impact"": 0.12}]","[{""feature_key"": ""lag_168"", ""feature_name"": ""Same Time Last Week Congestion"", ""feature_value"": 48.4, ""shap_value"": -7.18, ""impact"": -7.18}, {""feature_key"": ""lag_24"", ""feature_name"": ""Yesterday's Same-Hour Congestion"", ""feature_value"": 45.7, ""shap_value"": -1.51, ""impact"": -1.51}, {""feature_key"": ""lag_foot_24"", ""feature_name"": ""Yesterday's Foot-Traffic"", ""feature_value"": 2040.0, ""shap_value"": -1.27, ""impact"": -1.27}, {""feature_key"": ""hour_sin"", ""feature_name"": ""Time of Day (Peak Window)"", ""feature_value"": 0.0, ""shap_value"": -1.12, ""impact"": -1.12}, {""feature_key"": ""hour_cos"", ""feature_name"": ""Time of Day (Diurnal Cycle)"", ""feature_value"": -1.0, ""shap_value"": -0.56, ""impact"": -0.56}]",60.24
2849,MAA_SANTHOME_BASILICA,2026-09-24T13:00:00,2026-09-23T20:00:00,17,40.5,MODERATE,34.2,Sunny & Warm,10,"[{""feature_key"": ""capacity_baseline"", ""feature_name"": ""Station Theoretical Capacity"", ""feature_value"": 6500.0, ""shap_value"": 0.55, ""impact"": 0.55}, {""feature_key"": ""temp_c"", ""feature_name"": ""Ambient Temperature"", ""feature_value"": 34.2, ""shap_value"": 0.38, ""impact"": 0.38}, {""feature_key"": ""humidity_pct"", ""feature_name"": ""Marine Layer / Humidity"", ""feature_value"": 61.0, ""shap_value"": 0.19, ""impact"": 0.19}, {""feature_key"": ""feels_like_c"", ""feature_name"": ""Apparent Feels-Like Temperature"", ""feature_value"": 33.0, ""shap_value"": 0.1, ""impact"": 0.1}, {""feature_key"": ""dow_cos"", ""feature_name"": ""Day of Week Alignment"", ""feature_value"": -0.9, ""shap_value"": 0.06, ""impact"": 0.06}]","[{""feature_key"": ""lag_168"", ""feature_name"": ""Same Time Last Week Congestion"", ""feature_value"": 38.5, ""shap_value"": -12.32, ""impact"": -12.32}, {""feature_key"": ""lag_1"", ""feature_name"": ""Recent Congestion (1h ago)"", ""feature_value"": 46.6, ""shap_value"": -1.54, ""impact"": -1.54}, {""feature_key"": ""hour_sin"", ""feature_name"": ""Time of Day (Peak Window)"", ""feature_value"": -0.26, ""shap_value"": -1.13, ""impact"": -1.13}, {""feature_key"": ""lag_foot_24"", ""feature_name"": ""Yesterday's Foot-Traffic"", ""feature_value"": 1710.0, ""shap_value"": -1.11, ""impact"": -1.11}, {""feature_key"": ""lag_24"", ""feature_name"": ""Yesterday's Same-Hour Congestion"", ""feature_value"": 41.7, ""shap_value"": -1.07, ""impact"": -1.07}]",60.24
2850,MAA_SANTHOME_BASILICA,2026-09-24T14:00:00,2026-09-23T20:00:00,18,41.6,MODERATE,35.2,Coastal Sea Breeze,10,"[{""feature_key"": ""temp_c"", ""feature_name"": ""Ambient Temperature"", ""feature_value"": 35.2, ""shap_value"": 0.73, ""impact"": 0.73}, {""feature_key"": ""capacity_baseline"", ""feature_name"": ""Station Theoretical Capacity"", ""feature_value"": 6500.0, ""shap_value"": 0.53, ""impact"": 0.53}, {""feature_key"": ""hour_cos"", ""feature_name"": ""Time of Day (Diurnal Cycle)"", ""feature_value"": -0.87, ""shap_value"": 0.47, ""impact"": 0.47}, {""feature_key"": ""humidity_pct"", ""feature_name"": ""Marine Layer / Humidity"", ""feature_value"": 63.0, ""shap_value"": 0.26, ""impact"": 0.26}, {""feature_key"": ""wind_speed_kmh"", ""feature_name"": ""Coastal Wind Speed"", ""feature_value"": 20.6, ""shap_value"": 0.2, ""impact"": 0.2}]","[{""feature_key"": ""lag_168"", ""feature_name"": ""Same Time Last Week Congestion"", ""feature_value"": 41.4, ""shap_value"": -10.59, ""impact"": -10.59}, {""feature_key"": ""lag_foot_24"", ""feature_name"": ""Yesterday's Foot-Traffic"", ""feature_value"": 1549.0, ""shap_value"": -3.22, ""impact"": -3.22}, {""feature_key"": ""lag_1"", ""feature_name"": ""Recent Congestion (1h ago)"", ""feature_value"": 40.5, ""shap_value"": -2.39, ""impact"": -2.39}, {""feature_key"": ""lag_24"", ""feature_name"": ""Yesterday's Same-Hour Congestion"", ""feature_value"": 48.4, ""shap_value"": -1.34, ""impact"": -1.34}, {""feature_key"": ""lag_foot_1"", ""feature_name"": ""Recent Foot-Traffic (1h ago)"", ""feature_value"": 2632.0, ""shap_value"": -0.84, ""impact"": -0.84}]",60.24
2851,MAA_SANTHOME_BASILICA,2026-09-24T15:00:00,2026-09-23T20:00:00,19,49.6,MODERATE,33.7,Coastal Sea Breeze,10,"[{""feature_key"": ""hour_cos"", ""feature_name"": ""Time of Day (Diurnal Cycle)"", ""feature_value"": -0.71, ""shap_value"": 1.83, ""impact"": 1.83}, {""feature_key"": ""hour_sin"", ""feature_name"": ""Time of Day (Peak Window)"", ""feature_value"": -0.71, ""shap_value"": 1.18, ""impact"": 1.18}, {""feature_key"": ""temp_c"", ""feature_name"": ""Ambient Temperature"", ""feature_value"": 33.7, ""shap_value"": 0.83, ""impact"": 0.83}, {""feature_key"": ""capacity_baseline"", ""feature_name"": ""Station Theoretical Capacity"", ""feature_value"": 6500.0, ""shap_value"": 0.34, ""impact"": 0.34}, {""feature_key"": ""lag_3"", ""feature_name"": ""Short-term Congestion (3h ago)"", ""feature_value"": 46.6, ""shap_value"": 0.22, ""impact"": 0.22}]","[{""feature_key"": ""lag_168"", ""feature_name"": ""Same Time Last Week Congestion"", ""feature_value"": 47.6, ""shap_value"": -8.34, ""impact"": -8.34}, {""feature_key"": ""lag_1"", ""feature_name"": ""Recent Congestion (1h ago)"", ""feature_value"": 41.6, ""shap_value"": -2.34, ""impact"": -2.34}, {""feature_key"": ""lag_foot_24"", ""feature_name"": ""Yesterday's Foot-Traffic"", ""feature_value"": 1890.0, ""shap_value"": -1.25, ""impact"": -1.25}, {""feature_key"": ""lag_24"", ""feature_name"": ""Yesterday's Same-Hour Congestion"", ""feature_value"": 52.6, ""shap_value"": -0.76, ""impact"": -0.76}, {""feature_key"": ""lag_foot_1"", ""feature_name"": ""Recent Foot-Traffic (1h ago)"", ""feature_value"": 2704.0, ""shap_value"": -0.68, ""impact"": -0.68}]",60.24
2852,MAA_SANTHOME_BASILICA,2026-09-24T16:00:00,2026-09-23T20:00:00,20,59.1,MODERATE,33.9,Coastal Sea Breeze,10,"[{""feature_key"": ""hour_sin"", ""feature_name"": ""Time of Day (Peak Window)"", ""feature_value"": -0.87, ""shap_value"": 2.77, ""impact"": 2.77}, {""feature_key"": ""hour_cos"", ""feature_name"": ""Time of Day (Diurnal Cycle)"", ""feature_value"": -0.5, ""shap_value"": 2.0, ""impact"": 2.0}, {""feature_key"": ""lag_3"", ""feature_name"": ""Short-term Congestion (3h ago)"", ""feature_value"": 40.5, ""shap_value"": 0.38, ""impact"": 0.38}, {""feature_key"": ""capacity_baseline"", ""feature_name"": ""Station Theoretical Capacity"", ""feature_value"": 6500.0, ""shap_value"": 0.36, ""impact"": 0.36}, {""feature_key"": ""temp_c"", ""feature_name"": ""Ambient Temperature"", ""feature_value"": 33.9, ""shap_value"": 0.26, ""impact"": 0.26}]","[{""feature_key"": ""lag_foot_24"", ""feature_name"": ""Yesterday's Foot-Traffic"", ""feature_value"": 2800.0, ""shap_value"": -1.56, ""impact"": -1.56}, {""feature_key"": ""lag_1"", ""feature_name"": ""Recent Congestion (1h ago)"", ""feature_value"": 49.6, ""shap_value"": -1.29, ""impact"": -1.29}, {""feature_key"": ""lag_168"", ""feature_name"": ""Same Time Last Week Congestion"", ""feature_value"": 57.8, ""shap_value"": -1.27, ""impact"": -1.27}, {""feature_key"": ""lag_foot_1"", ""feature_name"": ""Recent Foot-Traffic (1h ago)"", ""feature_value"": 3224.0, ""shap_value"": -1.17, ""impact"": -1.17}, {""feature_key"": ""roll_mean_3h"", ""feature_name"": ""3-Hour Moving Congestion Trend"", ""feature_value"": 43.9, ""shap_value"": -0.48, ""impact"": -0.48}]",60.24
2853,MAA_SANTHOME_BASILICA,2026-09-24T17:00:00,2026-09-23T20:00:00,21,90.1,SEVERE,33.4,Coastal Sea Breeze,16,"[{""feature_key"": ""lag_168"", ""feature_name"": ""Same Time Last Week Congestion"", ""feature_value"": 91.9, ""shap_value"": 21.74, ""impact"": 21.74}, {""feature_key"": ""hour_sin"", ""feature_name"": ""Time of Day (Peak Window)"", ""feature_value"": -0.97, ""shap_value"": 3.47, ""impact"": 3.47}, {""feature_key"": ""lag_foot_24"", ""feature_name"": ""Yesterday's Foot-Traffic"", ""feature_value"": 6530.0, ""shap_value"": 2.6, ""impact"": 2.6}, {""feature_key"": ""hour_cos"", ""feature_name"": ""Time of Day (Diurnal Cycle)"", ""feature_value"": -0.26, ""shap_value"": 1.79, ""impact"": 1.79}, {""feature_key"": ""lag_24"", ""feature_name"": ""Yesterday's Same-Hour Congestion"", ""feature_value"": 82.5, ""shap_value"": 0.66, ""impact"": 0.66}]","[{""feature_key"": ""lag_1"", ""feature_name"": ""Recent Congestion (1h ago)"", ""feature_value"": 59.1, ""shap_value"": -1.33, ""impact"": -1.33}, {""feature_key"": ""lag_foot_1"", ""feature_name"": ""Recent Foot-Traffic (1h ago)"", ""feature_value"": 3841.0, ""shap_value"": -0.52, ""impact"": -0.52}, {""feature_key"": ""lag_trips_24"", ""feature_name"": ""Yesterday's Scheduled Transit Trips"", ""feature_value"": 16.0, ""shap_value"": -0.35, ""impact"": -0.35}, {""feature_key"": ""weather_transit_surge"", ""feature_name"": ""Rainfall Transit Inflow Surge"", ""feature_value"": 0.0, ""shap_value"": -0.35, ""impact"": -0.35}, {""feature_key"": ""dow_sin"", ""feature_name"": ""Weekly Schedule Cycle"", ""feature_value"": 0.43, ""shap_value"": -0.31, ""impact"": -0.31}]",60.24
2854,MAA_SANTHOME_BASILICA,2026-09-24T18:00:00,2026-09-23T20:00:00,22,98.0,SEVERE,33.0,Sunny & Warm,16,"[{""feature_key"": ""lag_168"", ""feature_name"": ""Same Time Last Week Congestion"", ""feature_value"": 98.5, ""shap_value"": 26.12, ""impact"": 26.12}, {""feature_key"": ""lag_foot_24"", ""feature_name"": ""Yesterday's Foot-Traffic"", ""feature_value"": 6219.0, ""shap_value"": 2.64, ""impact"": 2.64}, {""feature_key"": ""hour_sin"", ""feature_name"": ""Time of Day (Peak Window)"", ""feature_value"": -1.0, ""shap_value"": 2.18, ""impact"": 2.18}, {""feature_key"": ""lag_1"", ""feature_name"": ""Recent Congestion (1h ago)"", ""feature_value"": 90.1, ""shap_value"": 2.02, ""impact"": 2.02}, {""feature_key"": ""lag_24"", ""feature_name"": ""Yesterday's Same-Hour Congestion"", ""feature_value"": 91.6, ""shap_value"": 1.66, ""impact"": 1.66}]","[{""feature_key"": ""dow_sin"", ""feature_name"": ""Weekly Schedule Cycle"", ""feature_value"": 0.43, ""shap_value"": -0.27, ""impact"": -0.27}, {""feature_key"": ""lag_trips_24"", ""feature_name"": ""Yesterday's Scheduled Transit Trips"", ""feature_value"": 16.0, ""shap_value"": -0.25, ""impact"": -0.25}, {""feature_key"": ""weather_transit_surge"", ""feature_name"": ""Rainfall Transit Inflow Surge"", ""feature_value"": 0.0, ""shap_value"": -0.24, ""impact"": -0.24}, {""feature_key"": ""transit_weight"", ""feature_name"": ""Transit Commuter Dominance"", ""feature_value"": 0.35, ""shap_value"": -0.09, ""impact"": -0.09}, {""feature_key"": ""is_weekend"", ""feature_name"": ""Weekend Tourist Surge"", ""feature_value"": 0.0, ""shap_value"": -0.04, ""impact"": -0.04}]",60.24
2855,MAA_SANTHOME_BASILICA,2026-09-24T19:00:00,2026-09-23T20:00:00,23,98.3,SEVERE,31.6,Sunny & Warm,16,"[{""feature_key"": ""lag_168"", ""feature_name"": ""Same Time Last Week Congestion"", ""feature_value"": 98.5, ""shap_value"": 26.49, ""impact"": 26.49}, {""feature_key"": ""lag_foot_24"", ""feature_name"": ""Yesterday's Foot-Traffic"", ""feature_value"": 6160.0, ""shap_value"": 2.6, ""impact"": 2.6}, {""feature_key"": ""lag_1"", ""feature_name"": ""Recent Congestion (1h ago)"", ""feature_value"": 98.0, ""shap_value"": 2.38, ""impact"": 2.38}, {""feature_key"": ""lag_24"", ""feature_name"": ""Yesterday's Same-Hour Congestion"", ""feature_value"": 96.7, ""shap_value"": 2.37, ""impact"": 2.37}, {""feature_key"": ""hour_sin"", ""feature_name"": ""Time of Day (Peak Window)"", ""feature_value"": -0.97, ""shap_value"": 1.93, ""impact"": 1.93}]","[{""feature_key"": ""dow_sin"", ""feature_name"": ""Weekly Schedule Cycle"", ""feature_value"": 0.43, ""shap_value"": -0.33, ""impact"": -0.33}, {""feature_key"": ""lag_trips_24"", ""feature_name"": ""Yesterday's Scheduled Transit Trips"", ""feature_value"": 16.0, ""shap_value"": -0.24, ""impact"": -0.24}, {""feature_key"": ""weather_transit_surge"", ""feature_name"": ""Rainfall Transit Inflow Surge"", ""feature_value"": 0.0, ""shap_value"": -0.24, ""impact"": -0.24}, {""feature_key"": ""transit_weight"", ""feature_name"": ""Transit Commuter Dominance"", ""feature_value"": 0.35, ""shap_value"": -0.09, ""impact"": -0.09}, {""feature_key"": ""feels_like_c"", ""feature_name"": ""Apparent Feels-Like Temperature"", ""feature_value"": 31.1, ""shap_value"": -0.07, ""impact"": -0.07}]",60.24
2856,MAA_SANTHOME_BASILICA,2026-09-24T20:00:00,2026-09-23T20:00:00,24,89.3,SEVERE,31.2,Sunny & Warm,16,"[{""feature_key"": ""lag_168"", ""feature_name"": ""Same Time Last Week Congestion"", ""feature_value"": 92.0, ""shap_value"": 21.73, ""impact"": 21.73}, {""feature_key"": ""lag_1"", ""feature_name"": ""Recent Congestion (1h ago)"", ""feature_value"": 98.3, ""shap_value"": 3.32, ""impact"": 3.32}, {""feature_key"": ""lag_foot_24"", ""feature_name"": ""Yesterday's Foot-Traffic"", ""feature_value"": 4469.0, ""shap_value"": 2.06, ""impact"": 2.06}, {""feature_key"": ""hour_sin"", ""feature_name"": ""Time of Day (Peak Window)"", ""feature_value"": -0.87, ""shap_value"": 2.0, ""impact"": 2.0}, {""feature_key"": ""scheduled_trips"", ""feature_name"": ""Transit Dispatch Frequency"", ""feature_value"": 16.0, ""shap_value"": 0.45, ""impact"": 0.45}]","[{""feature_key"": ""dow_sin"", ""feature_name"": ""Weekly Schedule Cycle"", ""feature_value"": 0.43, ""shap_value"": -0.56, ""impact"": -0.56}, {""feature_key"": ""lag_3"", ""feature_name"": ""Short-term Congestion (3h ago)"", ""feature_value"": 90.1, ""shap_value"": -0.56, ""impact"": -0.56}, {""feature_key"": ""weather_transit_surge"", ""feature_name"": ""Rainfall Transit Inflow Surge"", ""feature_value"": 0.0, ""shap_value"": -0.43, ""impact"": -0.43}, {""feature_key"": ""lag_trips_24"", ""feature_name"": ""Yesterday's Scheduled Transit Trips"", ""feature_value"": 16.0, ""shap_value"": -0.32, ""impact"": -0.32}, {""feature_key"": ""lag_24"", ""feature_name"": ""Yesterday's Same-Hour Congestion"", ""feature_value"": 77.8, ""shap_value"": -0.26, ""impact"": -0.26}]",60.24
2857,MAA_SANTHOME_BASILICA,2026-09-24T21:00:00,2026-09-23T20:00:00,25,57.2,MODERATE,27.7,Sunny & Warm,6,"[{""feature_key"": ""lag_1"", ""feature_name"": ""Recent Congestion (1h ago)"", ""feature_value"": 89.3, ""shap_value"": 3.94, ""impact"": 3.94}, {""feature_key"": ""temp_c"", ""feature_name"": ""Ambient Temperature"", ""feature_value"": 27.7, ""shap_value"": 0.65, ""impact"": 0.65}, {""feature_key"": ""lag_trips_1"", ""feature_name"": ""Recent Transit Trips Count"", ""feature_value"": 16.0, ""shap_value"": 0.42, ""impact"": 0.42}, {""feature_key"": ""lag_trips_24"", ""feature_name"": ""Yesterday's Scheduled Transit Trips"", ""feature_value"": 6.0, ""shap_value"": 0.3, ""impact"": 0.3}, {""feature_key"": ""capacity_baseline"", ""feature_name"": ""Station Theoretical Capacity"", ""feature_value"": 6500.0, ""shap_value"": 0.19, ""impact"": 0.19}]","[{""feature_key"": ""hour_cos"", ""feature_name"": ""Time of Day (Diurnal Cycle)"", ""feature_value"": 0.71, ""shap_value"": -1.49, ""impact"": -1.49}, {""feature_key"": ""feels_like_c"", ""feature_name"": ""Apparent Feels-Like Temperature"", ""feature_value"": 28.0, ""shap_value"": -0.93, ""impact"": -0.93}, {""feature_key"": ""dow_sin"", ""feature_name"": ""Weekly Schedule Cycle"", ""feature_value"": 0.43, ""shap_value"": -0.81, ""impact"": -0.81}, {""feature_key"": ""lag_3"", ""feature_name"": ""Short-term Congestion (3h ago)"", ""feature_value"": 98.0, ""shap_value"": -0.81, ""impact"": -0.81}, {""feature_key"": ""lag_168"", ""feature_name"": ""Same Time Last Week Congestion"", ""feature_value"": 60.3, ""shap_value"": -0.68, ""impact"": -0.68}]",60.24
2858,MAA_SANTHOME_BASILICA,2026-09-24T22:00:00,2026-09-23T20:00:00,26,40.7,MODERATE,27.6,Sunny & Warm,6,"[{""feature_key"": ""temp_c"", ""feature_name"": ""Ambient Temperature"", ""feature_value"": 27.6, ""shap_value"": 0.8, ""impact"": 0.8}, {""feature_key"": ""capacity_baseline"", ""feature_name"": ""Station Theoretical Capacity"", ""feature_value"": 6500.0, ""shap_value"": 0.38, ""impact"": 0.38}, {""feature_key"": ""lag_trips_24"", ""feature_name"": ""Yesterday's Scheduled Transit Trips"", ""feature_value"": 6.0, ""shap_value"": 0.22, ""impact"": 0.22}, {""feature_key"": ""dow_cos"", ""feature_name"": ""Day of Week Alignment"", ""feature_value"": -0.9, ""shap_value"": 0.14, ""impact"": 0.14}, {""feature_key"": ""lag_2"", ""feature_name"": ""Short-term Congestion (2h ago)"", ""feature_value"": 89.3, ""shap_value"": 0.06, ""impact"": 0.06}]","[{""feature_key"": ""lag_168"", ""feature_name"": ""Same Time Last Week Congestion"", ""feature_value"": 39.3, ""shap_value"": -11.87, ""impact"": -11.87}, {""feature_key"": ""hour_cos"", ""feature_name"": ""Time of Day (Diurnal Cycle)"", ""feature_value"": 0.87, ""shap_value"": -2.25, ""impact"": -2.25}, {""feature_key"": ""lag_24"", ""feature_name"": ""Yesterday's Same-Hour Congestion"", ""feature_value"": 36.4, ""shap_value"": -1.31, ""impact"": -1.31}, {""feature_key"": ""hour_sin"", ""feature_name"": ""Time of Day (Peak Window)"", ""feature_value"": -0.5, ""shap_value"": -0.87, ""impact"": -0.87}, {""feature_key"": ""lag_1"", ""feature_name"": ""Recent Congestion (1h ago)"", ""feature_value"": 57.2, ""shap_value"": -0.87, ""impact"": -0.87}]",60.24
2859,MAA_SANTHOME_BASILICA,2026-09-24T23:00:00,2026-09-23T20:00:00,27,16.8,LOW,28.6,Sunny & Warm,6,"[{""feature_key"": ""temp_c"", ""feature_name"": ""Ambient Temperature"", ""feature_value"": 28.6, ""shap_value"": 0.45, ""impact"": 0.45}, {""feature_key"": ""lag_trips_24"", ""feature_name"": ""Yesterday's Scheduled Transit Trips"", ""feature_value"": 6.0, ""shap_value"": 0.21, ""impact"": 0.21}, {""feature_key"": ""dow_cos"", ""feature_name"": ""Day of Week Alignment"", ""feature_value"": -0.9, ""shap_value"": 0.06, ""impact"": 0.06}, {""feature_key"": ""feels_like_c"", ""feature_name"": ""Apparent Feels-Like Temperature"", ""feature_value"": 29.7, ""shap_value"": 0.02, ""impact"": 0.02}]","[{""feature_key"": ""lag_168"", ""feature_name"": ""Same Time Last Week Congestion"", ""feature_value"": 15.2, ""shap_value"": -30.4, ""impact"": -30.4}, {""feature_key"": ""lag_foot_24"", ""feature_name"": ""Yesterday's Foot-Traffic"", ""feature_value"": 988.0, ""shap_value"": -2.5, ""impact"": -2.5}, {""feature_key"": ""lag_1"", ""feature_name"": ""Recent Congestion (1h ago)"", ""feature_value"": 40.7, ""shap_value"": -2.35, ""impact"": -2.35}, {""feature_key"": ""lag_24"", ""feature_name"": ""Yesterday's Same-Hour Congestion"", ""feature_value"": 15.2, ""shap_value"": -2.25, ""impact"": -2.25}, {""feature_key"": ""hour_cos"", ""feature_name"": ""Time of Day (Diurnal Cycle)"", ""feature_value"": 0.97, ""shap_value"": -1.83, ""impact"": -1.83}]",60.24
2860,MAA_SANTHOME_BASILICA,2026-09-25T00:00:00,2026-09-23T20:00:00,28,15.3,LOW,27.0,Humid / Overcast,8,"[{""feature_key"": ""lag_trips_24"", ""feature_name"": ""Yesterday's Scheduled Transit Trips"", ""feature_value"": 8.0, ""shap_value"": 0.24, ""impact"": 0.24}, {""feature_key"": ""lag_3"", ""feature_name"": ""Short-term Congestion (3h ago)"", ""feature_value"": 57.2, ""shap_value"": 0.11, ""impact"": 0.11}, {""feature_key"": ""temp_c"", ""feature_name"": ""Ambient Temperature"", ""feature_value"": 27.0, ""shap_value"": 0.08, ""impact"": 0.08}, {""feature_key"": ""dow_cos"", ""feature_name"": ""Day of Week Alignment"", ""feature_value"": -0.9, ""shap_value"": 0.06, ""impact"": 0.06}, {""feature_key"": ""roll_mean_6h"", ""feature_name"": ""6-Hour Moving Congestion Trend"", ""feature_value"": 66.72, ""shap_value"": 0.03, ""impact"": 0.03}]","[{""feature_key"": ""lag_168"", ""feature_name"": ""Same Time Last Week Congestion"", ""feature_value"": 10.3, ""shap_value"": -30.52, ""impact"": -30.52}, {""feature_key"": ""lag_1"", ""feature_name"": ""Recent Congestion (1h ago)"", ""feature_value"": 16.8, ""shap_value"": -2.67, ""impact"": -2.67}, {""feature_key"": ""lag_foot_24"", ""feature_name"": ""Yesterday's Foot-Traffic"", ""feature_value"": 806.0, ""shap_value"": -2.5, ""impact"": -2.5}, {""feature_key"": ""lag_24"", ""feature_name"": ""Yesterday's Same-Hour Congestion"", ""feature_value"": 12.4, ""shap_value"": -2.33, ""impact"": -2.33}, {""feature_key"": ""hour_cos"", ""feature_name"": ""Time of Day (Diurnal Cycle)"", ""feature_value"": 1.0, ""shap_value"": -2.02, ""impact"": -2.02}]",60.24
2861,MAA_SANTHOME_BASILICA,2026-09-25T01:00:00,2026-09-23T20:00:00,29,15.9,LOW,25.2,Humid / Overcast,8,"[{""feature_key"": ""lag_trips_24"", ""feature_name"": ""Yesterday's Scheduled Transit Trips"", ""feature_value"": 8.0, ""shap_value"": 0.25, ""impact"": 0.25}, {""feature_key"": ""lag_3"", ""feature_name"": ""Short-term Congestion (3h ago)"", ""feature_value"": 40.7, ""shap_value"": 0.24, ""impact"": 0.24}, {""feature_key"": ""roll_mean_6h"", ""feature_name"": ""6-Hour Moving Congestion Trend"", ""feature_value"": 52.93, ""shap_value"": 0.1, ""impact"": 0.1}, {""feature_key"": ""temp_c"", ""feature_name"": ""Ambient Temperature"", ""feature_value"": 25.2, ""shap_value"": 0.07, ""impact"": 0.07}, {""feature_key"": ""dow_cos"", ""feature_name"": ""Day of Week Alignment"", ""feature_value"": -0.9, ""shap_value"": 0.02, ""impact"": 0.02}]","[{""feature_key"": ""lag_168"", ""feature_name"": ""Same Time Last Week Congestion"", ""feature_value"": 10.4, ""shap_value"": -30.22, ""impact"": -30.22}, {""feature_key"": ""lag_1"", ""feature_name"": ""Recent Congestion (1h ago)"", ""feature_value"": 15.3, ""shap_value"": -2.64, ""impact"": -2.64}, {""feature_key"": ""lag_foot_24"", ""feature_name"": ""Yesterday's Foot-Traffic"", ""feature_value"": 838.0, ""shap_value"": -2.58, ""impact"": -2.58}, {""feature_key"": ""lag_24"", ""feature_name"": ""Yesterday's Same-Hour Congestion"", ""feature_value"": 12.9, ""shap_value"": -2.32, ""impact"": -2.32}, {""feature_key"": ""hour_cos"", ""feature_name"": ""Time of Day (Diurnal Cycle)"", ""feature_value"": 0.97, ""shap_value"": -1.85, ""impact"": -1.85}]",60.24
2862,MAA_SANTHOME_BASILICA,2026-09-25T02:00:00,2026-09-23T20:00:00,30,18.4,LOW,25.6,Humid / Overcast,8,"[{""feature_key"": ""lag_3"", ""feature_name"": ""Short-term Congestion (3h ago)"", ""feature_value"": 16.8, ""shap_value"": 0.31, ""impact"": 0.31}, {""feature_key"": ""lag_trips_24"", ""feature_name"": ""Yesterday's Scheduled Transit Trips"", ""feature_value"": 8.0, ""shap_value"": 0.24, ""impact"": 0.24}, {""feature_key"": ""roll_mean_6h"", ""feature_name"": ""6-Hour Moving Congestion Trend"", ""feature_value"": 39.2, ""shap_value"": 0.12, ""impact"": 0.12}, {""feature_key"": ""temp_c"", ""feature_name"": ""Ambient Temperature"", ""feature_value"": 25.6, ""shap_value"": 0.02, ""impact"": 0.02}, {""feature_key"": ""roll_mean_24h"", ""feature_name"": ""24-Hour Average Baseline"", ""feature_value"": 55.11, ""shap_value"": 0.01, ""impact"": 0.01}]","[{""feature_key"": ""lag_168"", ""feature_name"": ""Same Time Last Week Congestion"", ""feature_value"": 19.2, ""shap_value"": -28.72, ""impact"": -28.72}, {""feature_key"": ""lag_1"", ""feature_name"": ""Recent Congestion (1h ago)"", ""feature_value"": 15.9, ""shap_value"": -2.66, ""impact"": -2.66}, {""feature_key"": ""lag_foot_24"", ""feature_name"": ""Yesterday's Foot-Traffic"", ""feature_value"": 871.0, ""shap_value"": -2.44, ""impact"": -2.44}, {""feature_key"": ""lag_24"", ""feature_name"": ""Yesterday's Same-Hour Congestion"", ""feature_value"": 13.4, ""shap_value"": -2.43, ""impact"": -2.43}, {""feature_key"": ""lag_foot_1"", ""feature_name"": ""Recent Foot-Traffic (1h ago)"", ""feature_value"": 1033.0, ""shap_value"": -1.59, ""impact"": -1.59}]",60.24
2863,MAA_SANTHOME_BASILICA,2026-09-25T03:00:00,2026-09-23T20:00:00,31,19.7,LOW,24.9,Humid / Overcast,8,"[{""feature_key"": ""lag_3"", ""feature_name"": ""Short-term Congestion (3h ago)"", ""feature_value"": 15.3, ""shap_value"": 0.39, ""impact"": 0.39}, {""feature_key"": ""roll_mean_6h"", ""feature_name"": ""6-Hour Moving Congestion Trend"", ""feature_value"": 27.38, ""shap_value"": 0.26, ""impact"": 0.26}, {""feature_key"": ""lag_trips_24"", ""feature_name"": ""Yesterday's Scheduled Transit Trips"", ""feature_value"": 8.0, ""shap_value"": 0.25, ""impact"": 0.25}, {""feature_key"": ""temp_c"", ""feature_name"": ""Ambient Temperature"", ""feature_value"": 24.9, ""shap_value"": 0.08, ""impact"": 0.08}, {""feature_key"": ""roll_std_24h"", ""feature_name"": ""24-Hour Crowd Volatility"", ""feature_value"": 29.39, ""shap_value"": 0.03, ""impact"": 0.03}]","[{""feature_key"": ""lag_168"", ""feature_name"": ""Same Time Last Week Congestion"", ""feature_value"": 20.4, ""shap_value"": -28.42, ""impact"": -28.42}, {""feature_key"": ""lag_1"", ""feature_name"": ""Recent Congestion (1h ago)"", ""feature_value"": 18.4, ""shap_value"": -2.75, ""impact"": -2.75}, {""feature_key"": ""lag_24"", ""feature_name"": ""Yesterday's Same-Hour Congestion"", ""feature_value"": 20.1, ""shap_value"": -2.36, ""impact"": -2.36}, {""feature_key"": ""lag_foot_24"", ""feature_name"": ""Yesterday's Foot-Traffic"", ""feature_value"": 1306.0, ""shap_value"": -1.92, ""impact"": -1.92}, {""feature_key"": ""lag_foot_1"", ""feature_name"": ""Recent Foot-Traffic (1h ago)"", ""feature_value"": 1196.0, ""shap_value"": -1.58, ""impact"": -1.58}]",60.24
2864,MAA_SANTHOME_BASILICA,2026-09-25T04:00:00,2026-09-23T20:00:00,32,20.5,LOW,26.4,Sunny & Warm,8,"[{""feature_key"": ""lag_3"", ""feature_name"": ""Short-term Congestion (3h ago)"", ""feature_value"": 15.9, ""shap_value"": 0.4, ""impact"": 0.4}, {""feature_key"": ""roll_mean_6h"", ""feature_name"": ""6-Hour Moving Congestion Trend"", ""feature_value"": 21.13, ""shap_value"": 0.29, ""impact"": 0.29}, {""feature_key"": ""lag_trips_24"", ""feature_name"": ""Yesterday's Scheduled Transit Trips"", ""feature_value"": 8.0, ""shap_value"": 0.23, ""impact"": 0.23}, {""feature_key"": ""temp_c"", ""feature_name"": ""Ambient Temperature"", ""feature_value"": 26.4, ""shap_value"": 0.11, ""impact"": 0.11}, {""feature_key"": ""roll_std_24h"", ""feature_name"": ""24-Hour Crowd Volatility"", ""feature_value"": 29.41, ""shap_value"": 0.05, ""impact"": 0.05}]","[{""feature_key"": ""lag_168"", ""feature_name"": ""Same Time Last Week Congestion"", ""feature_value"": 20.8, ""shap_value"": -28.24, ""impact"": -28.24}, {""feature_key"": ""lag_1"", ""feature_name"": ""Recent Congestion (1h ago)"", ""feature_value"": 19.7, ""shap_value"": -2.77, ""impact"": -2.77}, {""feature_key"": ""lag_24"", ""feature_name"": ""Yesterday's Same-Hour Congestion"", ""feature_value"": 20.8, ""shap_value"": -2.34, ""impact"": -2.34}, {""feature_key"": ""lag_foot_24"", ""feature_name"": ""Yesterday's Foot-Traffic"", ""feature_value"": 1352.0, ""shap_value"": -1.84, ""impact"": -1.84}, {""feature_key"": ""lag_foot_1"", ""feature_name"": ""Recent Foot-Traffic (1h ago)"", ""feature_value"": 1280.0, ""shap_value"": -1.6, ""impact"": -1.6}]",60.24
2865,MAA_SANTHOME_BASILICA,2026-09-25T05:00:00,2026-09-23T20:00:00,33,41.7,MODERATE,27.4,Monsoon Downpour,6,"[{""feature_key"": ""precip_mm"", ""feature_name"": ""Rainfall Intensity"", ""feature_value"": 7.81, ""shap_value"": 2.85, ""impact"": 2.85}, {""feature_key"": ""weather_tourism_suppression"", ""feature_name"": ""Weather Tourist Dampening Index"", ""feature_value"": 1.66, ""shap_value"": 1.01, ""impact"": 1.01}, {""feature_key"": ""lag_foot_24"", ""feature_name"": ""Yesterday's Foot-Traffic"", ""feature_value"": 2177.0, ""shap_value"": 0.97, ""impact"": 0.97}, {""feature_key"": ""is_rain"", ""feature_name"": ""Rain Weather Friction"", ""feature_value"": 1.0, ""shap_value"": 0.57, ""impact"": 0.57}, {""feature_key"": ""hour_sin"", ""feature_name"": ""Time of Day (Peak Window)"", ""feature_value"": 0.97, ""shap_value"": 0.39, ""impact"": 0.39}]","[{""feature_key"": ""lag_168"", ""feature_name"": ""Same Time Last Week Congestion"", ""feature_value"": 31.0, ""shap_value"": -17.96, ""impact"": -17.96}, {""feature_key"": ""lag_1"", ""feature_name"": ""Recent Congestion (1h ago)"", ""feature_value"": 20.5, ""shap_value"": -3.07, ""impact"": -3.07}, {""feature_key"": ""lag_foot_1"", ""feature_name"": ""Recent Foot-Traffic (1h ago)"", ""feature_value"": 1332.0, ""shap_value"": -1.35, ""impact"": -1.35}, {""feature_key"": ""lag_24"", ""feature_name"": ""Yesterday's Same-Hour Congestion"", ""feature_value"": 33.5, ""shap_value"": -1.09, ""impact"": -1.09}, {""feature_key"": ""hour_cos"", ""feature_name"": ""Time of Day (Diurnal Cycle)"", ""feature_value"": 0.26, ""shap_value"": -0.39, ""impact"": -0.39}]",60.24
2866,MAA_SANTHOME_BASILICA,2026-09-25T06:00:00,2026-09-23T20:00:00,34,60.7,HIGH,28.5,Monsoon Downpour,6,"[{""feature_key"": ""temp_c"", ""feature_name"": ""Ambient Temperature"", ""feature_value"": 28.5, ""shap_value"": 1.89, ""impact"": 1.89}, {""feature_key"": ""precip_mm"", ""feature_name"": ""Rainfall Intensity"", ""feature_value"": 6.03, ""shap_value"": 1.78, ""impact"": 1.78}, {""feature_key"": ""hour_cos"", ""feature_name"": ""Time of Day (Diurnal Cycle)"", ""feature_value"": 0.0, ""shap_value"": 1.32, ""impact"": 1.32}, {""feature_key"": ""dow_sin"", ""feature_name"": ""Weekly Schedule Cycle"", ""feature_value"": -0.43, ""shap_value"": 0.46, ""impact"": 0.46}, {""feature_key"": ""capacity_baseline"", ""feature_name"": ""Station Theoretical Capacity"", ""feature_value"": 6500.0, ""shap_value"": 0.45, ""impact"": 0.45}]","[{""feature_key"": ""lag_168"", ""feature_name"": ""Same Time Last Week Congestion"", ""feature_value"": 52.6, ""shap_value"": -2.9, ""impact"": -2.9}, {""feature_key"": ""lag_1"", ""feature_name"": ""Recent Congestion (1h ago)"", ""feature_value"": 41.7, ""shap_value"": -2.36, ""impact"": -2.36}, {""feature_key"": ""lag_foot_1"", ""feature_name"": ""Recent Foot-Traffic (1h ago)"", ""feature_value"": 2710.0, ""shap_value"": -0.85, ""impact"": -0.85}, {""feature_key"": ""scheduled_trips"", ""feature_name"": ""Transit Dispatch Frequency"", ""feature_value"": 6.0, ""shap_value"": -0.58, ""impact"": -0.58}, {""feature_key"": ""transit_weight"", ""feature_name"": ""Transit Commuter Dominance"", ""feature_value"": 0.35, ""shap_value"": -0.49, ""impact"": -0.49}]",60.24
2867,MAA_SANTHOME_BASILICA,2026-09-25T07:00:00,2026-09-23T20:00:00,35,73.4,HIGH,29.1,Monsoon Downpour,6,"[{""feature_key"": ""lag_168"", ""feature_name"": ""Same Time Last Week Congestion"", ""feature_value"": 73.1, ""shap_value"": 10.99, ""impact"": 10.99}, {""feature_key"": ""lag_foot_24"", ""feature_name"": ""Yesterday's Foot-Traffic"", ""feature_value"": 4881.0, ""shap_value"": 1.88, ""impact"": 1.88}, {""feature_key"": ""hour_cos"", ""feature_name"": ""Time of Day (Diurnal Cycle)"", ""feature_value"": -0.26, ""shap_value"": 1.87, ""impact"": 1.87}, {""feature_key"": ""hour_sin"", ""feature_name"": ""Time of Day (Peak Window)"", ""feature_value"": 0.97, ""shap_value"": 0.87, ""impact"": 0.87}, {""feature_key"": ""temp_c"", ""feature_name"": ""Ambient Temperature"", ""feature_value"": 29.1, ""shap_value"": 0.72, ""impact"": 0.72}]","[{""feature_key"": ""lag_1"", ""feature_name"": ""Recent Congestion (1h ago)"", ""feature_value"": 60.7, ""shap_value"": -1.51, ""impact"": -1.51}, {""feature_key"": ""weather_transit_surge"", ""feature_name"": ""Rainfall Transit Inflow Surge"", ""feature_value"": 0.56, ""shap_value"": -0.98, ""impact"": -0.98}, {""feature_key"": ""precip_mm"", ""feature_name"": ""Rainfall Intensity"", ""feature_value"": 9.77, ""shap_value"": -0.81, ""impact"": -0.81}, {""feature_key"": ""lag_foot_1"", ""feature_name"": ""Recent Foot-Traffic (1h ago)"", ""feature_value"": 3945.0, ""shap_value"": -0.65, ""impact"": -0.65}, {""feature_key"": ""transit_weight"", ""feature_name"": ""Transit Commuter Dominance"", ""feature_value"": 0.35, ""shap_value"": -0.6, ""impact"": -0.6}]",60.24
2868,MAA_SANTHOME_BASILICA,2026-09-25T08:00:00,2026-09-23T20:00:00,36,87.3,SEVERE,30.8,Monsoon Downpour,16,"[{""feature_key"": ""lag_168"", ""feature_name"": ""Same Time Last Week Congestion"", ""feature_value"": 98.5, ""shap_value"": 22.8, ""impact"": 22.8}, {""feature_key"": ""lag_foot_24"", ""feature_name"": ""Yesterday's Foot-Traffic"", ""feature_value"": 6305.0, ""shap_value"": 2.23, ""impact"": 2.23}, {""feature_key"": ""lag_24"", ""feature_name"": ""Yesterday's Same-Hour Congestion"", ""feature_value"": 97.0, ""shap_value"": 2.14, ""impact"": 2.14}, {""feature_key"": ""hour_cos"", ""feature_name"": ""Time of Day (Diurnal Cycle)"", ""feature_value"": -0.5, ""shap_value"": 1.51, ""impact"": 1.51}, {""feature_key"": ""capacity_baseline"", ""feature_name"": ""Station Theoretical Capacity"", ""feature_value"": 6500.0, ""shap_value"": 0.75, ""impact"": 0.75}]","[{""feature_key"": ""weather_tourism_suppression"", ""feature_name"": ""Weather Tourist Dampening Index"", ""feature_value"": 1.66, ""shap_value"": -1.25, ""impact"": -1.25}, {""feature_key"": ""precip_mm"", ""feature_name"": ""Rainfall Intensity"", ""feature_value"": 12.49, ""shap_value"": -1.1, ""impact"": -1.1}, {""feature_key"": ""transit_weight"", ""feature_name"": ""Transit Commuter Dominance"", ""feature_value"": 0.35, ""shap_value"": -0.34, ""impact"": -0.34}, {""feature_key"": ""lag_trips_24"", ""feature_name"": ""Yesterday's Scheduled Transit Trips"", ""feature_value"": 16.0, ""shap_value"": -0.31, ""impact"": -0.31}, {""feature_key"": ""weather_transit_surge"", ""feature_name"": ""Rainfall Transit Inflow Surge"", ""feature_value"": 0.56, ""shap_value"": -0.3, ""impact"": -0.3}]",60.24
2869,MAA_SANTHOME_BASILICA,2026-09-25T09:00:00,2026-09-23T20:00:00,37,91.9,SEVERE,31.7,Monsoon Downpour,16,"[{""feature_key"": ""lag_168"", ""feature_name"": ""Same Time Last Week Congestion"", ""feature_value"": 98.5, ""shap_value"": 24.26, ""impact"": 24.26}, {""feature_key"": ""lag_1"", ""feature_name"": ""Recent Congestion (1h ago)"", ""feature_value"": 87.3, ""shap_value"": 2.52, ""impact"": 2.52}, {""feature_key"": ""lag_foot_24"", ""feature_name"": ""Yesterday's Foot-Traffic"", ""feature_value"": 6389.0, ""shap_value"": 2.11, ""impact"": 2.11}, {""feature_key"": ""lag_24"", ""feature_name"": ""Yesterday's Same-Hour Congestion"", ""feature_value"": 98.3, ""shap_value"": 2.09, ""impact"": 2.09}, {""feature_key"": ""hour_cos"", ""feature_name"": ""Time of Day (Diurnal Cycle)"", ""feature_value"": -0.71, ""shap_value"": 1.39, ""impact"": 1.39}]","[{""feature_key"": ""weather_tourism_suppression"", ""feature_name"": ""Weather Tourist Dampening Index"", ""feature_value"": 1.66, ""shap_value"": -0.71, ""impact"": -0.71}, {""feature_key"": ""precip_mm"", ""feature_name"": ""Rainfall Intensity"", ""feature_value"": 11.44, ""shap_value"": -0.66, ""impact"": -0.66}, {""feature_key"": ""weather_transit_surge"", ""feature_name"": ""Rainfall Transit Inflow Surge"", ""feature_value"": 0.56, ""shap_value"": -0.38, ""impact"": -0.38}, {""feature_key"": ""transit_weight"", ""feature_name"": ""Transit Commuter Dominance"", ""feature_value"": 0.35, ""shap_value"": -0.33, ""impact"": -0.33}, {""feature_key"": ""dow_sin"", ""feature_name"": ""Weekly Schedule Cycle"", ""feature_value"": -0.43, ""shap_value"": -0.32, ""impact"": -0.32}]",60.24
2870,MAA_SANTHOME_BASILICA,2026-09-25T10:00:00,2026-09-23T20:00:00,38,82.1,SEVERE,31.3,Monsoon Downpour,16,"[{""feature_key"": ""lag_168"", ""feature_name"": ""Same Time Last Week Congestion"", ""feature_value"": 80.5, ""shap_value"": 14.92, ""impact"": 14.92}, {""feature_key"": ""lag_1"", ""feature_name"": ""Recent Congestion (1h ago)"", ""feature_value"": 91.9, ""shap_value"": 2.68, ""impact"": 2.68}, {""feature_key"": ""lag_foot_24"", ""feature_name"": ""Yesterday's Foot-Traffic"", ""feature_value"": 5642.0, ""shap_value"": 2.3, ""impact"": 2.3}, {""feature_key"": ""lag_24"", ""feature_name"": ""Yesterday's Same-Hour Congestion"", ""feature_value"": 86.8, ""shap_value"": 2.23, ""impact"": 2.23}, {""feature_key"": ""temp_c"", ""feature_name"": ""Ambient Temperature"", ""feature_value"": 31.3, ""shap_value"": 0.58, ""impact"": 0.58}]","[{""feature_key"": ""hour_sin"", ""feature_name"": ""Time of Day (Peak Window)"", ""feature_value"": 0.5, ""shap_value"": -0.86, ""impact"": -0.86}, {""feature_key"": ""weather_transit_surge"", ""feature_name"": ""Rainfall Transit Inflow Surge"", ""feature_value"": 0.56, ""shap_value"": -0.69, ""impact"": -0.69}, {""feature_key"": ""hour_cos"", ""feature_name"": ""Time of Day (Diurnal Cycle)"", ""feature_value"": -0.87, ""shap_value"": -0.53, ""impact"": -0.53}, {""feature_key"": ""transit_weight"", ""feature_name"": ""Transit Commuter Dominance"", ""feature_value"": 0.35, ""shap_value"": -0.38, ""impact"": -0.38}, {""feature_key"": ""dow_sin"", ""feature_name"": ""Weekly Schedule Cycle"", ""feature_value"": -0.43, ""shap_value"": -0.36, ""impact"": -0.36}]",60.24
2871,MAA_SANTHOME_BASILICA,2026-09-25T11:00:00,2026-09-23T20:00:00,39,62.9,HIGH,33.2,Sunny & Warm,10,"[{""feature_key"": ""lag_168"", ""feature_name"": ""Same Time Last Week Congestion"", ""feature_value"": 65.3, ""shap_value"": 4.56, ""impact"": 4.56}, {""feature_key"": ""lag_1"", ""feature_name"": ""Recent Congestion (1h ago)"", ""feature_value"": 82.1, ""shap_value"": 2.26, ""impact"": 2.26}, {""feature_key"": ""lag_foot_24"", ""feature_name"": ""Yesterday's Foot-Traffic"", ""feature_value"": 4134.0, ""shap_value"": 1.17, ""impact"": 1.17}, {""feature_key"": ""capacity_baseline"", ""feature_name"": ""Station Theoretical Capacity"", ""feature_value"": 6500.0, ""shap_value"": 0.55, ""impact"": 0.55}, {""feature_key"": ""lag_foot_1"", ""feature_name"": ""Recent Foot-Traffic (1h ago)"", ""feature_value"": 5336.0, ""shap_value"": 0.34, ""impact"": 0.34}]","[{""feature_key"": ""hour_cos"", ""feature_name"": ""Time of Day (Diurnal Cycle)"", ""feature_value"": -0.97, ""shap_value"": -1.59, ""impact"": -1.59}, {""feature_key"": ""hour_sin"", ""feature_name"": ""Time of Day (Peak Window)"", ""feature_value"": 0.26, ""shap_value"": -1.38, ""impact"": -1.38}, {""feature_key"": ""lag_24"", ""feature_name"": ""Yesterday's Same-Hour Congestion"", ""feature_value"": 63.6, ""shap_value"": -0.81, ""impact"": -0.81}, {""feature_key"": ""weather_transit_surge"", ""feature_name"": ""Rainfall Transit Inflow Surge"", ""feature_value"": 0.0, ""shap_value"": -0.71, ""impact"": -0.71}, {""feature_key"": ""lag_3"", ""feature_name"": ""Short-term Congestion (3h ago)"", ""feature_value"": 87.3, ""shap_value"": -0.59, ""impact"": -0.59}]",60.24
2872,MAA_SANTHOME_BASILICA,2026-09-25T12:00:00,2026-09-23T20:00:00,40,46.4,MODERATE,34.1,Sunny & Warm,10,"[{""feature_key"": ""capacity_baseline"", ""feature_name"": ""Station Theoretical Capacity"", ""feature_value"": 6500.0, ""shap_value"": 0.5, ""impact"": 0.5}, {""feature_key"": ""temp_c"", ""feature_name"": ""Ambient Temperature"", ""feature_value"": 34.1, ""shap_value"": 0.35, ""impact"": 0.35}, {""feature_key"": ""humidity_pct"", ""feature_name"": ""Marine Layer / Humidity"", ""feature_value"": 63.0, ""shap_value"": 0.11, ""impact"": 0.11}, {""feature_key"": ""feels_like_c"", ""feature_name"": ""Apparent Feels-Like Temperature"", ""feature_value"": 33.4, ""shap_value"": 0.09, ""impact"": 0.09}, {""feature_key"": ""dow_cos"", ""feature_name"": ""Day of Week Alignment"", ""feature_value"": -0.9, ""shap_value"": 0.08, ""impact"": 0.08}]","[{""feature_key"": ""lag_168"", ""feature_name"": ""Same Time Last Week Congestion"", ""feature_value"": 43.4, ""shap_value"": -8.66, ""impact"": -8.66}, {""feature_key"": ""lag_24"", ""feature_name"": ""Yesterday's Same-Hour Congestion"", ""feature_value"": 46.6, ""shap_value"": -1.23, ""impact"": -1.23}, {""feature_key"": ""hour_sin"", ""feature_name"": ""Time of Day (Peak Window)"", ""feature_value"": 0.0, ""shap_value"": -1.12, ""impact"": -1.12}, {""feature_key"": ""hour_cos"", ""feature_name"": ""Time of Day (Diurnal Cycle)"", ""feature_value"": -1.0, ""shap_value"": -0.78, ""impact"": -0.78}, {""feature_key"": ""precip_mm"", ""feature_name"": ""Rainfall Intensity"", ""feature_value"": 0.0, ""shap_value"": -0.59, ""impact"": -0.59}]",60.24
2873,MAA_SANTHOME_BASILICA,2026-09-25T13:00:00,2026-09-23T20:00:00,41,43.5,MODERATE,34.0,Sunny & Warm,10,"[{""feature_key"": ""capacity_baseline"", ""feature_name"": ""Station Theoretical Capacity"", ""feature_value"": 6500.0, ""shap_value"": 0.49, ""impact"": 0.49}, {""feature_key"": ""temp_c"", ""feature_name"": ""Ambient Temperature"", ""feature_value"": 34.0, ""shap_value"": 0.28, ""impact"": 0.28}, {""feature_key"": ""humidity_pct"", ""feature_name"": ""Marine Layer / Humidity"", ""feature_value"": 57.0, ""shap_value"": 0.24, ""impact"": 0.24}, {""feature_key"": ""dow_cos"", ""feature_name"": ""Day of Week Alignment"", ""feature_value"": -0.9, ""shap_value"": 0.09, ""impact"": 0.09}, {""feature_key"": ""lag_trips_24"", ""feature_name"": ""Yesterday's Scheduled Transit Trips"", ""feature_value"": 10.0, ""shap_value"": 0.06, ""impact"": 0.06}]","[{""feature_key"": ""lag_168"", ""feature_name"": ""Same Time Last Week Congestion"", ""feature_value"": 39.8, ""shap_value"": -9.64, ""impact"": -9.64}, {""feature_key"": ""lag_1"", ""feature_name"": ""Recent Congestion (1h ago)"", ""feature_value"": 46.4, ""shap_value"": -1.66, ""impact"": -1.66}, {""feature_key"": ""lag_24"", ""feature_name"": ""Yesterday's Same-Hour Congestion"", ""feature_value"": 40.5, ""shap_value"": -1.21, ""impact"": -1.21}, {""feature_key"": ""hour_sin"", ""feature_name"": ""Time of Day (Peak Window)"", ""feature_value"": -0.26, ""shap_value"": -1.16, ""impact"": -1.16}, {""feature_key"": ""lag_foot_1"", ""feature_name"": ""Recent Foot-Traffic (1h ago)"", ""feature_value"": 3016.0, ""shap_value"": -0.66, ""impact"": -0.66}]",60.24
2874,MAA_SANTHOME_BASILICA,2026-09-25T14:00:00,2026-09-23T20:00:00,42,51.9,MODERATE,33.6,Monsoon Downpour,10,"[{""feature_key"": ""precip_mm"", ""feature_name"": ""Rainfall Intensity"", ""feature_value"": 6.56, ""shap_value"": 3.16, ""impact"": 3.16}, {""feature_key"": ""weather_tourism_suppression"", ""feature_name"": ""Weather Tourist Dampening Index"", ""feature_value"": 1.66, ""shap_value"": 0.56, ""impact"": 0.56}, {""feature_key"": ""is_rain"", ""feature_name"": ""Rain Weather Friction"", ""feature_value"": 1.0, ""shap_value"": 0.45, ""impact"": 0.45}, {""feature_key"": ""temp_c"", ""feature_name"": ""Ambient Temperature"", ""feature_value"": 33.6, ""shap_value"": 0.37, ""impact"": 0.37}, {""feature_key"": ""capacity_baseline"", ""feature_name"": ""Station Theoretical Capacity"", ""feature_value"": 6500.0, ""shap_value"": 0.35, ""impact"": 0.35}]","[{""feature_key"": ""lag_168"", ""feature_name"": ""Same Time Last Week Congestion"", ""feature_value"": 42.3, ""shap_value"": -7.08, ""impact"": -7.08}, {""feature_key"": ""lag_1"", ""feature_name"": ""Recent Congestion (1h ago)"", ""feature_value"": 43.5, ""shap_value"": -2.05, ""impact"": -2.05}, {""feature_key"": ""lag_24"", ""feature_name"": ""Yesterday's Same-Hour Congestion"", ""feature_value"": 41.6, ""shap_value"": -1.1, ""impact"": -1.1}, {""feature_key"": ""lag_foot_1"", ""feature_name"": ""Recent Foot-Traffic (1h ago)"", ""feature_value"": 2827.0, ""shap_value"": -0.85, ""impact"": -0.85}, {""feature_key"": ""hour_sin"", ""feature_name"": ""Time of Day (Peak Window)"", ""feature_value"": -0.5, ""shap_value"": -0.8, ""impact"": -0.8}]",60.24
2875,MAA_SANTHOME_BASILICA,2026-09-25T15:00:00,2026-09-23T20:00:00,43,57.5,MODERATE,34.1,Monsoon Downpour,10,"[{""feature_key"": ""hour_cos"", ""feature_name"": ""Time of Day (Diurnal Cycle)"", ""feature_value"": -0.71, ""shap_value"": 1.84, ""impact"": 1.84}, {""feature_key"": ""precip_mm"", ""feature_name"": ""Rainfall Intensity"", ""feature_value"": 7.63, ""shap_value"": 1.15, ""impact"": 1.15}, {""feature_key"": ""weather_tourism_suppression"", ""feature_name"": ""Weather Tourist Dampening Index"", ""feature_value"": 1.66, ""shap_value"": 0.62, ""impact"": 0.62}, {""feature_key"": ""wind_speed_kmh"", ""feature_name"": ""Coastal Wind Speed"", ""feature_value"": 22.5, ""shap_value"": 0.55, ""impact"": 0.55}, {""feature_key"": ""temp_c"", ""feature_name"": ""Ambient Temperature"", ""feature_value"": 34.1, ""shap_value"": 0.48, ""impact"": 0.48}]","[{""feature_key"": ""lag_168"", ""feature_name"": ""Same Time Last Week Congestion"", ""feature_value"": 51.6, ""shap_value"": -2.79, ""impact"": -2.79}, {""feature_key"": ""lag_24"", ""feature_name"": ""Yesterday's Same-Hour Congestion"", ""feature_value"": 49.6, ""shap_value"": -1.41, ""impact"": -1.41}, {""feature_key"": ""lag_1"", ""feature_name"": ""Recent Congestion (1h ago)"", ""feature_value"": 51.9, ""shap_value"": -1.27, ""impact"": -1.27}, {""feature_key"": ""lag_foot_1"", ""feature_name"": ""Recent Foot-Traffic (1h ago)"", ""feature_value"": 3373.0, ""shap_value"": -0.92, ""impact"": -0.92}, {""feature_key"": ""scheduled_trips"", ""feature_name"": ""Transit Dispatch Frequency"", ""feature_value"": 10.0, ""shap_value"": -0.52, ""impact"": -0.52}]",60.24
2876,MAA_SANTHOME_BASILICA,2026-09-25T16:00:00,2026-09-23T20:00:00,44,63.1,HIGH,33.2,Monsoon Downpour,10,"[{""feature_key"": ""lag_168"", ""feature_name"": ""Same Time Last Week Congestion"", ""feature_value"": 63.5, ""shap_value"": 3.4, ""impact"": 3.4}, {""feature_key"": ""hour_cos"", ""feature_name"": ""Time of Day (Diurnal Cycle)"", ""feature_value"": -0.5, ""shap_value"": 1.82, ""impact"": 1.82}, {""feature_key"": ""hour_sin"", ""feature_name"": ""Time of Day (Peak Window)"", ""feature_value"": -0.87, ""shap_value"": 1.18, ""impact"": 1.18}, {""feature_key"": ""wind_speed_kmh"", ""feature_name"": ""Coastal Wind Speed"", ""feature_value"": 22.4, ""shap_value"": 0.46, ""impact"": 0.46}, {""feature_key"": ""capacity_baseline"", ""feature_name"": ""Station Theoretical Capacity"", ""feature_value"": 6500.0, ""shap_value"": 0.43, ""impact"": 0.43}]","[{""feature_key"": ""lag_1"", ""feature_name"": ""Recent Congestion (1h ago)"", ""feature_value"": 57.5, ""shap_value"": -1.08, ""impact"": -1.08}, {""feature_key"": ""lag_foot_1"", ""feature_name"": ""Recent Foot-Traffic (1h ago)"", ""feature_value"": 3737.0, ""shap_value"": -0.83, ""impact"": -0.83}, {""feature_key"": ""precip_mm"", ""feature_name"": ""Rainfall Intensity"", ""feature_value"": 8.45, ""shap_value"": -0.61, ""impact"": -0.61}, {""feature_key"": ""lag_24"", ""feature_name"": ""Yesterday's Same-Hour Congestion"", ""feature_value"": 59.1, ""shap_value"": -0.6, ""impact"": -0.6}, {""feature_key"": ""transit_pressure_ratio"", ""feature_name"": ""Transit Demand-to-Supply Ratio"", ""feature_value"": 5.58, ""shap_value"": -0.46, ""impact"": -0.46}]",60.24
2877,MAA_SANTHOME_BASILICA,2026-09-25T17:00:00,2026-09-23T20:00:00,45,85.9,SEVERE,33.7,Thunderstorm / Rain,16,"[{""feature_key"": ""lag_168"", ""feature_name"": ""Same Time Last Week Congestion"", ""feature_value"": 86.0, ""shap_value"": 18.39, ""impact"": 18.39}, {""feature_key"": ""hour_sin"", ""feature_name"": ""Time of Day (Peak Window)"", ""feature_value"": -0.97, ""shap_value"": 2.67, ""impact"": 2.67}, {""feature_key"": ""lag_foot_24"", ""feature_name"": ""Yesterday's Foot-Traffic"", ""feature_value"": 5856.0, ""shap_value"": 2.36, ""impact"": 2.36}, {""feature_key"": ""lag_24"", ""feature_name"": ""Yesterday's Same-Hour Congestion"", ""feature_value"": 90.1, ""shap_value"": 2.16, ""impact"": 2.16}, {""feature_key"": ""hour_cos"", ""feature_name"": ""Time of Day (Diurnal Cycle)"", ""feature_value"": -0.26, ""shap_value"": 1.87, ""impact"": 1.87}]","[{""feature_key"": ""lag_1"", ""feature_name"": ""Recent Congestion (1h ago)"", ""feature_value"": 63.1, ""shap_value"": -1.56, ""impact"": -1.56}, {""feature_key"": ""weather_tourism_suppression"", ""feature_name"": ""Weather Tourist Dampening Index"", ""feature_value"": 1.66, ""shap_value"": -1.41, ""impact"": -1.41}, {""feature_key"": ""lag_foot_1"", ""feature_name"": ""Recent Foot-Traffic (1h ago)"", ""feature_value"": 4101.0, ""shap_value"": -0.4, ""impact"": -0.4}, {""feature_key"": ""lag_trips_24"", ""feature_name"": ""Yesterday's Scheduled Transit Trips"", ""feature_value"": 16.0, ""shap_value"": -0.33, ""impact"": -0.33}, {""feature_key"": ""transit_weight"", ""feature_name"": ""Transit Commuter Dominance"", ""feature_value"": 0.35, ""shap_value"": -0.32, ""impact"": -0.32}]",60.24
2878,MAA_SANTHOME_BASILICA,2026-09-25T18:00:00,2026-09-23T20:00:00,46,95.0,SEVERE,32.6,Monsoon Downpour,16,"[{""feature_key"": ""lag_168"", ""feature_name"": ""Same Time Last Week Congestion"", ""feature_value"": 96.7, ""shap_value"": 22.94, ""impact"": 22.94}, {""feature_key"": ""lag_24"", ""feature_name"": ""Yesterday's Same-Hour Congestion"", ""feature_value"": 98.0, ""shap_value"": 2.49, ""impact"": 2.49}, {""feature_key"": ""lag_foot_24"", ""feature_name"": ""Yesterday's Foot-Traffic"", ""feature_value"": 6370.0, ""shap_value"": 2.32, ""impact"": 2.32}, {""feature_key"": ""hour_sin"", ""feature_name"": ""Time of Day (Peak Window)"", ""feature_value"": -1.0, ""shap_value"": 2.03, ""impact"": 2.03}, {""feature_key"": ""lag_1"", ""feature_name"": ""Recent Congestion (1h ago)"", ""feature_value"": 85.9, ""shap_value"": 1.92, ""impact"": 1.92}]","[{""feature_key"": ""weather_tourism_suppression"", ""feature_name"": ""Weather Tourist Dampening Index"", ""feature_value"": 1.66, ""shap_value"": -0.66, ""impact"": -0.66}, {""feature_key"": ""dow_sin"", ""feature_name"": ""Weekly Schedule Cycle"", ""feature_value"": -0.43, ""shap_value"": -0.3, ""impact"": -0.3}, {""feature_key"": ""lag_trips_24"", ""feature_name"": ""Yesterday's Scheduled Transit Trips"", ""feature_value"": 16.0, ""shap_value"": -0.21, ""impact"": -0.21}, {""feature_key"": ""transit_weight"", ""feature_name"": ""Transit Commuter Dominance"", ""feature_value"": 0.35, ""shap_value"": -0.19, ""impact"": -0.19}, {""feature_key"": ""weather_transit_surge"", ""feature_name"": ""Rainfall Transit Inflow Surge"", ""feature_value"": 0.56, ""shap_value"": -0.12, ""impact"": -0.12}]",60.24
2879,MAA_SANTHOME_BASILICA,2026-09-25T19:00:00,2026-09-23T20:00:00,47,93.1,SEVERE,31.3,Monsoon Downpour,16,"[{""feature_key"": ""lag_168"", ""feature_name"": ""Same Time Last Week Congestion"", ""feature_value"": 98.5, ""shap_value"": 24.08, ""impact"": 24.08}, {""feature_key"": ""lag_1"", ""feature_name"": ""Recent Congestion (1h ago)"", ""feature_value"": 95.0, ""shap_value"": 2.49, ""impact"": 2.49}, {""feature_key"": ""lag_foot_24"", ""feature_name"": ""Yesterday's Foot-Traffic"", ""feature_value"": 6389.0, ""shap_value"": 2.24, ""impact"": 2.24}, {""feature_key"": ""lag_24"", ""feature_name"": ""Yesterday's Same-Hour Congestion"", ""feature_value"": 98.3, ""shap_value"": 2.17, ""impact"": 2.17}, {""feature_key"": ""hour_sin"", ""feature_name"": ""Time of Day (Peak Window)"", ""feature_value"": -0.97, ""shap_value"": 1.53, ""impact"": 1.53}]","[{""feature_key"": ""precip_mm"", ""feature_name"": ""Rainfall Intensity"", ""feature_value"": 9.73, ""shap_value"": -1.11, ""impact"": -1.11}, {""feature_key"": ""weather_tourism_suppression"", ""feature_name"": ""Weather Tourist Dampening Index"", ""feature_value"": 1.66, ""shap_value"": -0.77, ""impact"": -0.77}, {""feature_key"": ""dow_sin"", ""feature_name"": ""Weekly Schedule Cycle"", ""feature_value"": -0.43, ""shap_value"": -0.35, ""impact"": -0.35}, {""feature_key"": ""transit_weight"", ""feature_name"": ""Transit Commuter Dominance"", ""feature_value"": 0.35, ""shap_value"": -0.33, ""impact"": -0.33}, {""feature_key"": ""weather_transit_surge"", ""feature_name"": ""Rainfall Transit Inflow Surge"", ""feature_value"": 0.56, ""shap_value"": -0.19, ""impact"": -0.19}]",60.24
2880,MAA_SANTHOME_BASILICA,2026-09-25T20:00:00,2026-09-23T20:00:00,48,88.6,SEVERE,30.0,Thunderstorm / Rain,16,"[{""feature_key"": ""lag_168"", ""feature_name"": ""Same Time Last Week Congestion"", ""feature_value"": 81.5, ""shap_value"": 15.93, ""impact"": 15.93}, {""feature_key"": ""lag_24"", ""feature_name"": ""Yesterday's Same-Hour Congestion"", ""feature_value"": 89.3, ""shap_value"": 2.81, ""impact"": 2.81}, {""feature_key"": ""lag_1"", ""feature_name"": ""Recent Congestion (1h ago)"", ""feature_value"": 93.1, ""shap_value"": 2.56, ""impact"": 2.56}, {""feature_key"": ""lag_foot_24"", ""feature_name"": ""Yesterday's Foot-Traffic"", ""feature_value"": 5804.0, ""shap_value"": 2.4, ""impact"": 2.4}, {""feature_key"": ""hour_sin"", ""feature_name"": ""Time of Day (Peak Window)"", ""feature_value"": -0.87, ""shap_value"": 1.94, ""impact"": 1.94}]","[{""feature_key"": ""weather_tourism_suppression"", ""feature_name"": ""Weather Tourist Dampening Index"", ""feature_value"": 1.66, ""shap_value"": -0.74, ""impact"": -0.74}, {""feature_key"": ""lag_3"", ""feature_name"": ""Short-term Congestion (3h ago)"", ""feature_value"": 85.9, ""shap_value"": -0.57, ""impact"": -0.57}, {""feature_key"": ""dow_sin"", ""feature_name"": ""Weekly Schedule Cycle"", ""feature_value"": -0.43, ""shap_value"": -0.49, ""impact"": -0.49}, {""feature_key"": ""lag_trips_24"", ""feature_name"": ""Yesterday's Scheduled Transit Trips"", ""feature_value"": 16.0, ""shap_value"": -0.34, ""impact"": -0.34}, {""feature_key"": ""hour_cos"", ""feature_name"": ""Time of Day (Diurnal Cycle)"", ""feature_value"": 0.5, ""shap_value"": -0.14, ""impact"": -0.14}]",60.24
2881,MAA_KOYAMBEDU_CMBT,2026-09-23T21:00:00,2026-09-23T20:00:00,1,73.2,HIGH,29.6,Sunny & Warm,6,"[{""feature_key"": ""lag_168"", ""feature_name"": ""Same Time Last Week Congestion"", ""feature_value"": 70.0, ""shap_value"": 9.58, ""impact"": 9.58}, {""feature_key"": ""lag_1"", ""feature_name"": ""Recent Congestion (1h ago)"", ""feature_value"": 98.5, ""shap_value"": 4.35, ""impact"": 4.35}, {""feature_key"": ""lag_foot_1"", ""feature_name"": ""Recent Foot-Traffic (1h ago)"", ""feature_value"": 16861.0, ""shap_value"": 2.62, ""impact"": 2.62}, {""feature_key"": ""lag_foot_24"", ""feature_name"": ""Yesterday's Foot-Traffic"", ""feature_value"": 9015.0, ""shap_value"": 2.31, ""impact"": 2.31}, {""feature_key"": ""temp_c"", ""feature_name"": ""Ambient Temperature"", ""feature_value"": 29.6, ""shap_value"": 0.81, ""impact"": 0.81}]","[{""feature_key"": ""transit_pressure_ratio"", ""feature_name"": ""Transit Demand-to-Supply Ratio"", ""feature_value"": 10.9, ""shap_value"": -1.92, ""impact"": -1.92}, {""feature_key"": ""hour_cos"", ""feature_name"": ""Time of Day (Diurnal Cycle)"", ""feature_value"": 0.71, ""shap_value"": -1.23, ""impact"": -1.23}, {""feature_key"": ""dow_sin"", ""feature_name"": ""Weekly Schedule Cycle"", ""feature_value"": 0.97, ""shap_value"": -0.78, ""impact"": -0.78}, {""feature_key"": ""lag_3"", ""feature_name"": ""Short-term Congestion (3h ago)"", ""feature_value"": 98.5, ""shap_value"": -0.77, ""impact"": -0.77}, {""feature_key"": ""scheduled_trips"", ""feature_name"": ""Transit Dispatch Frequency"", ""feature_value"": 6.0, ""shap_value"": -0.76, ""impact"": -0.76}]",60.24
2882,MAA_KOYAMBEDU_CMBT,2026-09-23T22:00:00,2026-09-23T20:00:00,2,44.4,MODERATE,26.8,Sunny & Warm,6,"[{""feature_key"": ""lag_1"", ""feature_name"": ""Recent Congestion (1h ago)"", ""feature_value"": 73.2, ""shap_value"": 1.99, ""impact"": 1.99}, {""feature_key"": ""lag_foot_1"", ""feature_name"": ""Recent Foot-Traffic (1h ago)"", ""feature_value"": 9882.0, ""shap_value"": 0.84, ""impact"": 0.84}, {""feature_key"": ""temp_c"", ""feature_name"": ""Ambient Temperature"", ""feature_value"": 26.8, ""shap_value"": 0.45, ""impact"": 0.45}, {""feature_key"": ""lag_foot_24"", ""feature_name"": ""Yesterday's Foot-Traffic"", ""feature_value"": 3338.0, ""shap_value"": 0.33, ""impact"": 0.33}, {""feature_key"": ""lag_trips_24"", ""feature_name"": ""Yesterday's Scheduled Transit Trips"", ""feature_value"": 6.0, ""shap_value"": 0.26, ""impact"": 0.26}]","[{""feature_key"": ""lag_168"", ""feature_name"": ""Same Time Last Week Congestion"", ""feature_value"": 39.5, ""shap_value"": -10.42, ""impact"": -10.42}, {""feature_key"": ""hour_cos"", ""feature_name"": ""Time of Day (Diurnal Cycle)"", ""feature_value"": 0.87, ""shap_value"": -2.27, ""impact"": -2.27}, {""feature_key"": ""transit_pressure_ratio"", ""feature_name"": ""Transit Demand-to-Supply Ratio"", ""feature_value"": 10.92, ""shap_value"": -1.33, ""impact"": -1.33}, {""feature_key"": ""lag_24"", ""feature_name"": ""Yesterday's Same-Hour Congestion"", ""feature_value"": 39.5, ""shap_value"": -1.0, ""impact"": -1.0}, {""feature_key"": ""hour_sin"", ""feature_name"": ""Time of Day (Peak Window)"", ""feature_value"": -0.5, ""shap_value"": -0.98, ""impact"": -0.98}]",60.24
2883,MAA_KOYAMBEDU_CMBT,2026-09-23T23:00:00,2026-09-23T20:00:00,3,31.8,LOW,26.4,Sunny & Warm,6,"[{""feature_key"": ""lag_foot_1"", ""feature_name"": ""Recent Foot-Traffic (1h ago)"", ""feature_value"": 5994.0, ""shap_value"": 0.44, ""impact"": 0.44}, {""feature_key"": ""lag_trips_24"", ""feature_name"": ""Yesterday's Scheduled Transit Trips"", ""feature_value"": 6.0, ""shap_value"": 0.26, ""impact"": 0.26}, {""feature_key"": ""dow_cos"", ""feature_name"": ""Day of Week Alignment"", ""feature_value"": -0.22, ""shap_value"": 0.09, ""impact"": 0.09}, {""feature_key"": ""transit_weight"", ""feature_name"": ""Transit Commuter Dominance"", ""feature_value"": 0.92, ""shap_value"": 0.07, ""impact"": 0.07}, {""feature_key"": ""lag_2"", ""feature_name"": ""Short-term Congestion (2h ago)"", ""feature_value"": 73.2, ""shap_value"": 0.05, ""impact"": 0.05}]","[{""feature_key"": ""lag_168"", ""feature_name"": ""Same Time Last Week Congestion"", ""feature_value"": 34.6, ""shap_value"": -16.41, ""impact"": -16.41}, {""feature_key"": ""hour_cos"", ""feature_name"": ""Time of Day (Diurnal Cycle)"", ""feature_value"": 0.97, ""shap_value"": -2.64, ""impact"": -2.64}, {""feature_key"": ""lag_1"", ""feature_name"": ""Recent Congestion (1h ago)"", ""feature_value"": 44.4, ""shap_value"": -1.61, ""impact"": -1.61}, {""feature_key"": ""lag_foot_24"", ""feature_name"": ""Yesterday's Foot-Traffic"", ""feature_value"": 1257.0, ""shap_value"": -1.35, ""impact"": -1.35}, {""feature_key"": ""hour_sin"", ""feature_name"": ""Time of Day (Peak Window)"", ""feature_value"": -0.26, ""shap_value"": -1.21, ""impact"": -1.21}]",60.24
2884,MAA_KOYAMBEDU_CMBT,2026-09-24T00:00:00,2026-09-23T20:00:00,4,22.6,LOW,25.6,Humid / Overcast,8,"[{""feature_key"": ""lag_trips_24"", ""feature_name"": ""Yesterday's Scheduled Transit Trips"", ""feature_value"": 6.0, ""shap_value"": 0.2, ""impact"": 0.2}, {""feature_key"": ""transit_weight"", ""feature_name"": ""Transit Commuter Dominance"", ""feature_value"": 0.92, ""shap_value"": 0.07, ""impact"": 0.07}, {""feature_key"": ""temp_c"", ""feature_name"": ""Ambient Temperature"", ""feature_value"": 25.6, ""shap_value"": 0.06, ""impact"": 0.06}, {""feature_key"": ""capacity_baseline"", ""feature_name"": ""Station Theoretical Capacity"", ""feature_value"": 13500.0, ""shap_value"": 0.05, ""impact"": 0.05}]","[{""feature_key"": ""lag_168"", ""feature_name"": ""Same Time Last Week Congestion"", ""feature_value"": 29.3, ""shap_value"": -22.61, ""impact"": -22.61}, {""feature_key"": ""lag_foot_24"", ""feature_name"": ""Yesterday's Foot-Traffic"", ""feature_value"": 687.0, ""shap_value"": -3.61, ""impact"": -3.61}, {""feature_key"": ""lag_24"", ""feature_name"": ""Yesterday's Same-Hour Congestion"", ""feature_value"": 21.1, ""shap_value"": -2.94, ""impact"": -2.94}, {""feature_key"": ""hour_cos"", ""feature_name"": ""Time of Day (Diurnal Cycle)"", ""feature_value"": 1.0, ""shap_value"": -2.46, ""impact"": -2.46}, {""feature_key"": ""lag_1"", ""feature_name"": ""Recent Congestion (1h ago)"", ""feature_value"": 31.8, ""shap_value"": -2.41, ""impact"": -2.41}]",60.24
2885,MAA_KOYAMBEDU_CMBT,2026-09-24T01:00:00,2026-09-23T20:00:00,5,25.7,LOW,26.0,Humid / Overcast,8,"[{""feature_key"": ""lag_trips_24"", ""feature_name"": ""Yesterday's Scheduled Transit Trips"", ""feature_value"": 6.0, ""shap_value"": 0.25, ""impact"": 0.25}, {""feature_key"": ""lag_3"", ""feature_name"": ""Short-term Congestion (3h ago)"", ""feature_value"": 44.4, ""shap_value"": 0.24, ""impact"": 0.24}, {""feature_key"": ""temp_c"", ""feature_name"": ""Ambient Temperature"", ""feature_value"": 26.0, ""shap_value"": 0.08, ""impact"": 0.08}, {""feature_key"": ""roll_mean_6h"", ""feature_name"": ""6-Hour Moving Congestion Trend"", ""feature_value"": 61.5, ""shap_value"": 0.07, ""impact"": 0.07}, {""feature_key"": ""transit_weight"", ""feature_name"": ""Transit Commuter Dominance"", ""feature_value"": 0.92, ""shap_value"": 0.05, ""impact"": 0.05}]","[{""feature_key"": ""lag_168"", ""feature_name"": ""Same Time Last Week Congestion"", ""feature_value"": 35.2, ""shap_value"": -17.99, ""impact"": -17.99}, {""feature_key"": ""lag_foot_24"", ""feature_name"": ""Yesterday's Foot-Traffic"", ""feature_value"": 776.0, ""shap_value"": -4.12, ""impact"": -4.12}, {""feature_key"": ""lag_1"", ""feature_name"": ""Recent Congestion (1h ago)"", ""feature_value"": 22.6, ""shap_value"": -2.91, ""impact"": -2.91}, {""feature_key"": ""hour_cos"", ""feature_name"": ""Time of Day (Diurnal Cycle)"", ""feature_value"": 0.97, ""shap_value"": -2.41, ""impact"": -2.41}, {""feature_key"": ""lag_24"", ""feature_name"": ""Yesterday's Same-Hour Congestion"", ""feature_value"": 23.8, ""shap_value"": -2.34, ""impact"": -2.34}]",60.24
2886,MAA_KOYAMBEDU_CMBT,2026-09-24T02:00:00,2026-09-23T20:00:00,6,29.5,LOW,24.6,Humid / Overcast,8,"[{""feature_key"": ""lag_3"", ""feature_name"": ""Short-term Congestion (3h ago)"", ""feature_value"": 31.8, ""shap_value"": 0.37, ""impact"": 0.37}, {""feature_key"": ""lag_trips_24"", ""feature_name"": ""Yesterday's Scheduled Transit Trips"", ""feature_value"": 6.0, ""shap_value"": 0.25, ""impact"": 0.25}, {""feature_key"": ""temp_c"", ""feature_name"": ""Ambient Temperature"", ""feature_value"": 24.6, ""shap_value"": 0.16, ""impact"": 0.16}, {""feature_key"": ""roll_mean_6h"", ""feature_name"": ""6-Hour Moving Congestion Trend"", ""feature_value"": 49.37, ""shap_value"": 0.1, ""impact"": 0.1}, {""feature_key"": ""transit_weight"", ""feature_name"": ""Transit Commuter Dominance"", ""feature_value"": 0.92, ""shap_value"": 0.02, ""impact"": 0.02}]","[{""feature_key"": ""lag_168"", ""feature_name"": ""Same Time Last Week Congestion"", ""feature_value"": 36.8, ""shap_value"": -16.57, ""impact"": -16.57}, {""feature_key"": ""lag_foot_24"", ""feature_name"": ""Yesterday's Foot-Traffic"", ""feature_value"": 930.0, ""shap_value"": -4.09, ""impact"": -4.09}, {""feature_key"": ""lag_1"", ""feature_name"": ""Recent Congestion (1h ago)"", ""feature_value"": 25.7, ""shap_value"": -2.97, ""impact"": -2.97}, {""feature_key"": ""hour_cos"", ""feature_name"": ""Time of Day (Diurnal Cycle)"", ""feature_value"": 0.87, ""shap_value"": -1.9, ""impact"": -1.9}, {""feature_key"": ""lag_24"", ""feature_name"": ""Yesterday's Same-Hour Congestion"", ""feature_value"": 28.5, ""shap_value"": -1.61, ""impact"": -1.61}]",60.24
2887,MAA_KOYAMBEDU_CMBT,2026-09-24T03:00:00,2026-09-23T20:00:00,7,38.0,MODERATE,24.9,Monsoon Downpour,8,"[{""feature_key"": ""weather_transit_surge"", ""feature_name"": ""Rainfall Transit Inflow Surge"", ""feature_value"": 1.47, ""shap_value"": 3.29, ""impact"": 3.29}, {""feature_key"": ""precip_mm"", ""feature_name"": ""Rainfall Intensity"", ""feature_value"": 12.63, ""shap_value"": 2.55, ""impact"": 2.55}, {""feature_key"": ""weather_tourism_suppression"", ""feature_name"": ""Weather Tourist Dampening Index"", ""feature_value"": 0.72, ""shap_value"": 1.21, ""impact"": 1.21}, {""feature_key"": ""is_rain"", ""feature_name"": ""Rain Weather Friction"", ""feature_value"": 1.0, ""shap_value"": 0.45, ""impact"": 0.45}, {""feature_key"": ""lag_3"", ""feature_name"": ""Short-term Congestion (3h ago)"", ""feature_value"": 22.6, ""shap_value"": 0.26, ""impact"": 0.26}]","[{""feature_key"": ""lag_168"", ""feature_name"": ""Same Time Last Week Congestion"", ""feature_value"": 27.0, ""shap_value"": -21.55, ""impact"": -21.55}, {""feature_key"": ""lag_foot_24"", ""feature_name"": ""Yesterday's Foot-Traffic"", ""feature_value"": 966.0, ""shap_value"": -2.45, ""impact"": -2.45}, {""feature_key"": ""lag_1"", ""feature_name"": ""Recent Congestion (1h ago)"", ""feature_value"": 29.5, ""shap_value"": -2.3, ""impact"": -2.3}, {""feature_key"": ""hour_cos"", ""feature_name"": ""Time of Day (Diurnal Cycle)"", ""feature_value"": 0.71, ""shap_value"": -1.28, ""impact"": -1.28}, {""feature_key"": ""lag_24"", ""feature_name"": ""Yesterday's Same-Hour Congestion"", ""feature_value"": 29.6, ""shap_value"": -1.2, ""impact"": -1.2}]",60.24
2888,MAA_KOYAMBEDU_CMBT,2026-09-24T04:00:00,2026-09-23T20:00:00,8,47.0,MODERATE,27.2,Monsoon Downpour,8,"[{""feature_key"": ""precip_mm"", ""feature_name"": ""Rainfall Intensity"", ""feature_value"": 13.93, ""shap_value"": 3.28, ""impact"": 3.28}, {""feature_key"": ""weather_transit_surge"", ""feature_name"": ""Rainfall Transit Inflow Surge"", ""feature_value"": 1.47, ""shap_value"": 2.99, ""impact"": 2.99}, {""feature_key"": ""weather_tourism_suppression"", ""feature_name"": ""Weather Tourist Dampening Index"", ""feature_value"": 0.72, ""shap_value"": 1.46, ""impact"": 1.46}, {""feature_key"": ""lag_foot_1"", ""feature_name"": ""Recent Foot-Traffic (1h ago)"", ""feature_value"": 5130.0, ""shap_value"": 1.19, ""impact"": 1.19}, {""feature_key"": ""temp_c"", ""feature_name"": ""Ambient Temperature"", ""feature_value"": 27.2, ""shap_value"": 0.63, ""impact"": 0.63}]","[{""feature_key"": ""lag_168"", ""feature_name"": ""Same Time Last Week Congestion"", ""feature_value"": 31.8, ""shap_value"": -18.53, ""impact"": -18.53}, {""feature_key"": ""lag_1"", ""feature_name"": ""Recent Congestion (1h ago)"", ""feature_value"": 38.0, ""shap_value"": -2.23, ""impact"": -2.23}, {""feature_key"": ""lag_foot_24"", ""feature_name"": ""Yesterday's Foot-Traffic"", ""feature_value"": 1065.0, ""shap_value"": -1.25, ""impact"": -1.25}, {""feature_key"": ""lag_24"", ""feature_name"": ""Yesterday's Same-Hour Congestion"", ""feature_value"": 31.1, ""shap_value"": -1.0, ""impact"": -1.0}, {""feature_key"": ""hour_cos"", ""feature_name"": ""Time of Day (Diurnal Cycle)"", ""feature_value"": 0.5, ""shap_value"": -0.86, ""impact"": -0.86}]",60.24
2889,MAA_KOYAMBEDU_CMBT,2026-09-24T05:00:00,2026-09-23T20:00:00,9,50.8,MODERATE,25.6,Monsoon Downpour,6,"[{""feature_key"": ""precip_mm"", ""feature_name"": ""Rainfall Intensity"", ""feature_value"": 9.92, ""shap_value"": 3.36, ""impact"": 3.36}, {""feature_key"": ""weather_transit_surge"", ""feature_name"": ""Rainfall Transit Inflow Surge"", ""feature_value"": 1.47, ""shap_value"": 3.01, ""impact"": 3.01}, {""feature_key"": ""weather_tourism_suppression"", ""feature_name"": ""Weather Tourist Dampening Index"", ""feature_value"": 0.72, ""shap_value"": 1.16, ""impact"": 1.16}, {""feature_key"": ""lag_foot_1"", ""feature_name"": ""Recent Foot-Traffic (1h ago)"", ""feature_value"": 6345.0, ""shap_value"": 1.03, ""impact"": 1.03}, {""feature_key"": ""hour_sin"", ""feature_name"": ""Time of Day (Peak Window)"", ""feature_value"": 0.97, ""shap_value"": 0.83, ""impact"": 0.83}]","[{""feature_key"": ""lag_168"", ""feature_name"": ""Same Time Last Week Congestion"", ""feature_value"": 32.3, ""shap_value"": -18.23, ""impact"": -18.23}, {""feature_key"": ""lag_1"", ""feature_name"": ""Recent Congestion (1h ago)"", ""feature_value"": 47.0, ""shap_value"": -1.12, ""impact"": -1.12}, {""feature_key"": ""transit_pressure_ratio"", ""feature_name"": ""Transit Demand-to-Supply Ratio"", ""feature_value"": 11.15, ""shap_value"": -0.89, ""impact"": -0.89}, {""feature_key"": ""hour_cos"", ""feature_name"": ""Time of Day (Diurnal Cycle)"", ""feature_value"": 0.26, ""shap_value"": -0.72, ""impact"": -0.72}, {""feature_key"": ""feels_like_c"", ""feature_name"": ""Apparent Feels-Like Temperature"", ""feature_value"": 27.4, ""shap_value"": -0.57, ""impact"": -0.57}]",60.24
2890,MAA_KOYAMBEDU_CMBT,2026-09-24T06:00:00,2026-09-23T20:00:00,10,69.1,HIGH,28.9,Monsoon Downpour,6,"[{""feature_key"": ""weather_transit_surge"", ""feature_name"": ""Rainfall Transit Inflow Surge"", ""feature_value"": 1.47, ""shap_value"": 4.04, ""impact"": 4.04}, {""feature_key"": ""lag_foot_24"", ""feature_name"": ""Yesterday's Foot-Traffic"", ""feature_value"": 5498.0, ""shap_value"": 3.27, ""impact"": 3.27}, {""feature_key"": ""precip_mm"", ""feature_name"": ""Rainfall Intensity"", ""feature_value"": 13.58, ""shap_value"": 2.59, ""impact"": 2.59}, {""feature_key"": ""lag_foot_1"", ""feature_name"": ""Recent Foot-Traffic (1h ago)"", ""feature_value"": 6858.0, ""shap_value"": 1.27, ""impact"": 1.27}, {""feature_key"": ""hour_cos"", ""feature_name"": ""Time of Day (Diurnal Cycle)"", ""feature_value"": 0.0, ""shap_value"": 1.26, ""impact"": 1.26}]","[{""feature_key"": ""lag_168"", ""feature_name"": ""Same Time Last Week Congestion"", ""feature_value"": 50.9, ""shap_value"": -4.1, ""impact"": -4.1}, {""feature_key"": ""lag_1"", ""feature_name"": ""Recent Congestion (1h ago)"", ""feature_value"": 50.8, ""shap_value"": -1.55, ""impact"": -1.55}, {""feature_key"": ""lag_24"", ""feature_name"": ""Yesterday's Same-Hour Congestion"", ""feature_value"": 47.3, ""shap_value"": -1.5, ""impact"": -1.5}, {""feature_key"": ""transit_pressure_ratio"", ""feature_name"": ""Transit Demand-to-Supply Ratio"", ""feature_value"": 11.22, ""shap_value"": -1.12, ""impact"": -1.12}, {""feature_key"": ""scheduled_trips"", ""feature_name"": ""Transit Dispatch Frequency"", ""feature_value"": 6.0, ""shap_value"": -0.83, ""impact"": -0.83}]",60.24
2891,MAA_KOYAMBEDU_CMBT,2026-09-24T07:00:00,2026-09-23T20:00:00,11,94.1,SEVERE,29.8,Monsoon Downpour,6,"[{""feature_key"": ""lag_168"", ""feature_name"": ""Same Time Last Week Congestion"", ""feature_value"": 98.5, ""shap_value"": 20.43, ""impact"": 20.43}, {""feature_key"": ""weather_transit_surge"", ""feature_name"": ""Rainfall Transit Inflow Surge"", ""feature_value"": 1.47, ""shap_value"": 4.35, ""impact"": 4.35}, {""feature_key"": ""lag_foot_24"", ""feature_name"": ""Yesterday's Foot-Traffic"", ""feature_value"": 11814.0, ""shap_value"": 2.27, ""impact"": 2.27}, {""feature_key"": ""hour_cos"", ""feature_name"": ""Time of Day (Diurnal Cycle)"", ""feature_value"": -0.26, ""shap_value"": 1.49, ""impact"": 1.49}, {""feature_key"": ""lag_foot_1"", ""feature_name"": ""Recent Foot-Traffic (1h ago)"", ""feature_value"": 9328.0, ""shap_value"": 1.38, ""impact"": 1.38}]","[{""feature_key"": ""transit_pressure_ratio"", ""feature_name"": ""Transit Demand-to-Supply Ratio"", ""feature_value"": 11.37, ""shap_value"": -2.81, ""impact"": -2.81}, {""feature_key"": ""scheduled_trips"", ""feature_name"": ""Transit Dispatch Frequency"", ""feature_value"": 6.0, ""shap_value"": -0.45, ""impact"": -0.45}, {""feature_key"": ""humidity_pct"", ""feature_name"": ""Marine Layer / Humidity"", ""feature_value"": 78.0, ""shap_value"": -0.14, ""impact"": -0.14}, {""feature_key"": ""capacity_baseline"", ""feature_name"": ""Station Theoretical Capacity"", ""feature_value"": 13500.0, ""shap_value"": -0.13, ""impact"": -0.13}, {""feature_key"": ""roll_std_24h"", ""feature_name"": ""24-Hour Crowd Volatility"", ""feature_value"": 25.98, ""shap_value"": -0.12, ""impact"": -0.12}]",60.24
2892,MAA_KOYAMBEDU_CMBT,2026-09-24T08:00:00,2026-09-23T20:00:00,12,96.5,SEVERE,31.0,Sunny & Warm,16,"[{""feature_key"": ""lag_168"", ""feature_name"": ""Same Time Last Week Congestion"", ""feature_value"": 98.5, ""shap_value"": 26.08, ""impact"": 26.08}, {""feature_key"": ""lag_1"", ""feature_name"": ""Recent Congestion (1h ago)"", ""feature_value"": 94.1, ""shap_value"": 2.84, ""impact"": 2.84}, {""feature_key"": ""lag_foot_24"", ""feature_name"": ""Yesterday's Foot-Traffic"", ""feature_value"": 15011.0, ""shap_value"": 2.61, ""impact"": 2.61}, {""feature_key"": ""lag_24"", ""feature_name"": ""Yesterday's Same-Hour Congestion"", ""feature_value"": 98.2, ""shap_value"": 2.22, ""impact"": 2.22}, {""feature_key"": ""lag_foot_1"", ""feature_name"": ""Recent Foot-Traffic (1h ago)"", ""feature_value"": 12703.0, ""shap_value"": 1.52, ""impact"": 1.52}]","[{""feature_key"": ""hour_sin"", ""feature_name"": ""Time of Day (Peak Window)"", ""feature_value"": 0.87, ""shap_value"": -0.56, ""impact"": -0.56}, {""feature_key"": ""weather_transit_surge"", ""feature_name"": ""Rainfall Transit Inflow Surge"", ""feature_value"": 0.0, ""shap_value"": -0.34, ""impact"": -0.34}, {""feature_key"": ""lag_trips_24"", ""feature_name"": ""Yesterday's Scheduled Transit Trips"", ""feature_value"": 16.0, ""shap_value"": -0.31, ""impact"": -0.31}, {""feature_key"": ""lag_trips_1"", ""feature_name"": ""Recent Transit Trips Count"", ""feature_value"": 6.0, ""shap_value"": -0.25, ""impact"": -0.25}, {""feature_key"": ""dow_sin"", ""feature_name"": ""Weekly Schedule Cycle"", ""feature_value"": 0.43, ""shap_value"": -0.21, ""impact"": -0.21}]",60.24
2893,MAA_KOYAMBEDU_CMBT,2026-09-24T09:00:00,2026-09-23T20:00:00,13,96.6,SEVERE,31.6,Sunny & Warm,16,"[{""feature_key"": ""lag_168"", ""feature_name"": ""Same Time Last Week Congestion"", ""feature_value"": 98.5, ""shap_value"": 26.19, ""impact"": 26.19}, {""feature_key"": ""lag_1"", ""feature_name"": ""Recent Congestion (1h ago)"", ""feature_value"": 96.5, ""shap_value"": 3.03, ""impact"": 3.03}, {""feature_key"": ""lag_foot_24"", ""feature_name"": ""Yesterday's Foot-Traffic"", ""feature_value"": 17200.0, ""shap_value"": 2.53, ""impact"": 2.53}, {""feature_key"": ""lag_24"", ""feature_name"": ""Yesterday's Same-Hour Congestion"", ""feature_value"": 96.7, ""shap_value"": 2.19, ""impact"": 2.19}, {""feature_key"": ""lag_foot_1"", ""feature_name"": ""Recent Foot-Traffic (1h ago)"", ""feature_value"": 13027.0, ""shap_value"": 1.64, ""impact"": 1.64}]","[{""feature_key"": ""hour_sin"", ""feature_name"": ""Time of Day (Peak Window)"", ""feature_value"": 0.71, ""shap_value"": -0.41, ""impact"": -0.41}, {""feature_key"": ""weather_transit_surge"", ""feature_name"": ""Rainfall Transit Inflow Surge"", ""feature_value"": 0.0, ""shap_value"": -0.38, ""impact"": -0.38}, {""feature_key"": ""lag_trips_24"", ""feature_name"": ""Yesterday's Scheduled Transit Trips"", ""feature_value"": 16.0, ""shap_value"": -0.26, ""impact"": -0.26}, {""feature_key"": ""dow_sin"", ""feature_name"": ""Weekly Schedule Cycle"", ""feature_value"": 0.43, ""shap_value"": -0.2, ""impact"": -0.2}, {""feature_key"": ""roll_mean_24h"", ""feature_name"": ""24-Hour Average Baseline"", ""feature_value"": 68.61, ""shap_value"": -0.19, ""impact"": -0.19}]",60.24
2894,MAA_KOYAMBEDU_CMBT,2026-09-24T10:00:00,2026-09-23T20:00:00,14,88.3,SEVERE,34.0,Sunny & Warm,16,"[{""feature_key"": ""lag_168"", ""feature_name"": ""Same Time Last Week Congestion"", ""feature_value"": 98.5, ""shap_value"": 23.69, ""impact"": 23.69}, {""feature_key"": ""lag_1"", ""feature_name"": ""Recent Congestion (1h ago)"", ""feature_value"": 96.6, ""shap_value"": 3.14, ""impact"": 3.14}, {""feature_key"": ""lag_foot_24"", ""feature_name"": ""Yesterday's Foot-Traffic"", ""feature_value"": 14661.0, ""shap_value"": 2.53, ""impact"": 2.53}, {""feature_key"": ""lag_foot_1"", ""feature_name"": ""Recent Foot-Traffic (1h ago)"", ""feature_value"": 13041.0, ""shap_value"": 1.58, ""impact"": 1.58}, {""feature_key"": ""lag_24"", ""feature_name"": ""Yesterday's Same-Hour Congestion"", ""feature_value"": 91.9, ""shap_value"": 1.08, ""impact"": 1.08}]","[{""feature_key"": ""hour_cos"", ""feature_name"": ""Time of Day (Diurnal Cycle)"", ""feature_value"": -0.87, ""shap_value"": -2.23, ""impact"": -2.23}, {""feature_key"": ""hour_sin"", ""feature_name"": ""Time of Day (Peak Window)"", ""feature_value"": 0.5, ""shap_value"": -1.16, ""impact"": -1.16}, {""feature_key"": ""weather_transit_surge"", ""feature_name"": ""Rainfall Transit Inflow Surge"", ""feature_value"": 0.0, ""shap_value"": -0.48, ""impact"": -0.48}, {""feature_key"": ""lag_3"", ""feature_name"": ""Short-term Congestion (3h ago)"", ""feature_value"": 94.1, ""shap_value"": -0.46, ""impact"": -0.46}, {""feature_key"": ""dow_sin"", ""feature_name"": ""Weekly Schedule Cycle"", ""feature_value"": 0.43, ""shap_value"": -0.32, ""impact"": -0.32}]",60.24
2895,MAA_KOYAMBEDU_CMBT,2026-09-24T11:00:00,2026-09-23T20:00:00,15,75.9,HIGH,33.3,Sunny & Warm,10,"[{""feature_key"": ""lag_168"", ""feature_name"": ""Same Time Last Week Congestion"", ""feature_value"": 96.6, ""shap_value"": 19.85, ""impact"": 19.85}, {""feature_key"": ""lag_1"", ""feature_name"": ""Recent Congestion (1h ago)"", ""feature_value"": 88.3, ""shap_value"": 2.45, ""impact"": 2.45}, {""feature_key"": ""lag_foot_24"", ""feature_name"": ""Yesterday's Foot-Traffic"", ""feature_value"": 11317.0, ""shap_value"": 1.98, ""impact"": 1.98}, {""feature_key"": ""lag_foot_1"", ""feature_name"": ""Recent Foot-Traffic (1h ago)"", ""feature_value"": 11920.0, ""shap_value"": 1.41, ""impact"": 1.41}, {""feature_key"": ""temp_c"", ""feature_name"": ""Ambient Temperature"", ""feature_value"": 33.3, ""shap_value"": 0.3, ""impact"": 0.3}]","[{""feature_key"": ""hour_cos"", ""feature_name"": ""Time of Day (Diurnal Cycle)"", ""feature_value"": -0.97, ""shap_value"": -4.7, ""impact"": -4.7}, {""feature_key"": ""hour_sin"", ""feature_name"": ""Time of Day (Peak Window)"", ""feature_value"": 0.26, ""shap_value"": -1.54, ""impact"": -1.54}, {""feature_key"": ""scheduled_trips"", ""feature_name"": ""Transit Dispatch Frequency"", ""feature_value"": 10.0, ""shap_value"": -0.79, ""impact"": -0.79}, {""feature_key"": ""lag_3"", ""feature_name"": ""Short-term Congestion (3h ago)"", ""feature_value"": 96.5, ""shap_value"": -0.67, ""impact"": -0.67}, {""feature_key"": ""weather_transit_surge"", ""feature_name"": ""Rainfall Transit Inflow Surge"", ""feature_value"": 0.0, ""shap_value"": -0.59, ""impact"": -0.59}]",60.24
2896,MAA_KOYAMBEDU_CMBT,2026-09-24T12:00:00,2026-09-23T20:00:00,16,60.4,HIGH,35.5,Hot Summer Spell,10,"[{""feature_key"": ""lag_168"", ""feature_name"": ""Same Time Last Week Congestion"", ""feature_value"": 64.5, ""shap_value"": 3.33, ""impact"": 3.33}, {""feature_key"": ""lag_foot_24"", ""feature_name"": ""Yesterday's Foot-Traffic"", ""feature_value"": 7469.0, ""shap_value"": 2.34, ""impact"": 2.34}, {""feature_key"": ""lag_foot_1"", ""feature_name"": ""Recent Foot-Traffic (1h ago)"", ""feature_value"": 10246.0, ""shap_value"": 1.18, ""impact"": 1.18}, {""feature_key"": ""lag_1"", ""feature_name"": ""Recent Congestion (1h ago)"", ""feature_value"": 75.9, ""shap_value"": 0.78, ""impact"": 0.78}, {""feature_key"": ""temp_c"", ""feature_name"": ""Ambient Temperature"", ""feature_value"": 35.5, ""shap_value"": 0.56, ""impact"": 0.56}]","[{""feature_key"": ""hour_sin"", ""feature_name"": ""Time of Day (Peak Window)"", ""feature_value"": 0.0, ""shap_value"": -1.71, ""impact"": -1.71}, {""feature_key"": ""hour_cos"", ""feature_name"": ""Time of Day (Diurnal Cycle)"", ""feature_value"": -1.0, ""shap_value"": -1.5, ""impact"": -1.5}, {""feature_key"": ""lag_24"", ""feature_name"": ""Yesterday's Same-Hour Congestion"", ""feature_value"": 56.2, ""shap_value"": -1.14, ""impact"": -1.14}, {""feature_key"": ""lag_3"", ""feature_name"": ""Short-term Congestion (3h ago)"", ""feature_value"": 96.6, ""shap_value"": -1.12, ""impact"": -1.12}, {""feature_key"": ""roll_mean_6h"", ""feature_name"": ""6-Hour Moving Congestion Trend"", ""feature_value"": 86.75, ""shap_value"": -0.64, ""impact"": -0.64}]",60.24
2897,MAA_KOYAMBEDU_CMBT,2026-09-24T13:00:00,2026-09-23T20:00:00,17,59.9,MODERATE,34.2,Sunny & Warm,10,"[{""feature_key"": ""lag_foot_24"", ""feature_name"": ""Yesterday's Foot-Traffic"", ""feature_value"": 7870.0, ""shap_value"": 2.5, ""impact"": 2.5}, {""feature_key"": ""lag_168"", ""feature_name"": ""Same Time Last Week Congestion"", ""feature_value"": 59.9, ""shap_value"": 2.31, ""impact"": 2.31}, {""feature_key"": ""lag_foot_1"", ""feature_name"": ""Recent Foot-Traffic (1h ago)"", ""feature_value"": 8154.0, ""shap_value"": 0.82, ""impact"": 0.82}, {""feature_key"": ""temp_c"", ""feature_name"": ""Ambient Temperature"", ""feature_value"": 34.2, ""shap_value"": 0.41, ""impact"": 0.41}, {""feature_key"": ""humidity_pct"", ""feature_name"": ""Marine Layer / Humidity"", ""feature_value"": 61.0, ""shap_value"": 0.26, ""impact"": 0.26}]","[{""feature_key"": ""hour_sin"", ""feature_name"": ""Time of Day (Peak Window)"", ""feature_value"": -0.26, ""shap_value"": -1.82, ""impact"": -1.82}, {""feature_key"": ""lag_1"", ""feature_name"": ""Recent Congestion (1h ago)"", ""feature_value"": 60.4, ""shap_value"": -1.01, ""impact"": -1.01}, {""feature_key"": ""hour_cos"", ""feature_name"": ""Time of Day (Diurnal Cycle)"", ""feature_value"": -0.97, ""shap_value"": -0.74, ""impact"": -0.74}, {""feature_key"": ""lag_3"", ""feature_name"": ""Short-term Congestion (3h ago)"", ""feature_value"": 88.3, ""shap_value"": -0.72, ""impact"": -0.72}, {""feature_key"": ""weather_transit_surge"", ""feature_name"": ""Rainfall Transit Inflow Surge"", ""feature_value"": 0.0, ""shap_value"": -0.54, ""impact"": -0.54}]",60.24
2898,MAA_KOYAMBEDU_CMBT,2026-09-24T14:00:00,2026-09-23T20:00:00,18,65.0,HIGH,35.2,Coastal Sea Breeze,10,"[{""feature_key"": ""lag_168"", ""feature_name"": ""Same Time Last Week Congestion"", ""feature_value"": 60.8, ""shap_value"": 3.56, ""impact"": 3.56}, {""feature_key"": ""lag_foot_24"", ""feature_name"": ""Yesterday's Foot-Traffic"", ""feature_value"": 6955.0, ""shap_value"": 2.71, ""impact"": 2.71}, {""feature_key"": ""lag_foot_1"", ""feature_name"": ""Recent Foot-Traffic (1h ago)"", ""feature_value"": 8086.0, ""shap_value"": 0.89, ""impact"": 0.89}, {""feature_key"": ""temp_c"", ""feature_name"": ""Ambient Temperature"", ""feature_value"": 35.2, ""shap_value"": 0.8, ""impact"": 0.8}, {""feature_key"": ""lag_24"", ""feature_name"": ""Yesterday's Same-Hour Congestion"", ""feature_value"": 70.1, ""shap_value"": 0.68, ""impact"": 0.68}]","[{""feature_key"": ""hour_sin"", ""feature_name"": ""Time of Day (Peak Window)"", ""feature_value"": -0.5, ""shap_value"": -1.1, ""impact"": -1.1}, {""feature_key"": ""lag_1"", ""feature_name"": ""Recent Congestion (1h ago)"", ""feature_value"": 59.9, ""shap_value"": -1.04, ""impact"": -1.04}, {""feature_key"": ""weather_transit_surge"", ""feature_name"": ""Rainfall Transit Inflow Surge"", ""feature_value"": 0.0, ""shap_value"": -0.53, ""impact"": -0.53}, {""feature_key"": ""transit_pressure_ratio"", ""feature_name"": ""Transit Demand-to-Supply Ratio"", ""feature_value"": 6.84, ""shap_value"": -0.46, ""impact"": -0.46}, {""feature_key"": ""dow_sin"", ""feature_name"": ""Weekly Schedule Cycle"", ""feature_value"": 0.43, ""shap_value"": -0.41, ""impact"": -0.41}]",60.24
2899,MAA_KOYAMBEDU_CMBT,2026-09-24T15:00:00,2026-09-23T20:00:00,19,76.8,HIGH,33.7,Coastal Sea Breeze,10,"[{""feature_key"": ""lag_168"", ""feature_name"": ""Same Time Last Week Congestion"", ""feature_value"": 74.3, ""shap_value"": 11.8, ""impact"": 11.8}, {""feature_key"": ""lag_foot_24"", ""feature_name"": ""Yesterday's Foot-Traffic"", ""feature_value"": 8806.0, ""shap_value"": 2.38, ""impact"": 2.38}, {""feature_key"": ""temp_c"", ""feature_name"": ""Ambient Temperature"", ""feature_value"": 33.7, ""shap_value"": 1.12, ""impact"": 1.12}, {""feature_key"": ""lag_24"", ""feature_name"": ""Yesterday's Same-Hour Congestion"", ""feature_value"": 80.9, ""shap_value"": 1.02, ""impact"": 1.02}, {""feature_key"": ""lag_foot_1"", ""feature_name"": ""Recent Foot-Traffic (1h ago)"", ""feature_value"": 8775.0, ""shap_value"": 0.9, ""impact"": 0.9}]","[{""feature_key"": ""transit_pressure_ratio"", ""feature_name"": ""Transit Demand-to-Supply Ratio"", ""feature_value"": 6.82, ""shap_value"": -0.6, ""impact"": -0.6}, {""feature_key"": ""weather_transit_surge"", ""feature_name"": ""Rainfall Transit Inflow Surge"", ""feature_value"": 0.0, ""shap_value"": -0.53, ""impact"": -0.53}, {""feature_key"": ""dow_sin"", ""feature_name"": ""Weekly Schedule Cycle"", ""feature_value"": 0.43, ""shap_value"": -0.37, ""impact"": -0.37}, {""feature_key"": ""scheduled_trips"", ""feature_name"": ""Transit Dispatch Frequency"", ""feature_value"": 10.0, ""shap_value"": -0.32, ""impact"": -0.32}, {""feature_key"": ""hour_sin"", ""feature_name"": ""Time of Day (Peak Window)"", ""feature_value"": -0.71, ""shap_value"": -0.31, ""impact"": -0.31}]",60.24
2900,MAA_KOYAMBEDU_CMBT,2026-09-24T16:00:00,2026-09-23T20:00:00,20,89.2,SEVERE,33.9,Coastal Sea Breeze,10,"[{""feature_key"": ""lag_168"", ""feature_name"": ""Same Time Last Week Congestion"", ""feature_value"": 86.6, ""shap_value"": 20.32, ""impact"": 20.32}, {""feature_key"": ""lag_foot_24"", ""feature_name"": ""Yesterday's Foot-Traffic"", ""feature_value"": 12756.0, ""shap_value"": 2.59, ""impact"": 2.59}, {""feature_key"": ""lag_24"", ""feature_name"": ""Yesterday's Same-Hour Congestion"", ""feature_value"": 93.6, ""shap_value"": 2.27, ""impact"": 2.27}, {""feature_key"": ""hour_sin"", ""feature_name"": ""Time of Day (Peak Window)"", ""feature_value"": -0.87, ""shap_value"": 2.1, ""impact"": 2.1}, {""feature_key"": ""hour_cos"", ""feature_name"": ""Time of Day (Diurnal Cycle)"", ""feature_value"": -0.5, ""shap_value"": 1.39, ""impact"": 1.39}]","[{""feature_key"": ""transit_pressure_ratio"", ""feature_name"": ""Transit Demand-to-Supply Ratio"", ""feature_value"": 6.8, ""shap_value"": -0.95, ""impact"": -0.95}, {""feature_key"": ""scheduled_trips"", ""feature_name"": ""Transit Dispatch Frequency"", ""feature_value"": 10.0, ""shap_value"": -0.89, ""impact"": -0.89}, {""feature_key"": ""tourist_weight"", ""feature_name"": ""Tourist Landmark Dominance"", ""feature_value"": 0.4, ""shap_value"": -0.54, ""impact"": -0.54}, {""feature_key"": ""dow_sin"", ""feature_name"": ""Weekly Schedule Cycle"", ""feature_value"": 0.43, ""shap_value"": -0.38, ""impact"": -0.38}, {""feature_key"": ""weather_transit_surge"", ""feature_name"": ""Rainfall Transit Inflow Surge"", ""feature_value"": 0.0, ""shap_value"": -0.35, ""impact"": -0.35}]",60.24
2901,MAA_KOYAMBEDU_CMBT,2026-09-24T17:00:00,2026-09-23T20:00:00,21,98.4,SEVERE,33.4,Coastal Sea Breeze,16,"[{""feature_key"": ""lag_168"", ""feature_name"": ""Same Time Last Week Congestion"", ""feature_value"": 98.5, ""shap_value"": 25.91, ""impact"": 25.91}, {""feature_key"": ""lag_foot_24"", ""feature_name"": ""Yesterday's Foot-Traffic"", ""feature_value"": 18241.0, ""shap_value"": 2.7, ""impact"": 2.7}, {""feature_key"": ""lag_24"", ""feature_name"": ""Yesterday's Same-Hour Congestion"", ""feature_value"": 98.5, ""shap_value"": 2.37, ""impact"": 2.37}, {""feature_key"": ""hour_sin"", ""feature_name"": ""Time of Day (Peak Window)"", ""feature_value"": -0.97, ""shap_value"": 2.13, ""impact"": 2.13}, {""feature_key"": ""lag_1"", ""feature_name"": ""Recent Congestion (1h ago)"", ""feature_value"": 89.2, ""shap_value"": 2.02, ""impact"": 2.02}]","[{""feature_key"": ""dow_sin"", ""feature_name"": ""Weekly Schedule Cycle"", ""feature_value"": 0.43, ""shap_value"": -0.29, ""impact"": -0.29}, {""feature_key"": ""weather_transit_surge"", ""feature_name"": ""Rainfall Transit Inflow Surge"", ""feature_value"": 0.0, ""shap_value"": -0.22, ""impact"": -0.22}, {""feature_key"": ""lag_trips_24"", ""feature_name"": ""Yesterday's Scheduled Transit Trips"", ""feature_value"": 16.0, ""shap_value"": -0.21, ""impact"": -0.21}, {""feature_key"": ""tourist_weight"", ""feature_name"": ""Tourist Landmark Dominance"", ""feature_value"": 0.4, ""shap_value"": -0.13, ""impact"": -0.13}, {""feature_key"": ""roll_mean_24h"", ""feature_name"": ""24-Hour Average Baseline"", ""feature_value"": 67.87, ""shap_value"": -0.11, ""impact"": -0.11}]",60.24
2902,MAA_KOYAMBEDU_CMBT,2026-09-24T18:00:00,2026-09-23T20:00:00,22,98.0,SEVERE,33.0,Sunny & Warm,16,"[{""feature_key"": ""lag_168"", ""feature_name"": ""Same Time Last Week Congestion"", ""feature_value"": 98.5, ""shap_value"": 25.81, ""impact"": 25.81}, {""feature_key"": ""lag_foot_24"", ""feature_name"": ""Yesterday's Foot-Traffic"", ""feature_value"": 23061.0, ""shap_value"": 2.67, ""impact"": 2.67}, {""feature_key"": ""lag_24"", ""feature_name"": ""Yesterday's Same-Hour Congestion"", ""feature_value"": 98.5, ""shap_value"": 2.36, ""impact"": 2.36}, {""feature_key"": ""lag_1"", ""feature_name"": ""Recent Congestion (1h ago)"", ""feature_value"": 98.4, ""shap_value"": 2.32, ""impact"": 2.32}, {""feature_key"": ""hour_sin"", ""feature_name"": ""Time of Day (Peak Window)"", ""feature_value"": -1.0, ""shap_value"": 2.18, ""impact"": 2.18}]","[{""feature_key"": ""dow_sin"", ""feature_name"": ""Weekly Schedule Cycle"", ""feature_value"": 0.43, ""shap_value"": -0.25, ""impact"": -0.25}, {""feature_key"": ""weather_transit_surge"", ""feature_name"": ""Rainfall Transit Inflow Surge"", ""feature_value"": 0.0, ""shap_value"": -0.24, ""impact"": -0.24}, {""feature_key"": ""lag_trips_24"", ""feature_name"": ""Yesterday's Scheduled Transit Trips"", ""feature_value"": 16.0, ""shap_value"": -0.22, ""impact"": -0.22}, {""feature_key"": ""tourist_weight"", ""feature_name"": ""Tourist Landmark Dominance"", ""feature_value"": 0.4, ""shap_value"": -0.14, ""impact"": -0.14}, {""feature_key"": ""roll_mean_24h"", ""feature_name"": ""24-Hour Average Baseline"", ""feature_value"": 67.86, ""shap_value"": -0.11, ""impact"": -0.11}]",60.24
2903,MAA_KOYAMBEDU_CMBT,2026-09-24T19:00:00,2026-09-23T20:00:00,23,97.8,SEVERE,31.6,Sunny & Warm,16,"[{""feature_key"": ""lag_168"", ""feature_name"": ""Same Time Last Week Congestion"", ""feature_value"": 98.5, ""shap_value"": 25.7, ""impact"": 25.7}, {""feature_key"": ""lag_1"", ""feature_name"": ""Recent Congestion (1h ago)"", ""feature_value"": 98.0, ""shap_value"": 2.71, ""impact"": 2.71}, {""feature_key"": ""lag_foot_24"", ""feature_name"": ""Yesterday's Foot-Traffic"", ""feature_value"": 21261.0, ""shap_value"": 2.65, ""impact"": 2.65}, {""feature_key"": ""lag_24"", ""feature_name"": ""Yesterday's Same-Hour Congestion"", ""feature_value"": 98.5, ""shap_value"": 2.48, ""impact"": 2.48}, {""feature_key"": ""hour_sin"", ""feature_name"": ""Time of Day (Peak Window)"", ""feature_value"": -0.97, ""shap_value"": 2.13, ""impact"": 2.13}]","[{""feature_key"": ""dow_sin"", ""feature_name"": ""Weekly Schedule Cycle"", ""feature_value"": 0.43, ""shap_value"": -0.29, ""impact"": -0.29}, {""feature_key"": ""lag_3"", ""feature_name"": ""Short-term Congestion (3h ago)"", ""feature_value"": 89.2, ""shap_value"": -0.27, ""impact"": -0.27}, {""feature_key"": ""roll_mean_6h"", ""feature_name"": ""6-Hour Moving Congestion Trend"", ""feature_value"": 81.22, ""shap_value"": -0.25, ""impact"": -0.25}, {""feature_key"": ""lag_trips_24"", ""feature_name"": ""Yesterday's Scheduled Transit Trips"", ""feature_value"": 16.0, ""shap_value"": -0.23, ""impact"": -0.23}, {""feature_key"": ""weather_transit_surge"", ""feature_name"": ""Rainfall Transit Inflow Surge"", ""feature_value"": 0.0, ""shap_value"": -0.23, ""impact"": -0.23}]",60.24
2904,MAA_KOYAMBEDU_CMBT,2026-09-24T20:00:00,2026-09-23T20:00:00,24,92.9,SEVERE,31.2,Sunny & Warm,16,"[{""feature_key"": ""lag_168"", ""feature_name"": ""Same Time Last Week Congestion"", ""feature_value"": 91.8, ""shap_value"": 21.82, ""impact"": 21.82}, {""feature_key"": ""lag_24"", ""feature_name"": ""Yesterday's Same-Hour Congestion"", ""feature_value"": 98.5, ""shap_value"": 2.8, ""impact"": 2.8}, {""feature_key"": ""lag_foot_24"", ""feature_name"": ""Yesterday's Foot-Traffic"", ""feature_value"": 16861.0, ""shap_value"": 2.7, ""impact"": 2.7}, {""feature_key"": ""lag_1"", ""feature_name"": ""Recent Congestion (1h ago)"", ""feature_value"": 97.8, ""shap_value"": 2.64, ""impact"": 2.64}, {""feature_key"": ""hour_sin"", ""feature_name"": ""Time of Day (Peak Window)"", ""feature_value"": -0.87, ""shap_value"": 1.63, ""impact"": 1.63}]","[{""feature_key"": ""dow_sin"", ""feature_name"": ""Weekly Schedule Cycle"", ""feature_value"": 0.43, ""shap_value"": -0.41, ""impact"": -0.41}, {""feature_key"": ""lag_3"", ""feature_name"": ""Short-term Congestion (3h ago)"", ""feature_value"": 98.4, ""shap_value"": -0.37, ""impact"": -0.37}, {""feature_key"": ""weather_transit_surge"", ""feature_name"": ""Rainfall Transit Inflow Surge"", ""feature_value"": 0.0, ""shap_value"": -0.37, ""impact"": -0.37}, {""feature_key"": ""tourist_weight"", ""feature_name"": ""Tourist Landmark Dominance"", ""feature_value"": 0.4, ""shap_value"": -0.33, ""impact"": -0.33}, {""feature_key"": ""roll_mean_6h"", ""feature_name"": ""6-Hour Moving Congestion Trend"", ""feature_value"": 87.53, ""shap_value"": -0.26, ""impact"": -0.26}]",60.24
2905,MAA_KOYAMBEDU_CMBT,2026-09-24T21:00:00,2026-09-23T20:00:00,25,69.0,HIGH,27.7,Sunny & Warm,6,"[{""feature_key"": ""lag_168"", ""feature_name"": ""Same Time Last Week Congestion"", ""feature_value"": 68.7, ""shap_value"": 8.94, ""impact"": 8.94}, {""feature_key"": ""lag_1"", ""feature_name"": ""Recent Congestion (1h ago)"", ""feature_value"": 92.9, ""shap_value"": 3.32, ""impact"": 3.32}, {""feature_key"": ""lag_foot_24"", ""feature_name"": ""Yesterday's Foot-Traffic"", ""feature_value"": 9882.0, ""shap_value"": 2.15, ""impact"": 2.15}, {""feature_key"": ""temp_c"", ""feature_name"": ""Ambient Temperature"", ""feature_value"": 27.7, ""shap_value"": 1.42, ""impact"": 1.42}, {""feature_key"": ""lag_foot_1"", ""feature_name"": ""Recent Foot-Traffic (1h ago)"", ""feature_value"": 12541.0, ""shap_value"": 1.27, ""impact"": 1.27}]","[{""feature_key"": ""transit_pressure_ratio"", ""feature_name"": ""Transit Demand-to-Supply Ratio"", ""feature_value"": 11.26, ""shap_value"": -2.26, ""impact"": -2.26}, {""feature_key"": ""hour_cos"", ""feature_name"": ""Time of Day (Diurnal Cycle)"", ""feature_value"": 0.71, ""shap_value"": -1.58, ""impact"": -1.58}, {""feature_key"": ""scheduled_trips"", ""feature_name"": ""Transit Dispatch Frequency"", ""feature_value"": 6.0, ""shap_value"": -1.18, ""impact"": -1.18}, {""feature_key"": ""lag_3"", ""feature_name"": ""Short-term Congestion (3h ago)"", ""feature_value"": 98.0, ""shap_value"": -0.99, ""impact"": -0.99}, {""feature_key"": ""roll_mean_6h"", ""feature_name"": ""6-Hour Moving Congestion Trend"", ""feature_value"": 92.18, ""shap_value"": -0.86, ""impact"": -0.86}]",60.24
2906,MAA_KOYAMBEDU_CMBT,2026-09-24T22:00:00,2026-09-23T20:00:00,26,42.9,MODERATE,27.6,Sunny & Warm,6,"[{""feature_key"": ""lag_foot_24"", ""feature_name"": ""Yesterday's Foot-Traffic"", ""feature_value"": 5994.0, ""shap_value"": 2.79, ""impact"": 2.79}, {""feature_key"": ""lag_1"", ""feature_name"": ""Recent Congestion (1h ago)"", ""feature_value"": 69.0, ""shap_value"": 0.89, ""impact"": 0.89}, {""feature_key"": ""temp_c"", ""feature_name"": ""Ambient Temperature"", ""feature_value"": 27.6, ""shap_value"": 0.88, ""impact"": 0.88}, {""feature_key"": ""lag_foot_1"", ""feature_name"": ""Recent Foot-Traffic (1h ago)"", ""feature_value"": 9315.0, ""shap_value"": 0.69, ""impact"": 0.69}, {""feature_key"": ""lag_trips_24"", ""feature_name"": ""Yesterday's Scheduled Transit Trips"", ""feature_value"": 6.0, ""shap_value"": 0.3, ""impact"": 0.3}]","[{""feature_key"": ""lag_168"", ""feature_name"": ""Same Time Last Week Congestion"", ""feature_value"": 39.3, ""shap_value"": -11.7, ""impact"": -11.7}, {""feature_key"": ""hour_cos"", ""feature_name"": ""Time of Day (Diurnal Cycle)"", ""feature_value"": 0.87, ""shap_value"": -2.38, ""impact"": -2.38}, {""feature_key"": ""transit_pressure_ratio"", ""feature_name"": ""Transit Demand-to-Supply Ratio"", ""feature_value"": 11.23, ""shap_value"": -1.45, ""impact"": -1.45}, {""feature_key"": ""hour_sin"", ""feature_name"": ""Time of Day (Peak Window)"", ""feature_value"": -0.5, ""shap_value"": -1.28, ""impact"": -1.28}, {""feature_key"": ""lag_24"", ""feature_name"": ""Yesterday's Same-Hour Congestion"", ""feature_value"": 44.4, ""shap_value"": -1.28, ""impact"": -1.28}]",60.24
2907,MAA_KOYAMBEDU_CMBT,2026-09-24T23:00:00,2026-09-23T20:00:00,27,36.0,MODERATE,28.6,Sunny & Warm,6,"[{""feature_key"": ""lag_foot_24"", ""feature_name"": ""Yesterday's Foot-Traffic"", ""feature_value"": 4293.0, ""shap_value"": 2.94, ""impact"": 2.94}, {""feature_key"": ""temp_c"", ""feature_name"": ""Ambient Temperature"", ""feature_value"": 28.6, ""shap_value"": 1.31, ""impact"": 1.31}, {""feature_key"": ""lag_foot_1"", ""feature_name"": ""Recent Foot-Traffic (1h ago)"", ""feature_value"": 5791.0, ""shap_value"": 0.34, ""impact"": 0.34}, {""feature_key"": ""lag_trips_24"", ""feature_name"": ""Yesterday's Scheduled Transit Trips"", ""feature_value"": 6.0, ""shap_value"": 0.3, ""impact"": 0.3}, {""feature_key"": ""transit_weight"", ""feature_name"": ""Transit Commuter Dominance"", ""feature_value"": 0.92, ""shap_value"": 0.1, ""impact"": 0.1}]","[{""feature_key"": ""lag_168"", ""feature_name"": ""Same Time Last Week Congestion"", ""feature_value"": 34.6, ""shap_value"": -16.71, ""impact"": -16.71}, {""feature_key"": ""hour_cos"", ""feature_name"": ""Time of Day (Diurnal Cycle)"", ""feature_value"": 0.97, ""shap_value"": -2.8, ""impact"": -2.8}, {""feature_key"": ""lag_1"", ""feature_name"": ""Recent Congestion (1h ago)"", ""feature_value"": 42.9, ""shap_value"": -2.17, ""impact"": -2.17}, {""feature_key"": ""lag_24"", ""feature_name"": ""Yesterday's Same-Hour Congestion"", ""feature_value"": 31.8, ""shap_value"": -1.56, ""impact"": -1.56}, {""feature_key"": ""transit_pressure_ratio"", ""feature_name"": ""Transit Demand-to-Supply Ratio"", ""feature_value"": 11.22, ""shap_value"": -1.4, ""impact"": -1.4}]",60.24
2908,MAA_KOYAMBEDU_CMBT,2026-09-25T00:00:00,2026-09-23T20:00:00,28,23.4,LOW,27.0,Humid / Overcast,8,"[{""feature_key"": ""lag_trips_24"", ""feature_name"": ""Yesterday's Scheduled Transit Trips"", ""feature_value"": 8.0, ""shap_value"": 0.26, ""impact"": 0.26}, {""feature_key"": ""capacity_baseline"", ""feature_name"": ""Station Theoretical Capacity"", ""feature_value"": 13500.0, ""shap_value"": 0.24, ""impact"": 0.24}, {""feature_key"": ""lag_foot_24"", ""feature_name"": ""Yesterday's Foot-Traffic"", ""feature_value"": 3051.0, ""shap_value"": 0.22, ""impact"": 0.22}, {""feature_key"": ""temp_c"", ""feature_name"": ""Ambient Temperature"", ""feature_value"": 27.0, ""shap_value"": 0.18, ""impact"": 0.18}, {""feature_key"": ""transit_weight"", ""feature_name"": ""Transit Commuter Dominance"", ""feature_value"": 0.92, ""shap_value"": 0.17, ""impact"": 0.17}]","[{""feature_key"": ""lag_168"", ""feature_name"": ""Same Time Last Week Congestion"", ""feature_value"": 21.1, ""shap_value"": -27.51, ""impact"": -27.51}, {""feature_key"": ""lag_1"", ""feature_name"": ""Recent Congestion (1h ago)"", ""feature_value"": 36.0, ""shap_value"": -2.65, ""impact"": -2.65}, {""feature_key"": ""hour_cos"", ""feature_name"": ""Time of Day (Diurnal Cycle)"", ""feature_value"": 1.0, ""shap_value"": -2.5, ""impact"": -2.5}, {""feature_key"": ""lag_24"", ""feature_name"": ""Yesterday's Same-Hour Congestion"", ""feature_value"": 22.6, ""shap_value"": -1.76, ""impact"": -1.76}, {""feature_key"": ""hour_sin"", ""feature_name"": ""Time of Day (Peak Window)"", ""feature_value"": 0.0, ""shap_value"": -0.99, ""impact"": -0.99}]",60.24
2909,MAA_KOYAMBEDU_CMBT,2026-09-25T01:00:00,2026-09-23T20:00:00,29,24.8,LOW,25.2,Humid / Overcast,8,"[{""feature_key"": ""lag_foot_24"", ""feature_name"": ""Yesterday's Foot-Traffic"", ""feature_value"": 3469.0, ""shap_value"": 0.6, ""impact"": 0.6}, {""feature_key"": ""lag_3"", ""feature_name"": ""Short-term Congestion (3h ago)"", ""feature_value"": 42.9, ""shap_value"": 0.33, ""impact"": 0.33}, {""feature_key"": ""lag_trips_24"", ""feature_name"": ""Yesterday's Scheduled Transit Trips"", ""feature_value"": 8.0, ""shap_value"": 0.29, ""impact"": 0.29}, {""feature_key"": ""capacity_baseline"", ""feature_name"": ""Station Theoretical Capacity"", ""feature_value"": 13500.0, ""shap_value"": 0.24, ""impact"": 0.24}, {""feature_key"": ""temp_c"", ""feature_name"": ""Ambient Temperature"", ""feature_value"": 25.2, ""shap_value"": 0.17, ""impact"": 0.17}]","[{""feature_key"": ""lag_168"", ""feature_name"": ""Same Time Last Week Congestion"", ""feature_value"": 22.4, ""shap_value"": -25.6, ""impact"": -25.6}, {""feature_key"": ""lag_1"", ""feature_name"": ""Recent Congestion (1h ago)"", ""feature_value"": 23.4, ""shap_value"": -2.8, ""impact"": -2.8}, {""feature_key"": ""hour_cos"", ""feature_name"": ""Time of Day (Diurnal Cycle)"", ""feature_value"": 0.97, ""shap_value"": -2.27, ""impact"": -2.27}, {""feature_key"": ""lag_24"", ""feature_name"": ""Yesterday's Same-Hour Congestion"", ""feature_value"": 25.7, ""shap_value"": -1.65, ""impact"": -1.65}, {""feature_key"": ""lag_foot_1"", ""feature_name"": ""Recent Foot-Traffic (1h ago)"", ""feature_value"": 3159.0, ""shap_value"": -1.2, ""impact"": -1.2}]",60.24
2910,MAA_KOYAMBEDU_CMBT,2026-09-25T02:00:00,2026-09-23T20:00:00,30,36.8,MODERATE,25.6,Humid / Overcast,8,"[{""feature_key"": ""lag_foot_24"", ""feature_name"": ""Yesterday's Foot-Traffic"", ""feature_value"": 3982.0, ""shap_value"": 1.58, ""impact"": 1.58}, {""feature_key"": ""lag_3"", ""feature_name"": ""Short-term Congestion (3h ago)"", ""feature_value"": 36.0, ""shap_value"": 0.37, ""impact"": 0.37}, {""feature_key"": ""temp_c"", ""feature_name"": ""Ambient Temperature"", ""feature_value"": 25.6, ""shap_value"": 0.34, ""impact"": 0.34}, {""feature_key"": ""lag_trips_24"", ""feature_name"": ""Yesterday's Scheduled Transit Trips"", ""feature_value"": 8.0, ""shap_value"": 0.31, ""impact"": 0.31}, {""feature_key"": ""roll_mean_6h"", ""feature_name"": ""6-Hour Moving Congestion Trend"", ""feature_value"": 48.17, ""shap_value"": 0.17, ""impact"": 0.17}]","[{""feature_key"": ""lag_168"", ""feature_name"": ""Same Time Last Week Congestion"", ""feature_value"": 36.5, ""shap_value"": -14.28, ""impact"": -14.28}, {""feature_key"": ""lag_1"", ""feature_name"": ""Recent Congestion (1h ago)"", ""feature_value"": 24.8, ""shap_value"": -3.15, ""impact"": -3.15}, {""feature_key"": ""hour_cos"", ""feature_name"": ""Time of Day (Diurnal Cycle)"", ""feature_value"": 0.87, ""shap_value"": -2.21, ""impact"": -2.21}, {""feature_key"": ""lag_24"", ""feature_name"": ""Yesterday's Same-Hour Congestion"", ""feature_value"": 29.5, ""shap_value"": -1.65, ""impact"": -1.65}, {""feature_key"": ""lag_foot_1"", ""feature_name"": ""Recent Foot-Traffic (1h ago)"", ""feature_value"": 3348.0, ""shap_value"": -0.87, ""impact"": -0.87}]",60.24
2911,MAA_KOYAMBEDU_CMBT,2026-09-25T03:00:00,2026-09-23T20:00:00,31,44.7,MODERATE,24.9,Humid / Overcast,8,"[{""feature_key"": ""lag_foot_24"", ""feature_name"": ""Yesterday's Foot-Traffic"", ""feature_value"": 5130.0, ""shap_value"": 3.11, ""impact"": 3.11}, {""feature_key"": ""lag_foot_1"", ""feature_name"": ""Recent Foot-Traffic (1h ago)"", ""feature_value"": 4968.0, ""shap_value"": 1.0, ""impact"": 1.0}, {""feature_key"": ""lag_3"", ""feature_name"": ""Short-term Congestion (3h ago)"", ""feature_value"": 23.4, ""shap_value"": 0.75, ""impact"": 0.75}, {""feature_key"": ""lag_trips_24"", ""feature_name"": ""Yesterday's Scheduled Transit Trips"", ""feature_value"": 8.0, ""shap_value"": 0.5, ""impact"": 0.5}, {""feature_key"": ""transit_weight"", ""feature_name"": ""Transit Commuter Dominance"", ""feature_value"": 0.92, ""shap_value"": 0.24, ""impact"": 0.24}]","[{""feature_key"": ""lag_168"", ""feature_name"": ""Same Time Last Week Congestion"", ""feature_value"": 41.0, ""shap_value"": -9.64, ""impact"": -9.64}, {""feature_key"": ""lag_1"", ""feature_name"": ""Recent Congestion (1h ago)"", ""feature_value"": 36.8, ""shap_value"": -3.43, ""impact"": -3.43}, {""feature_key"": ""hour_cos"", ""feature_name"": ""Time of Day (Diurnal Cycle)"", ""feature_value"": 0.71, ""shap_value"": -2.32, ""impact"": -2.32}, {""feature_key"": ""lag_24"", ""feature_name"": ""Yesterday's Same-Hour Congestion"", ""feature_value"": 38.0, ""shap_value"": -1.77, ""impact"": -1.77}, {""feature_key"": ""hour_sin"", ""feature_name"": ""Time of Day (Peak Window)"", ""feature_value"": 0.71, ""shap_value"": -0.83, ""impact"": -0.83}]",60.24
2912,MAA_KOYAMBEDU_CMBT,2026-09-25T04:00:00,2026-09-23T20:00:00,32,44.2,MODERATE,26.4,Sunny & Warm,8,"[{""feature_key"": ""lag_foot_24"", ""feature_name"": ""Yesterday's Foot-Traffic"", ""feature_value"": 6345.0, ""shap_value"": 3.37, ""impact"": 3.37}, {""feature_key"": ""lag_foot_1"", ""feature_name"": ""Recent Foot-Traffic (1h ago)"", ""feature_value"": 6034.0, ""shap_value"": 0.9, ""impact"": 0.9}, {""feature_key"": ""temp_c"", ""feature_name"": ""Ambient Temperature"", ""feature_value"": 26.4, ""shap_value"": 0.81, ""impact"": 0.81}, {""feature_key"": ""lag_3"", ""feature_name"": ""Short-term Congestion (3h ago)"", ""feature_value"": 24.8, ""shap_value"": 0.78, ""impact"": 0.78}, {""feature_key"": ""lag_trips_24"", ""feature_name"": ""Yesterday's Scheduled Transit Trips"", ""feature_value"": 8.0, ""shap_value"": 0.54, ""impact"": 0.54}]","[{""feature_key"": ""lag_168"", ""feature_name"": ""Same Time Last Week Congestion"", ""feature_value"": 38.6, ""shap_value"": -12.17, ""impact"": -12.17}, {""feature_key"": ""lag_1"", ""feature_name"": ""Recent Congestion (1h ago)"", ""feature_value"": 44.7, ""shap_value"": -2.78, ""impact"": -2.78}, {""feature_key"": ""lag_24"", ""feature_name"": ""Yesterday's Same-Hour Congestion"", ""feature_value"": 47.0, ""shap_value"": -1.58, ""impact"": -1.58}, {""feature_key"": ""hour_cos"", ""feature_name"": ""Time of Day (Diurnal Cycle)"", ""feature_value"": 0.5, ""shap_value"": -1.45, ""impact"": -1.45}, {""feature_key"": ""hour_sin"", ""feature_name"": ""Time of Day (Peak Window)"", ""feature_value"": 0.87, ""shap_value"": -0.82, ""impact"": -0.82}]",60.24
2913,MAA_KOYAMBEDU_CMBT,2026-09-25T05:00:00,2026-09-23T20:00:00,33,64.4,HIGH,27.4,Monsoon Downpour,6,"[{""feature_key"": ""lag_foot_24"", ""feature_name"": ""Yesterday's Foot-Traffic"", ""feature_value"": 6858.0, ""shap_value"": 3.97, ""impact"": 3.97}, {""feature_key"": ""weather_transit_surge"", ""feature_name"": ""Rainfall Transit Inflow Surge"", ""feature_value"": 1.47, ""shap_value"": 3.58, ""impact"": 3.58}, {""feature_key"": ""precip_mm"", ""feature_name"": ""Rainfall Intensity"", ""feature_value"": 7.81, ""shap_value"": 3.53, ""impact"": 3.53}, {""feature_key"": ""hour_sin"", ""feature_name"": ""Time of Day (Peak Window)"", ""feature_value"": 0.97, ""shap_value"": 1.06, ""impact"": 1.06}, {""feature_key"": ""lag_foot_1"", ""feature_name"": ""Recent Foot-Traffic (1h ago)"", ""feature_value"": 5967.0, ""shap_value"": 0.92, ""impact"": 0.92}]","[{""feature_key"": ""lag_168"", ""feature_name"": ""Same Time Last Week Congestion"", ""feature_value"": 45.7, ""shap_value"": -7.16, ""impact"": -7.16}, {""feature_key"": ""lag_1"", ""feature_name"": ""Recent Congestion (1h ago)"", ""feature_value"": 44.2, ""shap_value"": -2.39, ""impact"": -2.39}, {""feature_key"": ""transit_pressure_ratio"", ""feature_name"": ""Transit Demand-to-Supply Ratio"", ""feature_value"": 11.33, ""shap_value"": -1.31, ""impact"": -1.31}, {""feature_key"": ""hour_cos"", ""feature_name"": ""Time of Day (Diurnal Cycle)"", ""feature_value"": 0.26, ""shap_value"": -1.07, ""impact"": -1.07}, {""feature_key"": ""lag_24"", ""feature_name"": ""Yesterday's Same-Hour Congestion"", ""feature_value"": 50.8, ""shap_value"": -0.92, ""impact"": -0.92}]",60.24
2914,MAA_KOYAMBEDU_CMBT,2026-09-25T06:00:00,2026-09-23T20:00:00,34,86.3,SEVERE,28.5,Monsoon Downpour,6,"[{""feature_key"": ""lag_168"", ""feature_name"": ""Same Time Last Week Congestion"", ""feature_value"": 68.7, ""shap_value"": 9.4, ""impact"": 9.4}, {""feature_key"": ""weather_transit_surge"", ""feature_name"": ""Rainfall Transit Inflow Surge"", ""feature_value"": 1.47, ""shap_value"": 7.27, ""impact"": 7.27}, {""feature_key"": ""lag_foot_24"", ""feature_name"": ""Yesterday's Foot-Traffic"", ""feature_value"": 9328.0, ""shap_value"": 2.71, ""impact"": 2.71}, {""feature_key"": ""precip_mm"", ""feature_name"": ""Rainfall Intensity"", ""feature_value"": 6.03, ""shap_value"": 1.53, ""impact"": 1.53}, {""feature_key"": ""temp_c"", ""feature_name"": ""Ambient Temperature"", ""feature_value"": 28.5, ""shap_value"": 1.31, ""impact"": 1.31}]","[{""feature_key"": ""transit_pressure_ratio"", ""feature_name"": ""Transit Demand-to-Supply Ratio"", ""feature_value"": 11.42, ""shap_value"": -1.01, ""impact"": -1.01}, {""feature_key"": ""lag_1"", ""feature_name"": ""Recent Congestion (1h ago)"", ""feature_value"": 64.4, ""shap_value"": -0.85, ""impact"": -0.85}, {""feature_key"": ""scheduled_trips"", ""feature_name"": ""Transit Dispatch Frequency"", ""feature_value"": 6.0, ""shap_value"": -0.44, ""impact"": -0.44}, {""feature_key"": ""hour_cos"", ""feature_name"": ""Time of Day (Diurnal Cycle)"", ""feature_value"": 0.0, ""shap_value"": -0.27, ""impact"": -0.27}, {""feature_key"": ""dow_cos"", ""feature_name"": ""Day of Week Alignment"", ""feature_value"": -0.9, ""shap_value"": -0.12, ""impact"": -0.12}]",60.24
2915,MAA_KOYAMBEDU_CMBT,2026-09-25T07:00:00,2026-09-23T20:00:00,35,89.5,SEVERE,29.1,Monsoon Downpour,6,"[{""feature_key"": ""lag_168"", ""feature_name"": ""Same Time Last Week Congestion"", ""feature_value"": 94.3, ""shap_value"": 19.03, ""impact"": 19.03}, {""feature_key"": ""weather_transit_surge"", ""feature_name"": ""Rainfall Transit Inflow Surge"", ""feature_value"": 1.47, ""shap_value"": 3.51, ""impact"": 3.51}, {""feature_key"": ""lag_foot_24"", ""feature_name"": ""Yesterday's Foot-Traffic"", ""feature_value"": 12703.0, ""shap_value"": 2.37, ""impact"": 2.37}, {""feature_key"": ""lag_1"", ""feature_name"": ""Recent Congestion (1h ago)"", ""feature_value"": 86.3, ""shap_value"": 2.02, ""impact"": 2.02}, {""feature_key"": ""lag_24"", ""feature_name"": ""Yesterday's Same-Hour Congestion"", ""feature_value"": 94.1, ""shap_value"": 1.85, ""impact"": 1.85}]","[{""feature_key"": ""transit_pressure_ratio"", ""feature_name"": ""Transit Demand-to-Supply Ratio"", ""feature_value"": 11.54, ""shap_value"": -5.24, ""impact"": -5.24}, {""feature_key"": ""scheduled_trips"", ""feature_name"": ""Transit Dispatch Frequency"", ""feature_value"": 6.0, ""shap_value"": -1.53, ""impact"": -1.53}, {""feature_key"": ""tourist_weight"", ""feature_name"": ""Tourist Landmark Dominance"", ""feature_value"": 0.4, ""shap_value"": -0.19, ""impact"": -0.19}, {""feature_key"": ""humidity_pct"", ""feature_name"": ""Marine Layer / Humidity"", ""feature_value"": 75.0, ""shap_value"": -0.11, ""impact"": -0.11}, {""feature_key"": ""lag_trips_1"", ""feature_name"": ""Recent Transit Trips Count"", ""feature_value"": 6.0, ""shap_value"": -0.09, ""impact"": -0.09}]",60.24
2916,MAA_KOYAMBEDU_CMBT,2026-09-25T08:00:00,2026-09-23T20:00:00,36,98.3,SEVERE,30.8,Monsoon Downpour,16,"[{""feature_key"": ""lag_168"", ""feature_name"": ""Same Time Last Week Congestion"", ""feature_value"": 96.2, ""shap_value"": 22.51, ""impact"": 22.51}, {""feature_key"": ""weather_transit_surge"", ""feature_name"": ""Rainfall Transit Inflow Surge"", ""feature_value"": 1.47, ""shap_value"": 3.59, ""impact"": 3.59}, {""feature_key"": ""lag_foot_24"", ""feature_name"": ""Yesterday's Foot-Traffic"", ""feature_value"": 13027.0, ""shap_value"": 2.68, ""impact"": 2.68}, {""feature_key"": ""lag_1"", ""feature_name"": ""Recent Congestion (1h ago)"", ""feature_value"": 89.5, ""shap_value"": 2.22, ""impact"": 2.22}, {""feature_key"": ""lag_24"", ""feature_name"": ""Yesterday's Same-Hour Congestion"", ""feature_value"": 96.5, ""shap_value"": 1.92, ""impact"": 1.92}]","[{""feature_key"": ""lag_trips_24"", ""feature_name"": ""Yesterday's Scheduled Transit Trips"", ""feature_value"": 16.0, ""shap_value"": -0.23, ""impact"": -0.23}, {""feature_key"": ""dow_sin"", ""feature_name"": ""Weekly Schedule Cycle"", ""feature_value"": -0.43, ""shap_value"": -0.18, ""impact"": -0.18}, {""feature_key"": ""humidity_pct"", ""feature_name"": ""Marine Layer / Humidity"", ""feature_value"": 80.0, ""shap_value"": -0.12, ""impact"": -0.12}, {""feature_key"": ""roll_mean_24h"", ""feature_name"": ""24-Hour Average Baseline"", ""feature_value"": 69.07, ""shap_value"": -0.12, ""impact"": -0.12}, {""feature_key"": ""lag_trips_1"", ""feature_name"": ""Recent Transit Trips Count"", ""feature_value"": 6.0, ""shap_value"": -0.1, ""impact"": -0.1}]",60.24
2917,MAA_KOYAMBEDU_CMBT,2026-09-25T09:00:00,2026-09-23T20:00:00,37,99.6,SEVERE,31.7,Monsoon Downpour,16,"[{""feature_key"": ""lag_168"", ""feature_name"": ""Same Time Last Week Congestion"", ""feature_value"": 98.5, ""shap_value"": 23.89, ""impact"": 23.89}, {""feature_key"": ""weather_transit_surge"", ""feature_name"": ""Rainfall Transit Inflow Surge"", ""feature_value"": 1.47, ""shap_value"": 3.44, ""impact"": 3.44}, {""feature_key"": ""lag_1"", ""feature_name"": ""Recent Congestion (1h ago)"", ""feature_value"": 98.3, ""shap_value"": 2.89, ""impact"": 2.89}, {""feature_key"": ""lag_foot_24"", ""feature_name"": ""Yesterday's Foot-Traffic"", ""feature_value"": 13041.0, ""shap_value"": 2.56, ""impact"": 2.56}, {""feature_key"": ""lag_24"", ""feature_name"": ""Yesterday's Same-Hour Congestion"", ""feature_value"": 96.6, ""shap_value"": 1.97, ""impact"": 1.97}]","[{""feature_key"": ""lag_3"", ""feature_name"": ""Short-term Congestion (3h ago)"", ""feature_value"": 86.3, ""shap_value"": -0.27, ""impact"": -0.27}, {""feature_key"": ""lag_trips_24"", ""feature_name"": ""Yesterday's Scheduled Transit Trips"", ""feature_value"": 16.0, ""shap_value"": -0.2, ""impact"": -0.2}, {""feature_key"": ""dow_sin"", ""feature_name"": ""Weekly Schedule Cycle"", ""feature_value"": -0.43, ""shap_value"": -0.09, ""impact"": -0.09}, {""feature_key"": ""roll_mean_24h"", ""feature_name"": ""24-Hour Average Baseline"", ""feature_value"": 69.15, ""shap_value"": -0.08, ""impact"": -0.08}, {""feature_key"": ""humidity_pct"", ""feature_name"": ""Marine Layer / Humidity"", ""feature_value"": 77.0, ""shap_value"": -0.06, ""impact"": -0.06}]",60.24
2918,MAA_KOYAMBEDU_CMBT,2026-09-25T10:00:00,2026-09-23T20:00:00,38,96.6,SEVERE,31.3,Monsoon Downpour,16,"[{""feature_key"": ""lag_168"", ""feature_name"": ""Same Time Last Week Congestion"", ""feature_value"": 98.3, ""shap_value"": 21.91, ""impact"": 21.91}, {""feature_key"": ""weather_transit_surge"", ""feature_name"": ""Rainfall Transit Inflow Surge"", ""feature_value"": 1.47, ""shap_value"": 4.26, ""impact"": 4.26}, {""feature_key"": ""lag_1"", ""feature_name"": ""Recent Congestion (1h ago)"", ""feature_value"": 99.6, ""shap_value"": 3.74, ""impact"": 3.74}, {""feature_key"": ""lag_foot_24"", ""feature_name"": ""Yesterday's Foot-Traffic"", ""feature_value"": 11920.0, ""shap_value"": 2.46, ""impact"": 2.46}, {""feature_key"": ""lag_foot_1"", ""feature_name"": ""Recent Foot-Traffic (1h ago)"", ""feature_value"": 13446.0, ""shap_value"": 1.71, ""impact"": 1.71}]","[{""feature_key"": ""hour_cos"", ""feature_name"": ""Time of Day (Diurnal Cycle)"", ""feature_value"": -0.87, ""shap_value"": -1.12, ""impact"": -1.12}, {""feature_key"": ""roll_mean_6h"", ""feature_name"": ""6-Hour Moving Congestion Trend"", ""feature_value"": 80.38, ""shap_value"": -0.35, ""impact"": -0.35}, {""feature_key"": ""lag_3"", ""feature_name"": ""Short-term Congestion (3h ago)"", ""feature_value"": 89.5, ""shap_value"": -0.25, ""impact"": -0.25}, {""feature_key"": ""lag_trips_24"", ""feature_name"": ""Yesterday's Scheduled Transit Trips"", ""feature_value"": 16.0, ""shap_value"": -0.25, ""impact"": -0.25}, {""feature_key"": ""dow_sin"", ""feature_name"": ""Weekly Schedule Cycle"", ""feature_value"": -0.43, ""shap_value"": -0.19, ""impact"": -0.19}]",60.24
2919,MAA_KOYAMBEDU_CMBT,2026-09-25T11:00:00,2026-09-23T20:00:00,39,73.4,HIGH,33.2,Sunny & Warm,10,"[{""feature_key"": ""lag_168"", ""feature_name"": ""Same Time Last Week Congestion"", ""feature_value"": 73.3, ""shap_value"": 11.02, ""impact"": 11.02}, {""feature_key"": ""lag_1"", ""feature_name"": ""Recent Congestion (1h ago)"", ""feature_value"": 96.6, ""shap_value"": 2.92, ""impact"": 2.92}, {""feature_key"": ""lag_foot_24"", ""feature_name"": ""Yesterday's Foot-Traffic"", ""feature_value"": 10246.0, ""shap_value"": 2.1, ""impact"": 2.1}, {""feature_key"": ""lag_foot_1"", ""feature_name"": ""Recent Foot-Traffic (1h ago)"", ""feature_value"": 13041.0, ""shap_value"": 1.58, ""impact"": 1.58}, {""feature_key"": ""temp_c"", ""feature_name"": ""Ambient Temperature"", ""feature_value"": 33.2, ""shap_value"": 0.65, ""impact"": 0.65}]","[{""feature_key"": ""hour_cos"", ""feature_name"": ""Time of Day (Diurnal Cycle)"", ""feature_value"": -0.97, ""shap_value"": -1.43, ""impact"": -1.43}, {""feature_key"": ""hour_sin"", ""feature_name"": ""Time of Day (Peak Window)"", ""feature_value"": 0.26, ""shap_value"": -1.12, ""impact"": -1.12}, {""feature_key"": ""weather_transit_surge"", ""feature_name"": ""Rainfall Transit Inflow Surge"", ""feature_value"": 0.0, ""shap_value"": -0.94, ""impact"": -0.94}, {""feature_key"": ""lag_3"", ""feature_name"": ""Short-term Congestion (3h ago)"", ""feature_value"": 98.3, ""shap_value"": -0.82, ""impact"": -0.82}, {""feature_key"": ""scheduled_trips"", ""feature_name"": ""Transit Dispatch Frequency"", ""feature_value"": 10.0, ""shap_value"": -0.63, ""impact"": -0.63}]",60.24
2920,MAA_KOYAMBEDU_CMBT,2026-09-25T12:00:00,2026-09-23T20:00:00,40,61.1,HIGH,34.1,Sunny & Warm,10,"[{""feature_key"": ""lag_168"", ""feature_name"": ""Same Time Last Week Congestion"", ""feature_value"": 62.9, ""shap_value"": 2.77, ""impact"": 2.77}, {""feature_key"": ""lag_foot_24"", ""feature_name"": ""Yesterday's Foot-Traffic"", ""feature_value"": 8154.0, ""shap_value"": 2.35, ""impact"": 2.35}, {""feature_key"": ""lag_foot_1"", ""feature_name"": ""Recent Foot-Traffic (1h ago)"", ""feature_value"": 9909.0, ""shap_value"": 1.12, ""impact"": 1.12}, {""feature_key"": ""lag_1"", ""feature_name"": ""Recent Congestion (1h ago)"", ""feature_value"": 73.4, ""shap_value"": 0.94, ""impact"": 0.94}, {""feature_key"": ""temp_c"", ""feature_name"": ""Ambient Temperature"", ""feature_value"": 34.1, ""shap_value"": 0.29, ""impact"": 0.29}]","[{""feature_key"": ""hour_sin"", ""feature_name"": ""Time of Day (Peak Window)"", ""feature_value"": 0.0, ""shap_value"": -1.8, ""impact"": -1.8}, {""feature_key"": ""lag_3"", ""feature_name"": ""Short-term Congestion (3h ago)"", ""feature_value"": 99.6, ""shap_value"": -1.11, ""impact"": -1.11}, {""feature_key"": ""hour_cos"", ""feature_name"": ""Time of Day (Diurnal Cycle)"", ""feature_value"": -1.0, ""shap_value"": -1.05, ""impact"": -1.05}, {""feature_key"": ""roll_mean_6h"", ""feature_name"": ""6-Hour Moving Congestion Trend"", ""feature_value"": 90.62, ""shap_value"": -0.71, ""impact"": -0.71}, {""feature_key"": ""weather_transit_surge"", ""feature_name"": ""Rainfall Transit Inflow Surge"", ""feature_value"": 0.0, ""shap_value"": -0.59, ""impact"": -0.59}]",60.24
2921,MAA_KOYAMBEDU_CMBT,2026-09-25T13:00:00,2026-09-23T20:00:00,41,59.8,MODERATE,34.0,Sunny & Warm,10,"[{""feature_key"": ""lag_168"", ""feature_name"": ""Same Time Last Week Congestion"", ""feature_value"": 62.2, ""shap_value"": 3.86, ""impact"": 3.86}, {""feature_key"": ""lag_foot_24"", ""feature_name"": ""Yesterday's Foot-Traffic"", ""feature_value"": 8086.0, ""shap_value"": 2.41, ""impact"": 2.41}, {""feature_key"": ""lag_foot_1"", ""feature_name"": ""Recent Foot-Traffic (1h ago)"", ""feature_value"": 8248.0, ""shap_value"": 0.92, ""impact"": 0.92}, {""feature_key"": ""transit_weight"", ""feature_name"": ""Transit Commuter Dominance"", ""feature_value"": 0.92, ""shap_value"": 0.28, ""impact"": 0.28}, {""feature_key"": ""humidity_pct"", ""feature_name"": ""Marine Layer / Humidity"", ""feature_value"": 57.0, ""shap_value"": 0.27, ""impact"": 0.27}]","[{""feature_key"": ""hour_sin"", ""feature_name"": ""Time of Day (Peak Window)"", ""feature_value"": -0.26, ""shap_value"": -1.95, ""impact"": -1.95}, {""feature_key"": ""lag_1"", ""feature_name"": ""Recent Congestion (1h ago)"", ""feature_value"": 61.1, ""shap_value"": -1.27, ""impact"": -1.27}, {""feature_key"": ""lag_3"", ""feature_name"": ""Short-term Congestion (3h ago)"", ""feature_value"": 96.6, ""shap_value"": -1.05, ""impact"": -1.05}, {""feature_key"": ""hour_cos"", ""feature_name"": ""Time of Day (Diurnal Cycle)"", ""feature_value"": -0.97, ""shap_value"": -0.9, ""impact"": -0.9}, {""feature_key"": ""weather_transit_surge"", ""feature_name"": ""Rainfall Transit Inflow Surge"", ""feature_value"": 0.0, ""shap_value"": -0.61, ""impact"": -0.61}]",60.24
2922,MAA_KOYAMBEDU_CMBT,2026-09-25T14:00:00,2026-09-23T20:00:00,42,73.7,HIGH,33.6,Monsoon Downpour,10,"[{""feature_key"": ""lag_168"", ""feature_name"": ""Same Time Last Week Congestion"", ""feature_value"": 65.2, ""shap_value"": 7.06, ""impact"": 7.06}, {""feature_key"": ""weather_transit_surge"", ""feature_name"": ""Rainfall Transit Inflow Surge"", ""feature_value"": 1.47, ""shap_value"": 5.07, ""impact"": 5.07}, {""feature_key"": ""lag_foot_24"", ""feature_name"": ""Yesterday's Foot-Traffic"", ""feature_value"": 8775.0, ""shap_value"": 2.46, ""impact"": 2.46}, {""feature_key"": ""precip_mm"", ""feature_name"": ""Rainfall Intensity"", ""feature_value"": 6.56, ""shap_value"": 1.54, ""impact"": 1.54}, {""feature_key"": ""lag_foot_1"", ""feature_name"": ""Recent Foot-Traffic (1h ago)"", ""feature_value"": 8073.0, ""shap_value"": 1.1, ""impact"": 1.1}]","[{""feature_key"": ""lag_1"", ""feature_name"": ""Recent Congestion (1h ago)"", ""feature_value"": 59.8, ""shap_value"": -1.7, ""impact"": -1.7}, {""feature_key"": ""hour_sin"", ""feature_name"": ""Time of Day (Peak Window)"", ""feature_value"": -0.5, ""shap_value"": -1.48, ""impact"": -1.48}, {""feature_key"": ""roll_mean_6h"", ""feature_name"": ""6-Hour Moving Congestion Trend"", ""feature_value"": 81.47, ""shap_value"": -0.78, ""impact"": -0.78}, {""feature_key"": ""scheduled_trips"", ""feature_name"": ""Transit Dispatch Frequency"", ""feature_value"": 10.0, ""shap_value"": -0.39, ""impact"": -0.39}, {""feature_key"": ""dow_sin"", ""feature_name"": ""Weekly Schedule Cycle"", ""feature_value"": -0.43, ""shap_value"": -0.36, ""impact"": -0.36}]",60.24
2923,MAA_KOYAMBEDU_CMBT,2026-09-25T15:00:00,2026-09-23T20:00:00,43,81.8,SEVERE,34.1,Monsoon Downpour,10,"[{""feature_key"": ""lag_168"", ""feature_name"": ""Same Time Last Week Congestion"", ""feature_value"": 76.6, ""shap_value"": 12.73, ""impact"": 12.73}, {""feature_key"": ""weather_transit_surge"", ""feature_name"": ""Rainfall Transit Inflow Surge"", ""feature_value"": 1.47, ""shap_value"": 3.46, ""impact"": 3.46}, {""feature_key"": ""lag_foot_24"", ""feature_name"": ""Yesterday's Foot-Traffic"", ""feature_value"": 10368.0, ""shap_value"": 2.25, ""impact"": 2.25}, {""feature_key"": ""lag_1"", ""feature_name"": ""Recent Congestion (1h ago)"", ""feature_value"": 73.7, ""shap_value"": 1.13, ""impact"": 1.13}, {""feature_key"": ""hour_cos"", ""feature_name"": ""Time of Day (Diurnal Cycle)"", ""feature_value"": -0.71, ""shap_value"": 0.91, ""impact"": 0.91}]","[{""feature_key"": ""hour_sin"", ""feature_name"": ""Time of Day (Peak Window)"", ""feature_value"": -0.71, ""shap_value"": -1.48, ""impact"": -1.48}, {""feature_key"": ""dow_sin"", ""feature_name"": ""Weekly Schedule Cycle"", ""feature_value"": -0.43, ""shap_value"": -0.91, ""impact"": -0.91}, {""feature_key"": ""roll_mean_6h"", ""feature_name"": ""6-Hour Moving Congestion Trend"", ""feature_value"": 77.37, ""shap_value"": -0.61, ""impact"": -0.61}, {""feature_key"": ""transit_pressure_ratio"", ""feature_name"": ""Transit Demand-to-Supply Ratio"", ""feature_value"": 6.99, ""shap_value"": -0.5, ""impact"": -0.5}, {""feature_key"": ""scheduled_trips"", ""feature_name"": ""Transit Dispatch Frequency"", ""feature_value"": 10.0, ""shap_value"": -0.33, ""impact"": -0.33}]",60.24
2924,MAA_KOYAMBEDU_CMBT,2026-09-25T16:00:00,2026-09-23T20:00:00,44,93.1,SEVERE,33.2,Monsoon Downpour,10,"[{""feature_key"": ""lag_168"", ""feature_name"": ""Same Time Last Week Congestion"", ""feature_value"": 93.8, ""shap_value"": 21.9, ""impact"": 21.9}, {""feature_key"": ""weather_transit_surge"", ""feature_name"": ""Rainfall Transit Inflow Surge"", ""feature_value"": 1.47, ""shap_value"": 2.53, ""impact"": 2.53}, {""feature_key"": ""lag_foot_24"", ""feature_name"": ""Yesterday's Foot-Traffic"", ""feature_value"": 12042.0, ""shap_value"": 2.4, ""impact"": 2.4}, {""feature_key"": ""hour_cos"", ""feature_name"": ""Time of Day (Diurnal Cycle)"", ""feature_value"": -0.5, ""shap_value"": 1.36, ""impact"": 1.36}, {""feature_key"": ""lag_24"", ""feature_name"": ""Yesterday's Same-Hour Congestion"", ""feature_value"": 89.2, ""shap_value"": 1.26, ""impact"": 1.26}]","[{""feature_key"": ""scheduled_trips"", ""feature_name"": ""Transit Dispatch Frequency"", ""feature_value"": 10.0, ""shap_value"": -0.99, ""impact"": -0.99}, {""feature_key"": ""transit_pressure_ratio"", ""feature_name"": ""Transit Demand-to-Supply Ratio"", ""feature_value"": 7.01, ""shap_value"": -0.58, ""impact"": -0.58}, {""feature_key"": ""dow_sin"", ""feature_name"": ""Weekly Schedule Cycle"", ""feature_value"": -0.43, ""shap_value"": -0.25, ""impact"": -0.25}, {""feature_key"": ""tourist_weight"", ""feature_name"": ""Tourist Landmark Dominance"", ""feature_value"": 0.4, ""shap_value"": -0.18, ""impact"": -0.18}, {""feature_key"": ""precip_mm"", ""feature_name"": ""Rainfall Intensity"", ""feature_value"": 8.45, ""shap_value"": -0.15, ""impact"": -0.15}]",60.24
2925,MAA_KOYAMBEDU_CMBT,2026-09-25T17:00:00,2026-09-23T20:00:00,45,98.5,SEVERE,33.7,Thunderstorm / Rain,16,"[{""feature_key"": ""lag_168"", ""feature_name"": ""Same Time Last Week Congestion"", ""feature_value"": 98.5, ""shap_value"": 23.95, ""impact"": 23.95}, {""feature_key"": ""lag_foot_24"", ""feature_name"": ""Yesterday's Foot-Traffic"", ""feature_value"": 13284.0, ""shap_value"": 2.59, ""impact"": 2.59}, {""feature_key"": ""lag_24"", ""feature_name"": ""Yesterday's Same-Hour Congestion"", ""feature_value"": 98.4, ""shap_value"": 2.08, ""impact"": 2.08}, {""feature_key"": ""weather_transit_surge"", ""feature_name"": ""Rainfall Transit Inflow Surge"", ""feature_value"": 1.47, ""shap_value"": 1.83, ""impact"": 1.83}, {""feature_key"": ""lag_1"", ""feature_name"": ""Recent Congestion (1h ago)"", ""feature_value"": 93.1, ""shap_value"": 1.82, ""impact"": 1.82}]","[{""feature_key"": ""dow_sin"", ""feature_name"": ""Weekly Schedule Cycle"", ""feature_value"": -0.43, ""shap_value"": -0.24, ""impact"": -0.24}, {""feature_key"": ""lag_trips_24"", ""feature_name"": ""Yesterday's Scheduled Transit Trips"", ""feature_value"": 16.0, ""shap_value"": -0.2, ""impact"": -0.2}, {""feature_key"": ""tourist_weight"", ""feature_name"": ""Tourist Landmark Dominance"", ""feature_value"": 0.4, ""shap_value"": -0.1, ""impact"": -0.1}, {""feature_key"": ""capacity_baseline"", ""feature_name"": ""Station Theoretical Capacity"", ""feature_value"": 13500.0, ""shap_value"": -0.05, ""impact"": -0.05}, {""feature_key"": ""roll_mean_24h"", ""feature_name"": ""24-Hour Average Baseline"", ""feature_value"": 70.27, ""shap_value"": -0.05, ""impact"": -0.05}]",60.24
2926,MAA_KOYAMBEDU_CMBT,2026-09-25T18:00:00,2026-09-23T20:00:00,46,98.5,SEVERE,32.6,Monsoon Downpour,16,"[{""feature_key"": ""lag_168"", ""feature_name"": ""Same Time Last Week Congestion"", ""feature_value"": 98.5, ""shap_value"": 23.85, ""impact"": 23.85}, {""feature_key"": ""lag_foot_24"", ""feature_name"": ""Yesterday's Foot-Traffic"", ""feature_value"": 13230.0, ""shap_value"": 2.61, ""impact"": 2.61}, {""feature_key"": ""lag_1"", ""feature_name"": ""Recent Congestion (1h ago)"", ""feature_value"": 98.5, ""shap_value"": 2.33, ""impact"": 2.33}, {""feature_key"": ""lag_24"", ""feature_name"": ""Yesterday's Same-Hour Congestion"", ""feature_value"": 98.0, ""shap_value"": 2.16, ""impact"": 2.16}, {""feature_key"": ""weather_transit_surge"", ""feature_name"": ""Rainfall Transit Inflow Surge"", ""feature_value"": 1.47, ""shap_value"": 1.73, ""impact"": 1.73}]","[{""feature_key"": ""dow_sin"", ""feature_name"": ""Weekly Schedule Cycle"", ""feature_value"": -0.43, ""shap_value"": -0.23, ""impact"": -0.23}, {""feature_key"": ""lag_trips_24"", ""feature_name"": ""Yesterday's Scheduled Transit Trips"", ""feature_value"": 16.0, ""shap_value"": -0.22, ""impact"": -0.22}, {""feature_key"": ""roll_mean_6h"", ""feature_name"": ""6-Hour Moving Congestion Trend"", ""feature_value"": 78.0, ""shap_value"": -0.16, ""impact"": -0.16}, {""feature_key"": ""lag_3"", ""feature_name"": ""Short-term Congestion (3h ago)"", ""feature_value"": 81.8, ""shap_value"": -0.11, ""impact"": -0.11}, {""feature_key"": ""tourist_weight"", ""feature_name"": ""Tourist Landmark Dominance"", ""feature_value"": 0.4, ""shap_value"": -0.09, ""impact"": -0.09}]",60.24
2927,MAA_KOYAMBEDU_CMBT,2026-09-25T19:00:00,2026-09-23T20:00:00,47,98.3,SEVERE,31.3,Monsoon Downpour,16,"[{""feature_key"": ""lag_168"", ""feature_name"": ""Same Time Last Week Congestion"", ""feature_value"": 98.5, ""shap_value"": 24.04, ""impact"": 24.04}, {""feature_key"": ""lag_1"", ""feature_name"": ""Recent Congestion (1h ago)"", ""feature_value"": 98.5, ""shap_value"": 2.8, ""impact"": 2.8}, {""feature_key"": ""lag_foot_24"", ""feature_name"": ""Yesterday's Foot-Traffic"", ""feature_value"": 13203.0, ""shap_value"": 2.62, ""impact"": 2.62}, {""feature_key"": ""lag_24"", ""feature_name"": ""Yesterday's Same-Hour Congestion"", ""feature_value"": 97.8, ""shap_value"": 2.17, ""impact"": 2.17}, {""feature_key"": ""weather_transit_surge"", ""feature_name"": ""Rainfall Transit Inflow Surge"", ""feature_value"": 1.47, ""shap_value"": 2.01, ""impact"": 2.01}]","[{""feature_key"": ""lag_3"", ""feature_name"": ""Short-term Congestion (3h ago)"", ""feature_value"": 93.1, ""shap_value"": -0.27, ""impact"": -0.27}, {""feature_key"": ""dow_sin"", ""feature_name"": ""Weekly Schedule Cycle"", ""feature_value"": -0.43, ""shap_value"": -0.23, ""impact"": -0.23}, {""feature_key"": ""lag_trips_24"", ""feature_name"": ""Yesterday's Scheduled Transit Trips"", ""feature_value"": 16.0, ""shap_value"": -0.21, ""impact"": -0.21}, {""feature_key"": ""roll_mean_6h"", ""feature_name"": ""6-Hour Moving Congestion Trend"", ""feature_value"": 84.23, ""shap_value"": -0.21, ""impact"": -0.21}, {""feature_key"": ""feels_like_c"", ""feature_name"": ""Apparent Feels-Like Temperature"", ""feature_value"": 30.9, ""shap_value"": -0.07, ""impact"": -0.07}]",60.24
2928,MAA_KOYAMBEDU_CMBT,2026-09-25T20:00:00,2026-09-23T20:00:00,48,97.2,SEVERE,30.0,Thunderstorm / Rain,16,"[{""feature_key"": ""lag_168"", ""feature_name"": ""Same Time Last Week Congestion"", ""feature_value"": 98.5, ""shap_value"": 23.6, ""impact"": 23.6}, {""feature_key"": ""lag_1"", ""feature_name"": ""Recent Congestion (1h ago)"", ""feature_value"": 98.3, ""shap_value"": 2.52, ""impact"": 2.52}, {""feature_key"": ""lag_foot_24"", ""feature_name"": ""Yesterday's Foot-Traffic"", ""feature_value"": 12541.0, ""shap_value"": 2.49, ""impact"": 2.49}, {""feature_key"": ""weather_transit_surge"", ""feature_name"": ""Rainfall Transit Inflow Surge"", ""feature_value"": 1.47, ""shap_value"": 2.25, ""impact"": 2.25}, {""feature_key"": ""precip_mm"", ""feature_name"": ""Rainfall Intensity"", ""feature_value"": 4.05, ""shap_value"": 1.61, ""impact"": 1.61}]","[{""feature_key"": ""lag_3"", ""feature_name"": ""Short-term Congestion (3h ago)"", ""feature_value"": 98.5, ""shap_value"": -0.38, ""impact"": -0.38}, {""feature_key"": ""dow_sin"", ""feature_name"": ""Weekly Schedule Cycle"", ""feature_value"": -0.43, ""shap_value"": -0.34, ""impact"": -0.34}, {""feature_key"": ""roll_mean_6h"", ""feature_name"": ""6-Hour Moving Congestion Trend"", ""feature_value"": 90.65, ""shap_value"": -0.29, ""impact"": -0.29}, {""feature_key"": ""lag_trips_24"", ""feature_name"": ""Yesterday's Scheduled Transit Trips"", ""feature_value"": 16.0, ""shap_value"": -0.27, ""impact"": -0.27}, {""feature_key"": ""tourist_weight"", ""feature_name"": ""Tourist Landmark Dominance"", ""feature_value"": 0.4, ""shap_value"": -0.18, ""impact"": -0.18}]",60.24
2929,MAA_PHOENIX_VELACHERY,2026-09-23T21:00:00,2026-09-23T20:00:00,1,75.2,HIGH,29.6,Sunny & Warm,6,"[{""feature_key"": ""lag_168"", ""feature_name"": ""Same Time Last Week Congestion"", ""feature_value"": 83.7, ""shap_value"": 15.03, ""impact"": 15.03}, {""feature_key"": ""lag_1"", ""feature_name"": ""Recent Congestion (1h ago)"", ""feature_value"": 94.6, ""shap_value"": 2.7, ""impact"": 2.7}, {""feature_key"": ""lag_foot_24"", ""feature_name"": ""Yesterday's Foot-Traffic"", ""feature_value"": 9528.0, ""shap_value"": 2.25, ""impact"": 2.25}, {""feature_key"": ""lag_24"", ""feature_name"": ""Yesterday's Same-Hour Congestion"", ""feature_value"": 83.7, ""shap_value"": 0.92, ""impact"": 0.92}, {""feature_key"": ""lag_foot_1"", ""feature_name"": ""Recent Foot-Traffic (1h ago)"", ""feature_value"": 10476.0, ""shap_value"": 0.55, ""impact"": 0.55}]","[{""feature_key"": ""hour_sin"", ""feature_name"": ""Time of Day (Peak Window)"", ""feature_value"": -0.71, ""shap_value"": -1.5, ""impact"": -1.5}, {""feature_key"": ""transit_pressure_ratio"", ""feature_name"": ""Transit Demand-to-Supply Ratio"", ""feature_value"": 9.77, ""shap_value"": -1.36, ""impact"": -1.36}, {""feature_key"": ""scheduled_trips"", ""feature_name"": ""Transit Dispatch Frequency"", ""feature_value"": 6.0, ""shap_value"": -1.21, ""impact"": -1.21}, {""feature_key"": ""hour_cos"", ""feature_name"": ""Time of Day (Diurnal Cycle)"", ""feature_value"": 0.71, ""shap_value"": -1.14, ""impact"": -1.14}, {""feature_key"": ""lag_3"", ""feature_name"": ""Short-term Congestion (3h ago)"", ""feature_value"": 98.5, ""shap_value"": -0.93, ""impact"": -0.93}]",60.24
2930,MAA_PHOENIX_VELACHERY,2026-09-23T22:00:00,2026-09-23T20:00:00,2,49.4,MODERATE,26.8,Sunny & Warm,6,"[{""feature_key"": ""lag_foot_24"", ""feature_name"": ""Yesterday's Foot-Traffic"", ""feature_value"": 4893.0, ""shap_value"": 2.46, ""impact"": 2.46}, {""feature_key"": ""lag_1"", ""feature_name"": ""Recent Congestion (1h ago)"", ""feature_value"": 75.2, ""shap_value"": 2.4, ""impact"": 2.4}, {""feature_key"": ""lag_foot_1"", ""feature_name"": ""Recent Foot-Traffic (1h ago)"", ""feature_value"": 7520.0, ""shap_value"": 0.46, ""impact"": 0.46}, {""feature_key"": ""lag_trips_24"", ""feature_name"": ""Yesterday's Scheduled Transit Trips"", ""feature_value"": 6.0, ""shap_value"": 0.26, ""impact"": 0.26}, {""feature_key"": ""tourist_weight"", ""feature_name"": ""Tourist Landmark Dominance"", ""feature_value"": 0.85, ""shap_value"": 0.19, ""impact"": 0.19}]","[{""feature_key"": ""lag_168"", ""feature_name"": ""Same Time Last Week Congestion"", ""feature_value"": 52.9, ""shap_value"": -5.1, ""impact"": -5.1}, {""feature_key"": ""hour_cos"", ""feature_name"": ""Time of Day (Diurnal Cycle)"", ""feature_value"": 0.87, ""shap_value"": -3.16, ""impact"": -3.16}, {""feature_key"": ""lag_3"", ""feature_name"": ""Short-term Congestion (3h ago)"", ""feature_value"": 98.5, ""shap_value"": -1.14, ""impact"": -1.14}, {""feature_key"": ""hour_sin"", ""feature_name"": ""Time of Day (Peak Window)"", ""feature_value"": -0.5, ""shap_value"": -1.12, ""impact"": -1.12}, {""feature_key"": ""lag_24"", ""feature_name"": ""Yesterday's Same-Hour Congestion"", ""feature_value"": 52.9, ""shap_value"": -1.07, ""impact"": -1.07}]",60.24
2931,MAA_PHOENIX_VELACHERY,2026-09-23T23:00:00,2026-09-23T20:00:00,3,25.9,LOW,26.4,Sunny & Warm,6,"[{""feature_key"": ""lag_foot_1"", ""feature_name"": ""Recent Foot-Traffic (1h ago)"", ""feature_value"": 4940.0, ""shap_value"": 0.28, ""impact"": 0.28}, {""feature_key"": ""lag_trips_24"", ""feature_name"": ""Yesterday's Scheduled Transit Trips"", ""feature_value"": 6.0, ""shap_value"": 0.23, ""impact"": 0.23}, {""feature_key"": ""dow_cos"", ""feature_name"": ""Day of Week Alignment"", ""feature_value"": -0.22, ""shap_value"": 0.08, ""impact"": 0.08}, {""feature_key"": ""tourist_weight"", ""feature_name"": ""Tourist Landmark Dominance"", ""feature_value"": 0.85, ""shap_value"": 0.06, ""impact"": 0.06}, {""feature_key"": ""lag_2"", ""feature_name"": ""Short-term Congestion (2h ago)"", ""feature_value"": 75.2, ""shap_value"": 0.04, ""impact"": 0.04}]","[{""feature_key"": ""lag_168"", ""feature_name"": ""Same Time Last Week Congestion"", ""feature_value"": 33.0, ""shap_value"": -20.62, ""impact"": -20.62}, {""feature_key"": ""lag_foot_24"", ""feature_name"": ""Yesterday's Foot-Traffic"", ""feature_value"": 825.0, ""shap_value"": -3.19, ""impact"": -3.19}, {""feature_key"": ""hour_cos"", ""feature_name"": ""Time of Day (Diurnal Cycle)"", ""feature_value"": 0.97, ""shap_value"": -2.49, ""impact"": -2.49}, {""feature_key"": ""lag_24"", ""feature_name"": ""Yesterday's Same-Hour Congestion"", ""feature_value"": 26.6, ""shap_value"": -1.83, ""impact"": -1.83}, {""feature_key"": ""lag_1"", ""feature_name"": ""Recent Congestion (1h ago)"", ""feature_value"": 49.4, ""shap_value"": -1.53, ""impact"": -1.53}]",60.24
2932,MAA_PHOENIX_VELACHERY,2026-09-24T00:00:00,2026-09-23T20:00:00,4,17.6,LOW,25.6,Humid / Overcast,8,"[{""feature_key"": ""lag_trips_24"", ""feature_name"": ""Yesterday's Scheduled Transit Trips"", ""feature_value"": 6.0, ""shap_value"": 0.21, ""impact"": 0.21}, {""feature_key"": ""tourist_weight"", ""feature_name"": ""Tourist Landmark Dominance"", ""feature_value"": 0.85, ""shap_value"": 0.05, ""impact"": 0.05}, {""feature_key"": ""capacity_baseline"", ""feature_name"": ""Station Theoretical Capacity"", ""feature_value"": 10000.0, ""shap_value"": 0.04, ""impact"": 0.04}, {""feature_key"": ""roll_mean_24h"", ""feature_name"": ""24-Hour Average Baseline"", ""feature_value"": 58.09, ""shap_value"": 0.03, ""impact"": 0.03}, {""feature_key"": ""dow_cos"", ""feature_name"": ""Day of Week Alignment"", ""feature_value"": -0.9, ""shap_value"": 0.01, ""impact"": 0.01}]","[{""feature_key"": ""lag_168"", ""feature_name"": ""Same Time Last Week Congestion"", ""feature_value"": 24.4, ""shap_value"": -26.25, ""impact"": -26.25}, {""feature_key"": ""lag_foot_24"", ""feature_name"": ""Yesterday's Foot-Traffic"", ""feature_value"": 531.0, ""shap_value"": -5.08, ""impact"": -5.08}, {""feature_key"": ""lag_24"", ""feature_name"": ""Yesterday's Same-Hour Congestion"", ""feature_value"": 17.1, ""shap_value"": -2.53, ""impact"": -2.53}, {""feature_key"": ""lag_1"", ""feature_name"": ""Recent Congestion (1h ago)"", ""feature_value"": 25.9, ""shap_value"": -2.51, ""impact"": -2.51}, {""feature_key"": ""hour_cos"", ""feature_name"": ""Time of Day (Diurnal Cycle)"", ""feature_value"": 1.0, ""shap_value"": -2.09, ""impact"": -2.09}]",60.24
2933,MAA_PHOENIX_VELACHERY,2026-09-24T01:00:00,2026-09-23T20:00:00,5,18.8,LOW,26.0,Humid / Overcast,8,"[{""feature_key"": ""lag_trips_24"", ""feature_name"": ""Yesterday's Scheduled Transit Trips"", ""feature_value"": 6.0, ""shap_value"": 0.23, ""impact"": 0.23}, {""feature_key"": ""lag_3"", ""feature_name"": ""Short-term Congestion (3h ago)"", ""feature_value"": 49.4, ""shap_value"": 0.2, ""impact"": 0.2}, {""feature_key"": ""roll_mean_6h"", ""feature_name"": ""6-Hour Moving Congestion Trend"", ""feature_value"": 60.2, ""shap_value"": 0.09, ""impact"": 0.09}, {""feature_key"": ""tourist_weight"", ""feature_name"": ""Tourist Landmark Dominance"", ""feature_value"": 0.85, ""shap_value"": 0.05, ""impact"": 0.05}, {""feature_key"": ""capacity_baseline"", ""feature_name"": ""Station Theoretical Capacity"", ""feature_value"": 10000.0, ""shap_value"": 0.02, ""impact"": 0.02}]","[{""feature_key"": ""lag_168"", ""feature_name"": ""Same Time Last Week Congestion"", ""feature_value"": 28.4, ""shap_value"": -23.86, ""impact"": -23.86}, {""feature_key"": ""lag_foot_24"", ""feature_name"": ""Yesterday's Foot-Traffic"", ""feature_value"": 567.0, ""shap_value"": -5.26, ""impact"": -5.26}, {""feature_key"": ""lag_24"", ""feature_name"": ""Yesterday's Same-Hour Congestion"", ""feature_value"": 18.2, ""shap_value"": -2.94, ""impact"": -2.94}, {""feature_key"": ""lag_1"", ""feature_name"": ""Recent Congestion (1h ago)"", ""feature_value"": 17.6, ""shap_value"": -2.83, ""impact"": -2.83}, {""feature_key"": ""hour_cos"", ""feature_name"": ""Time of Day (Diurnal Cycle)"", ""feature_value"": 0.97, ""shap_value"": -1.9, ""impact"": -1.9}]",60.24
2934,MAA_PHOENIX_VELACHERY,2026-09-24T02:00:00,2026-09-23T20:00:00,6,20.5,LOW,24.6,Humid / Overcast,8,"[{""feature_key"": ""lag_trips_24"", ""feature_name"": ""Yesterday's Scheduled Transit Trips"", ""feature_value"": 6.0, ""shap_value"": 0.25, ""impact"": 0.25}, {""feature_key"": ""lag_3"", ""feature_name"": ""Short-term Congestion (3h ago)"", ""feature_value"": 25.9, ""shap_value"": 0.18, ""impact"": 0.18}, {""feature_key"": ""roll_mean_6h"", ""feature_name"": ""6-Hour Moving Congestion Trend"", ""feature_value"": 46.92, ""shap_value"": 0.1, ""impact"": 0.1}, {""feature_key"": ""tourist_weight"", ""feature_name"": ""Tourist Landmark Dominance"", ""feature_value"": 0.85, ""shap_value"": 0.05, ""impact"": 0.05}, {""feature_key"": ""capacity_baseline"", ""feature_name"": ""Station Theoretical Capacity"", ""feature_value"": 10000.0, ""shap_value"": 0.03, ""impact"": 0.03}]","[{""feature_key"": ""lag_168"", ""feature_name"": ""Same Time Last Week Congestion"", ""feature_value"": 29.2, ""shap_value"": -23.63, ""impact"": -23.63}, {""feature_key"": ""lag_foot_24"", ""feature_name"": ""Yesterday's Foot-Traffic"", ""feature_value"": 624.0, ""shap_value"": -4.37, ""impact"": -4.37}, {""feature_key"": ""lag_24"", ""feature_name"": ""Yesterday's Same-Hour Congestion"", ""feature_value"": 20.1, ""shap_value"": -3.09, ""impact"": -3.09}, {""feature_key"": ""lag_1"", ""feature_name"": ""Recent Congestion (1h ago)"", ""feature_value"": 18.8, ""shap_value"": -2.99, ""impact"": -2.99}, {""feature_key"": ""hour_cos"", ""feature_name"": ""Time of Day (Diurnal Cycle)"", ""feature_value"": 0.87, ""shap_value"": -1.44, ""impact"": -1.44}]",60.24
2935,MAA_PHOENIX_VELACHERY,2026-09-24T03:00:00,2026-09-23T20:00:00,7,30.6,LOW,24.9,Monsoon Downpour,8,"[{""feature_key"": ""precip_mm"", ""feature_name"": ""Rainfall Intensity"", ""feature_value"": 12.63, ""shap_value"": 2.47, ""impact"": 2.47}, {""feature_key"": ""weather_transit_surge"", ""feature_name"": ""Rainfall Transit Inflow Surge"", ""feature_value"": 1.04, ""shap_value"": 2.14, ""impact"": 2.14}, {""feature_key"": ""weather_tourism_suppression"", ""feature_name"": ""Weather Tourist Dampening Index"", ""feature_value"": 1.53, ""shap_value"": 1.04, ""impact"": 1.04}, {""feature_key"": ""is_rain"", ""feature_name"": ""Rain Weather Friction"", ""feature_value"": 1.0, ""shap_value"": 0.36, ""impact"": 0.36}, {""feature_key"": ""roll_mean_6h"", ""feature_name"": ""6-Hour Moving Congestion Trend"", ""feature_value"": 34.57, ""shap_value"": 0.32, ""impact"": 0.32}]","[{""feature_key"": ""lag_168"", ""feature_name"": ""Same Time Last Week Congestion"", ""feature_value"": 22.5, ""shap_value"": -25.38, ""impact"": -25.38}, {""feature_key"": ""lag_foot_24"", ""feature_name"": ""Yesterday's Foot-Traffic"", ""feature_value"": 656.0, ""shap_value"": -2.58, ""impact"": -2.58}, {""feature_key"": ""lag_1"", ""feature_name"": ""Recent Congestion (1h ago)"", ""feature_value"": 20.5, ""shap_value"": -2.55, ""impact"": -2.55}, {""feature_key"": ""lag_24"", ""feature_name"": ""Yesterday's Same-Hour Congestion"", ""feature_value"": 21.1, ""shap_value"": -1.89, ""impact"": -1.89}, {""feature_key"": ""lag_foot_1"", ""feature_name"": ""Recent Foot-Traffic (1h ago)"", ""feature_value"": 2050.0, ""shap_value"": -1.37, ""impact"": -1.37}]",60.24
2936,MAA_PHOENIX_VELACHERY,2026-09-24T04:00:00,2026-09-23T20:00:00,8,32.8,LOW,27.2,Monsoon Downpour,8,"[{""feature_key"": ""precip_mm"", ""feature_name"": ""Rainfall Intensity"", ""feature_value"": 13.93, ""shap_value"": 2.3, ""impact"": 2.3}, {""feature_key"": ""weather_transit_surge"", ""feature_name"": ""Rainfall Transit Inflow Surge"", ""feature_value"": 1.04, ""shap_value"": 2.08, ""impact"": 2.08}, {""feature_key"": ""weather_tourism_suppression"", ""feature_name"": ""Weather Tourist Dampening Index"", ""feature_value"": 1.53, ""shap_value"": 1.27, ""impact"": 1.27}, {""feature_key"": ""roll_mean_6h"", ""feature_name"": ""6-Hour Moving Congestion Trend"", ""feature_value"": 27.13, ""shap_value"": 0.41, ""impact"": 0.41}, {""feature_key"": ""is_rain"", ""feature_name"": ""Rain Weather Friction"", ""feature_value"": 1.0, ""shap_value"": 0.36, ""impact"": 0.36}]","[{""feature_key"": ""lag_168"", ""feature_name"": ""Same Time Last Week Congestion"", ""feature_value"": 23.3, ""shap_value"": -24.88, ""impact"": -24.88}, {""feature_key"": ""lag_1"", ""feature_name"": ""Recent Congestion (1h ago)"", ""feature_value"": 30.6, ""shap_value"": -2.43, ""impact"": -2.43}, {""feature_key"": ""lag_foot_24"", ""feature_name"": ""Yesterday's Foot-Traffic"", ""feature_value"": 755.0, ""shap_value"": -1.95, ""impact"": -1.95}, {""feature_key"": ""lag_24"", ""feature_name"": ""Yesterday's Same-Hour Congestion"", ""feature_value"": 24.3, ""shap_value"": -1.63, ""impact"": -1.63}, {""feature_key"": ""lag_foot_1"", ""feature_name"": ""Recent Foot-Traffic (1h ago)"", ""feature_value"": 3060.0, ""shap_value"": -1.26, ""impact"": -1.26}]",60.24
2937,MAA_PHOENIX_VELACHERY,2026-09-24T05:00:00,2026-09-23T20:00:00,9,45.5,MODERATE,25.6,Monsoon Downpour,6,"[{""feature_key"": ""precip_mm"", ""feature_name"": ""Rainfall Intensity"", ""feature_value"": 9.92, ""shap_value"": 3.24, ""impact"": 3.24}, {""feature_key"": ""weather_transit_surge"", ""feature_name"": ""Rainfall Transit Inflow Surge"", ""feature_value"": 1.04, ""shap_value"": 1.58, ""impact"": 1.58}, {""feature_key"": ""weather_tourism_suppression"", ""feature_name"": ""Weather Tourist Dampening Index"", ""feature_value"": 1.53, ""shap_value"": 1.22, ""impact"": 1.22}, {""feature_key"": ""hour_sin"", ""feature_name"": ""Time of Day (Peak Window)"", ""feature_value"": 0.97, ""shap_value"": 0.71, ""impact"": 0.71}, {""feature_key"": ""is_rain"", ""feature_name"": ""Rain Weather Friction"", ""feature_value"": 1.0, ""shap_value"": 0.58, ""impact"": 0.58}]","[{""feature_key"": ""lag_168"", ""feature_name"": ""Same Time Last Week Congestion"", ""feature_value"": 31.6, ""shap_value"": -17.64, ""impact"": -17.64}, {""feature_key"": ""lag_1"", ""feature_name"": ""Recent Congestion (1h ago)"", ""feature_value"": 32.8, ""shap_value"": -2.5, ""impact"": -2.5}, {""feature_key"": ""lag_foot_24"", ""feature_name"": ""Yesterday's Foot-Traffic"", ""feature_value"": 1202.0, ""shap_value"": -0.72, ""impact"": -0.72}, {""feature_key"": ""lag_24"", ""feature_name"": ""Yesterday's Same-Hour Congestion"", ""feature_value"": 35.0, ""shap_value"": -0.68, ""impact"": -0.68}, {""feature_key"": ""lag_foot_1"", ""feature_name"": ""Recent Foot-Traffic (1h ago)"", ""feature_value"": 3279.0, ""shap_value"": -0.49, ""impact"": -0.49}]",60.24
2938,MAA_PHOENIX_VELACHERY,2026-09-24T06:00:00,2026-09-23T20:00:00,10,60.9,HIGH,28.9,Monsoon Downpour,6,"[{""feature_key"": ""precip_mm"", ""feature_name"": ""Rainfall Intensity"", ""feature_value"": 13.58, ""shap_value"": 3.69, ""impact"": 3.69}, {""feature_key"": ""weather_transit_surge"", ""feature_name"": ""Rainfall Transit Inflow Surge"", ""feature_value"": 1.04, ""shap_value"": 1.78, ""impact"": 1.78}, {""feature_key"": ""hour_cos"", ""feature_name"": ""Time of Day (Diurnal Cycle)"", ""feature_value"": 0.0, ""shap_value"": 1.47, ""impact"": 1.47}, {""feature_key"": ""hour_sin"", ""feature_name"": ""Time of Day (Peak Window)"", ""feature_value"": 1.0, ""shap_value"": 0.95, ""impact"": 0.95}, {""feature_key"": ""weather_tourism_suppression"", ""feature_name"": ""Weather Tourist Dampening Index"", ""feature_value"": 1.53, ""shap_value"": 0.64, ""impact"": 0.64}]","[{""feature_key"": ""lag_168"", ""feature_name"": ""Same Time Last Week Congestion"", ""feature_value"": 45.3, ""shap_value"": -7.06, ""impact"": -7.06}, {""feature_key"": ""lag_1"", ""feature_name"": ""Recent Congestion (1h ago)"", ""feature_value"": 45.5, ""shap_value"": -1.59, ""impact"": -1.59}, {""feature_key"": ""lag_24"", ""feature_name"": ""Yesterday's Same-Hour Congestion"", ""feature_value"": 46.4, ""shap_value"": -1.07, ""impact"": -1.07}, {""feature_key"": ""scheduled_trips"", ""feature_name"": ""Transit Dispatch Frequency"", ""feature_value"": 6.0, ""shap_value"": -0.45, ""impact"": -0.45}, {""feature_key"": ""transit_pressure_ratio"", ""feature_name"": ""Transit Demand-to-Supply Ratio"", ""feature_value"": 9.89, ""shap_value"": -0.43, ""impact"": -0.43}]",60.24
2939,MAA_PHOENIX_VELACHERY,2026-09-24T07:00:00,2026-09-23T20:00:00,11,84.8,SEVERE,29.8,Monsoon Downpour,6,"[{""feature_key"": ""lag_168"", ""feature_name"": ""Same Time Last Week Congestion"", ""feature_value"": 80.6, ""shap_value"": 14.86, ""impact"": 14.86}, {""feature_key"": ""weather_transit_surge"", ""feature_name"": ""Rainfall Transit Inflow Surge"", ""feature_value"": 1.04, ""shap_value"": 4.54, ""impact"": 4.54}, {""feature_key"": ""hour_sin"", ""feature_name"": ""Time of Day (Peak Window)"", ""feature_value"": 0.97, ""shap_value"": 2.25, ""impact"": 2.25}, {""feature_key"": ""lag_foot_24"", ""feature_name"": ""Yesterday's Foot-Traffic"", ""feature_value"": 6176.0, ""shap_value"": 2.17, ""impact"": 2.17}, {""feature_key"": ""hour_cos"", ""feature_name"": ""Time of Day (Diurnal Cycle)"", ""feature_value"": -0.26, ""shap_value"": 1.7, ""impact"": 1.7}]","[{""feature_key"": ""lag_1"", ""feature_name"": ""Recent Congestion (1h ago)"", ""feature_value"": 60.9, ""shap_value"": -2.02, ""impact"": -2.02}, {""feature_key"": ""lag_24"", ""feature_name"": ""Yesterday's Same-Hour Congestion"", ""feature_value"": 59.7, ""shap_value"": -0.88, ""impact"": -0.88}, {""feature_key"": ""transit_pressure_ratio"", ""feature_name"": ""Transit Demand-to-Supply Ratio"", ""feature_value"": 9.99, ""shap_value"": -0.82, ""impact"": -0.82}, {""feature_key"": ""scheduled_trips"", ""feature_name"": ""Transit Dispatch Frequency"", ""feature_value"": 6.0, ""shap_value"": -0.47, ""impact"": -0.47}, {""feature_key"": ""roll_mean_3h"", ""feature_name"": ""3-Hour Moving Congestion Trend"", ""feature_value"": 46.4, ""shap_value"": -0.3, ""impact"": -0.3}]",60.24
2940,MAA_PHOENIX_VELACHERY,2026-09-24T08:00:00,2026-09-23T20:00:00,12,87.2,SEVERE,31.0,Sunny & Warm,16,"[{""feature_key"": ""lag_168"", ""feature_name"": ""Same Time Last Week Congestion"", ""feature_value"": 90.5, ""shap_value"": 20.67, ""impact"": 20.67}, {""feature_key"": ""lag_1"", ""feature_name"": ""Recent Congestion (1h ago)"", ""feature_value"": 84.8, ""shap_value"": 2.51, ""impact"": 2.51}, {""feature_key"": ""lag_foot_24"", ""feature_name"": ""Yesterday's Foot-Traffic"", ""feature_value"": 7805.0, ""shap_value"": 2.44, ""impact"": 2.44}, {""feature_key"": ""hour_cos"", ""feature_name"": ""Time of Day (Diurnal Cycle)"", ""feature_value"": -0.5, ""shap_value"": 1.57, ""impact"": 1.57}, {""feature_key"": ""lag_foot_1"", ""feature_name"": ""Recent Foot-Traffic (1h ago)"", ""feature_value"": 8480.0, ""shap_value"": 1.06, ""impact"": 1.06}]","[{""feature_key"": ""hour_sin"", ""feature_name"": ""Time of Day (Peak Window)"", ""feature_value"": 0.87, ""shap_value"": -0.91, ""impact"": -0.91}, {""feature_key"": ""lag_24"", ""feature_name"": ""Yesterday's Same-Hour Congestion"", ""feature_value"": 75.7, ""shap_value"": -0.7, ""impact"": -0.7}, {""feature_key"": ""weather_transit_surge"", ""feature_name"": ""Rainfall Transit Inflow Surge"", ""feature_value"": 0.0, ""shap_value"": -0.62, ""impact"": -0.62}, {""feature_key"": ""lag_trips_24"", ""feature_name"": ""Yesterday's Scheduled Transit Trips"", ""feature_value"": 16.0, ""shap_value"": -0.29, ""impact"": -0.29}, {""feature_key"": ""dow_sin"", ""feature_name"": ""Weekly Schedule Cycle"", ""feature_value"": 0.43, ""shap_value"": -0.28, ""impact"": -0.28}]",60.24
2941,MAA_PHOENIX_VELACHERY,2026-09-24T09:00:00,2026-09-23T20:00:00,13,91.5,SEVERE,31.6,Sunny & Warm,16,"[{""feature_key"": ""lag_168"", ""feature_name"": ""Same Time Last Week Congestion"", ""feature_value"": 96.4, ""shap_value"": 24.01, ""impact"": 24.01}, {""feature_key"": ""lag_1"", ""feature_name"": ""Recent Congestion (1h ago)"", ""feature_value"": 87.2, ""shap_value"": 3.06, ""impact"": 3.06}, {""feature_key"": ""lag_foot_24"", ""feature_name"": ""Yesterday's Foot-Traffic"", ""feature_value"": 9584.0, ""shap_value"": 2.25, ""impact"": 2.25}, {""feature_key"": ""hour_cos"", ""feature_name"": ""Time of Day (Diurnal Cycle)"", ""feature_value"": -0.71, ""shap_value"": 1.26, ""impact"": 1.26}, {""feature_key"": ""lag_foot_1"", ""feature_name"": ""Recent Foot-Traffic (1h ago)"", ""feature_value"": 8720.0, ""shap_value"": 1.06, ""impact"": 1.06}]","[{""feature_key"": ""hour_sin"", ""feature_name"": ""Time of Day (Peak Window)"", ""feature_value"": 0.71, ""shap_value"": -0.72, ""impact"": -0.72}, {""feature_key"": ""weather_transit_surge"", ""feature_name"": ""Rainfall Transit Inflow Surge"", ""feature_value"": 0.0, ""shap_value"": -0.47, ""impact"": -0.47}, {""feature_key"": ""dow_sin"", ""feature_name"": ""Weekly Schedule Cycle"", ""feature_value"": 0.43, ""shap_value"": -0.35, ""impact"": -0.35}, {""feature_key"": ""lag_trips_24"", ""feature_name"": ""Yesterday's Scheduled Transit Trips"", ""feature_value"": 16.0, ""shap_value"": -0.28, ""impact"": -0.28}, {""feature_key"": ""humidity_pct"", ""feature_name"": ""Marine Layer / Humidity"", ""feature_value"": 79.0, ""shap_value"": -0.12, ""impact"": -0.12}]",60.24
2942,MAA_PHOENIX_VELACHERY,2026-09-24T10:00:00,2026-09-23T20:00:00,14,83.9,SEVERE,34.0,Sunny & Warm,16,"[{""feature_key"": ""lag_168"", ""feature_name"": ""Same Time Last Week Congestion"", ""feature_value"": 95.7, ""shap_value"": 22.36, ""impact"": 22.36}, {""feature_key"": ""lag_1"", ""feature_name"": ""Recent Congestion (1h ago)"", ""feature_value"": 91.5, ""shap_value"": 3.23, ""impact"": 3.23}, {""feature_key"": ""lag_foot_24"", ""feature_name"": ""Yesterday's Foot-Traffic"", ""feature_value"": 7824.0, ""shap_value"": 2.16, ""impact"": 2.16}, {""feature_key"": ""lag_foot_1"", ""feature_name"": ""Recent Foot-Traffic (1h ago)"", ""feature_value"": 9150.0, ""shap_value"": 0.91, ""impact"": 0.91}, {""feature_key"": ""temp_c"", ""feature_name"": ""Ambient Temperature"", ""feature_value"": 34.0, ""shap_value"": 0.32, ""impact"": 0.32}]","[{""feature_key"": ""hour_cos"", ""feature_name"": ""Time of Day (Diurnal Cycle)"", ""feature_value"": -0.87, ""shap_value"": -1.76, ""impact"": -1.76}, {""feature_key"": ""hour_sin"", ""feature_name"": ""Time of Day (Peak Window)"", ""feature_value"": 0.5, ""shap_value"": -1.35, ""impact"": -1.35}, {""feature_key"": ""lag_24"", ""feature_name"": ""Yesterday's Same-Hour Congestion"", ""feature_value"": 72.5, ""shap_value"": -1.17, ""impact"": -1.17}, {""feature_key"": ""weather_transit_surge"", ""feature_name"": ""Rainfall Transit Inflow Surge"", ""feature_value"": 0.0, ""shap_value"": -0.54, ""impact"": -0.54}, {""feature_key"": ""dow_sin"", ""feature_name"": ""Weekly Schedule Cycle"", ""feature_value"": 0.43, ""shap_value"": -0.44, ""impact"": -0.44}]",60.24
2943,MAA_PHOENIX_VELACHERY,2026-09-24T11:00:00,2026-09-23T20:00:00,15,68.9,HIGH,33.3,Sunny & Warm,10,"[{""feature_key"": ""lag_168"", ""feature_name"": ""Same Time Last Week Congestion"", ""feature_value"": 81.8, ""shap_value"": 12.72, ""impact"": 12.72}, {""feature_key"": ""lag_1"", ""feature_name"": ""Recent Congestion (1h ago)"", ""feature_value"": 83.9, ""shap_value"": 2.19, ""impact"": 2.19}, {""feature_key"": ""lag_foot_24"", ""feature_name"": ""Yesterday's Foot-Traffic"", ""feature_value"": 5522.0, ""shap_value"": 2.11, ""impact"": 2.11}, {""feature_key"": ""lag_foot_1"", ""feature_name"": ""Recent Foot-Traffic (1h ago)"", ""feature_value"": 8390.0, ""shap_value"": 0.89, ""impact"": 0.89}, {""feature_key"": ""temp_c"", ""feature_name"": ""Ambient Temperature"", ""feature_value"": 33.3, ""shap_value"": 0.45, ""impact"": 0.45}]","[{""feature_key"": ""hour_cos"", ""feature_name"": ""Time of Day (Diurnal Cycle)"", ""feature_value"": -0.97, ""shap_value"": -3.29, ""impact"": -3.29}, {""feature_key"": ""hour_sin"", ""feature_name"": ""Time of Day (Peak Window)"", ""feature_value"": 0.26, ""shap_value"": -1.83, ""impact"": -1.83}, {""feature_key"": ""weather_transit_surge"", ""feature_name"": ""Rainfall Transit Inflow Surge"", ""feature_value"": 0.0, ""shap_value"": -1.0, ""impact"": -1.0}, {""feature_key"": ""transit_weight"", ""feature_name"": ""Transit Commuter Dominance"", ""feature_value"": 0.65, ""shap_value"": -0.77, ""impact"": -0.77}, {""feature_key"": ""dow_sin"", ""feature_name"": ""Weekly Schedule Cycle"", ""feature_value"": 0.43, ""shap_value"": -0.68, ""impact"": -0.68}]",60.24
2944,MAA_PHOENIX_VELACHERY,2026-09-24T12:00:00,2026-09-23T20:00:00,16,53.8,MODERATE,35.5,Hot Summer Spell,10,"[{""feature_key"": ""lag_1"", ""feature_name"": ""Recent Congestion (1h ago)"", ""feature_value"": 68.9, ""shap_value"": 0.94, ""impact"": 0.94}, {""feature_key"": ""lag_foot_1"", ""feature_name"": ""Recent Foot-Traffic (1h ago)"", ""feature_value"": 6890.0, ""shap_value"": 0.75, ""impact"": 0.75}, {""feature_key"": ""lag_foot_24"", ""feature_name"": ""Yesterday's Foot-Traffic"", ""feature_value"": 4072.0, ""shap_value"": 0.57, ""impact"": 0.57}, {""feature_key"": ""temp_c"", ""feature_name"": ""Ambient Temperature"", ""feature_value"": 35.5, ""shap_value"": 0.45, ""impact"": 0.45}, {""feature_key"": ""feels_like_c"", ""feature_name"": ""Apparent Feels-Like Temperature"", ""feature_value"": 34.8, ""shap_value"": 0.15, ""impact"": 0.15}]","[{""feature_key"": ""lag_168"", ""feature_name"": ""Same Time Last Week Congestion"", ""feature_value"": 51.1, ""shap_value"": -3.73, ""impact"": -3.73}, {""feature_key"": ""hour_sin"", ""feature_name"": ""Time of Day (Peak Window)"", ""feature_value"": 0.0, ""shap_value"": -1.26, ""impact"": -1.26}, {""feature_key"": ""hour_cos"", ""feature_name"": ""Time of Day (Diurnal Cycle)"", ""feature_value"": -1.0, ""shap_value"": -1.01, ""impact"": -1.01}, {""feature_key"": ""lag_3"", ""feature_name"": ""Short-term Congestion (3h ago)"", ""feature_value"": 91.5, ""shap_value"": -0.58, ""impact"": -0.58}, {""feature_key"": ""precip_mm"", ""feature_name"": ""Rainfall Intensity"", ""feature_value"": 0.0, ""shap_value"": -0.44, ""impact"": -0.44}]",60.24
2945,MAA_PHOENIX_VELACHERY,2026-09-24T13:00:00,2026-09-23T20:00:00,17,52.9,MODERATE,34.2,Sunny & Warm,10,"[{""feature_key"": ""lag_foot_24"", ""feature_name"": ""Yesterday's Foot-Traffic"", ""feature_value"": 4522.0, ""shap_value"": 2.53, ""impact"": 2.53}, {""feature_key"": ""lag_foot_1"", ""feature_name"": ""Recent Foot-Traffic (1h ago)"", ""feature_value"": 5379.0, ""shap_value"": 0.6, ""impact"": 0.6}, {""feature_key"": ""temp_c"", ""feature_name"": ""Ambient Temperature"", ""feature_value"": 34.2, ""shap_value"": 0.36, ""impact"": 0.36}, {""feature_key"": ""humidity_pct"", ""feature_name"": ""Marine Layer / Humidity"", ""feature_value"": 61.0, ""shap_value"": 0.24, ""impact"": 0.24}, {""feature_key"": ""feels_like_c"", ""feature_name"": ""Apparent Feels-Like Temperature"", ""feature_value"": 33.0, ""shap_value"": 0.16, ""impact"": 0.16}]","[{""feature_key"": ""lag_168"", ""feature_name"": ""Same Time Last Week Congestion"", ""feature_value"": 49.6, ""shap_value"": -3.87, ""impact"": -3.87}, {""feature_key"": ""lag_1"", ""feature_name"": ""Recent Congestion (1h ago)"", ""feature_value"": 53.8, ""shap_value"": -1.41, ""impact"": -1.41}, {""feature_key"": ""hour_sin"", ""feature_name"": ""Time of Day (Peak Window)"", ""feature_value"": -0.26, ""shap_value"": -1.37, ""impact"": -1.37}, {""feature_key"": ""lag_24"", ""feature_name"": ""Yesterday's Same-Hour Congestion"", ""feature_value"": 49.8, ""shap_value"": -1.23, ""impact"": -1.23}, {""feature_key"": ""hour_cos"", ""feature_name"": ""Time of Day (Diurnal Cycle)"", ""feature_value"": -0.97, ""shap_value"": -0.54, ""impact"": -0.54}]",60.24
2946,MAA_PHOENIX_VELACHERY,2026-09-24T14:00:00,2026-09-23T20:00:00,18,63.2,HIGH,35.2,Coastal Sea Breeze,10,"[{""feature_key"": ""lag_168"", ""feature_name"": ""Same Time Last Week Congestion"", ""feature_value"": 67.0, ""shap_value"": 6.09, ""impact"": 6.09}, {""feature_key"": ""lag_foot_24"", ""feature_name"": ""Yesterday's Foot-Traffic"", ""feature_value"": 4278.0, ""shap_value"": 1.56, ""impact"": 1.56}, {""feature_key"": ""temp_c"", ""feature_name"": ""Ambient Temperature"", ""feature_value"": 35.2, ""shap_value"": 0.79, ""impact"": 0.79}, {""feature_key"": ""lag_foot_1"", ""feature_name"": ""Recent Foot-Traffic (1h ago)"", ""feature_value"": 5290.0, ""shap_value"": 0.5, ""impact"": 0.5}, {""feature_key"": ""humidity_pct"", ""feature_name"": ""Marine Layer / Humidity"", ""feature_value"": 63.0, ""shap_value"": 0.32, ""impact"": 0.32}]","[{""feature_key"": ""lag_1"", ""feature_name"": ""Recent Congestion (1h ago)"", ""feature_value"": 52.9, ""shap_value"": -2.55, ""impact"": -2.55}, {""feature_key"": ""lag_24"", ""feature_name"": ""Yesterday's Same-Hour Congestion"", ""feature_value"": 59.5, ""shap_value"": -0.97, ""impact"": -0.97}, {""feature_key"": ""hour_sin"", ""feature_name"": ""Time of Day (Peak Window)"", ""feature_value"": -0.5, ""shap_value"": -0.85, ""impact"": -0.85}, {""feature_key"": ""weather_transit_surge"", ""feature_name"": ""Rainfall Transit Inflow Surge"", ""feature_value"": 0.0, ""shap_value"": -0.55, ""impact"": -0.55}, {""feature_key"": ""dow_sin"", ""feature_name"": ""Weekly Schedule Cycle"", ""feature_value"": 0.43, ""shap_value"": -0.48, ""impact"": -0.48}]",60.24
2947,MAA_PHOENIX_VELACHERY,2026-09-24T15:00:00,2026-09-23T20:00:00,19,74.4,HIGH,33.7,Coastal Sea Breeze,10,"[{""feature_key"": ""lag_168"", ""feature_name"": ""Same Time Last Week Congestion"", ""feature_value"": 78.0, ""shap_value"": 12.67, ""impact"": 12.67}, {""feature_key"": ""lag_foot_24"", ""feature_name"": ""Yesterday's Foot-Traffic"", ""feature_value"": 5496.0, ""shap_value"": 2.63, ""impact"": 2.63}, {""feature_key"": ""temp_c"", ""feature_name"": ""Ambient Temperature"", ""feature_value"": 33.7, ""shap_value"": 1.21, ""impact"": 1.21}, {""feature_key"": ""lag_foot_1"", ""feature_name"": ""Recent Foot-Traffic (1h ago)"", ""feature_value"": 6320.0, ""shap_value"": 0.83, ""impact"": 0.83}, {""feature_key"": ""lag_3"", ""feature_name"": ""Short-term Congestion (3h ago)"", ""feature_value"": 53.8, ""shap_value"": 0.63, ""impact"": 0.63}]","[{""feature_key"": ""lag_1"", ""feature_name"": ""Recent Congestion (1h ago)"", ""feature_value"": 63.2, ""shap_value"": -1.73, ""impact"": -1.73}, {""feature_key"": ""lag_24"", ""feature_name"": ""Yesterday's Same-Hour Congestion"", ""feature_value"": 66.6, ""shap_value"": -0.79, ""impact"": -0.79}, {""feature_key"": ""dow_sin"", ""feature_name"": ""Weekly Schedule Cycle"", ""feature_value"": 0.43, ""shap_value"": -0.51, ""impact"": -0.51}, {""feature_key"": ""weather_transit_surge"", ""feature_name"": ""Rainfall Transit Inflow Surge"", ""feature_value"": 0.0, ""shap_value"": -0.48, ""impact"": -0.48}, {""feature_key"": ""hour_sin"", ""feature_name"": ""Time of Day (Peak Window)"", ""feature_value"": -0.71, ""shap_value"": -0.47, ""impact"": -0.47}]",60.24
2948,MAA_PHOENIX_VELACHERY,2026-09-24T16:00:00,2026-09-23T20:00:00,20,95.8,SEVERE,33.9,Coastal Sea Breeze,10,"[{""feature_key"": ""lag_168"", ""feature_name"": ""Same Time Last Week Congestion"", ""feature_value"": 98.5, ""shap_value"": 25.47, ""impact"": 25.47}, {""feature_key"": ""lag_foot_24"", ""feature_name"": ""Yesterday's Foot-Traffic"", ""feature_value"": 8002.0, ""shap_value"": 2.51, ""impact"": 2.51}, {""feature_key"": ""hour_sin"", ""feature_name"": ""Time of Day (Peak Window)"", ""feature_value"": -0.87, ""shap_value"": 2.45, ""impact"": 2.45}, {""feature_key"": ""hour_cos"", ""feature_name"": ""Time of Day (Diurnal Cycle)"", ""feature_value"": -0.5, ""shap_value"": 1.48, ""impact"": 1.48}, {""feature_key"": ""lag_24"", ""feature_name"": ""Yesterday's Same-Hour Congestion"", ""feature_value"": 84.4, ""shap_value"": 1.06, ""impact"": 1.06}]","[{""feature_key"": ""transit_pressure_ratio"", ""feature_name"": ""Transit Demand-to-Supply Ratio"", ""feature_value"": 6.3, ""shap_value"": -0.44, ""impact"": -0.44}, {""feature_key"": ""scheduled_trips"", ""feature_name"": ""Transit Dispatch Frequency"", ""feature_value"": 10.0, ""shap_value"": -0.39, ""impact"": -0.39}, {""feature_key"": ""dow_sin"", ""feature_name"": ""Weekly Schedule Cycle"", ""feature_value"": 0.43, ""shap_value"": -0.28, ""impact"": -0.28}, {""feature_key"": ""weather_transit_surge"", ""feature_name"": ""Rainfall Transit Inflow Surge"", ""feature_value"": 0.0, ""shap_value"": -0.26, ""impact"": -0.26}, {""feature_key"": ""humidity_pct"", ""feature_name"": ""Marine Layer / Humidity"", ""feature_value"": 77.0, ""shap_value"": -0.12, ""impact"": -0.12}]",60.24
2949,MAA_PHOENIX_VELACHERY,2026-09-24T17:00:00,2026-09-23T20:00:00,21,98.5,SEVERE,33.4,Coastal Sea Breeze,16,"[{""feature_key"": ""lag_168"", ""feature_name"": ""Same Time Last Week Congestion"", ""feature_value"": 98.5, ""shap_value"": 25.82, ""impact"": 25.82}, {""feature_key"": ""lag_foot_24"", ""feature_name"": ""Yesterday's Foot-Traffic"", ""feature_value"": 15535.0, ""shap_value"": 2.77, ""impact"": 2.77}, {""feature_key"": ""lag_24"", ""feature_name"": ""Yesterday's Same-Hour Congestion"", ""feature_value"": 98.5, ""shap_value"": 2.44, ""impact"": 2.44}, {""feature_key"": ""hour_sin"", ""feature_name"": ""Time of Day (Peak Window)"", ""feature_value"": -0.97, ""shap_value"": 2.27, ""impact"": 2.27}, {""feature_key"": ""lag_1"", ""feature_name"": ""Recent Congestion (1h ago)"", ""feature_value"": 95.8, ""shap_value"": 2.06, ""impact"": 2.06}]","[{""feature_key"": ""dow_sin"", ""feature_name"": ""Weekly Schedule Cycle"", ""feature_value"": 0.43, ""shap_value"": -0.31, ""impact"": -0.31}, {""feature_key"": ""weather_transit_surge"", ""feature_name"": ""Rainfall Transit Inflow Surge"", ""feature_value"": 0.0, ""shap_value"": -0.22, ""impact"": -0.22}, {""feature_key"": ""lag_trips_24"", ""feature_name"": ""Yesterday's Scheduled Transit Trips"", ""feature_value"": 16.0, ""shap_value"": -0.2, ""impact"": -0.2}, {""feature_key"": ""roll_mean_24h"", ""feature_name"": ""24-Hour Average Baseline"", ""feature_value"": 63.49, ""shap_value"": -0.07, ""impact"": -0.07}, {""feature_key"": ""transit_weight"", ""feature_name"": ""Transit Commuter Dominance"", ""feature_value"": 0.65, ""shap_value"": -0.04, ""impact"": -0.04}]",60.24
2950,MAA_PHOENIX_VELACHERY,2026-09-24T18:00:00,2026-09-23T20:00:00,22,98.2,SEVERE,33.0,Sunny & Warm,16,"[{""feature_key"": ""lag_168"", ""feature_name"": ""Same Time Last Week Congestion"", ""feature_value"": 98.5, ""shap_value"": 25.79, ""impact"": 25.79}, {""feature_key"": ""lag_foot_24"", ""feature_name"": ""Yesterday's Foot-Traffic"", ""feature_value"": 14126.0, ""shap_value"": 2.7, ""impact"": 2.7}, {""feature_key"": ""lag_1"", ""feature_name"": ""Recent Congestion (1h ago)"", ""feature_value"": 98.5, ""shap_value"": 2.48, ""impact"": 2.48}, {""feature_key"": ""lag_24"", ""feature_name"": ""Yesterday's Same-Hour Congestion"", ""feature_value"": 98.5, ""shap_value"": 2.45, ""impact"": 2.45}, {""feature_key"": ""hour_sin"", ""feature_name"": ""Time of Day (Peak Window)"", ""feature_value"": -1.0, ""shap_value"": 2.26, ""impact"": 2.26}]","[{""feature_key"": ""dow_sin"", ""feature_name"": ""Weekly Schedule Cycle"", ""feature_value"": 0.43, ""shap_value"": -0.26, ""impact"": -0.26}, {""feature_key"": ""weather_transit_surge"", ""feature_name"": ""Rainfall Transit Inflow Surge"", ""feature_value"": 0.0, ""shap_value"": -0.23, ""impact"": -0.23}, {""feature_key"": ""lag_trips_24"", ""feature_name"": ""Yesterday's Scheduled Transit Trips"", ""feature_value"": 16.0, ""shap_value"": -0.2, ""impact"": -0.2}, {""feature_key"": ""roll_mean_24h"", ""feature_name"": ""24-Hour Average Baseline"", ""feature_value"": 63.49, ""shap_value"": -0.07, ""impact"": -0.07}, {""feature_key"": ""precip_mm"", ""feature_name"": ""Rainfall Intensity"", ""feature_value"": 0.0, ""shap_value"": -0.04, ""impact"": -0.04}]",60.24
2951,MAA_PHOENIX_VELACHERY,2026-09-24T19:00:00,2026-09-23T20:00:00,23,97.9,SEVERE,31.6,Sunny & Warm,16,"[{""feature_key"": ""lag_168"", ""feature_name"": ""Same Time Last Week Congestion"", ""feature_value"": 98.5, ""shap_value"": 25.65, ""impact"": 25.65}, {""feature_key"": ""lag_1"", ""feature_name"": ""Recent Congestion (1h ago)"", ""feature_value"": 98.2, ""shap_value"": 2.74, ""impact"": 2.74}, {""feature_key"": ""lag_foot_24"", ""feature_name"": ""Yesterday's Foot-Traffic"", ""feature_value"": 13639.0, ""shap_value"": 2.68, ""impact"": 2.68}, {""feature_key"": ""lag_24"", ""feature_name"": ""Yesterday's Same-Hour Congestion"", ""feature_value"": 98.5, ""shap_value"": 2.56, ""impact"": 2.56}, {""feature_key"": ""hour_sin"", ""feature_name"": ""Time of Day (Peak Window)"", ""feature_value"": -0.97, ""shap_value"": 2.33, ""impact"": 2.33}]","[{""feature_key"": ""lag_3"", ""feature_name"": ""Short-term Congestion (3h ago)"", ""feature_value"": 95.8, ""shap_value"": -0.4, ""impact"": -0.4}, {""feature_key"": ""dow_sin"", ""feature_name"": ""Weekly Schedule Cycle"", ""feature_value"": 0.43, ""shap_value"": -0.3, ""impact"": -0.3}, {""feature_key"": ""weather_transit_surge"", ""feature_name"": ""Rainfall Transit Inflow Surge"", ""feature_value"": 0.0, ""shap_value"": -0.24, ""impact"": -0.24}, {""feature_key"": ""roll_mean_6h"", ""feature_name"": ""6-Hour Moving Congestion Trend"", ""feature_value"": 80.5, ""shap_value"": -0.22, ""impact"": -0.22}, {""feature_key"": ""lag_trips_24"", ""feature_name"": ""Yesterday's Scheduled Transit Trips"", ""feature_value"": 16.0, ""shap_value"": -0.21, ""impact"": -0.21}]",60.24
2952,MAA_PHOENIX_VELACHERY,2026-09-24T20:00:00,2026-09-23T20:00:00,24,95.7,SEVERE,31.2,Sunny & Warm,16,"[{""feature_key"": ""lag_168"", ""feature_name"": ""Same Time Last Week Congestion"", ""feature_value"": 98.5, ""shap_value"": 25.54, ""impact"": 25.54}, {""feature_key"": ""lag_1"", ""feature_name"": ""Recent Congestion (1h ago)"", ""feature_value"": 97.9, ""shap_value"": 2.76, ""impact"": 2.76}, {""feature_key"": ""lag_foot_24"", ""feature_name"": ""Yesterday's Foot-Traffic"", ""feature_value"": 10476.0, ""shap_value"": 2.55, ""impact"": 2.55}, {""feature_key"": ""lag_24"", ""feature_name"": ""Yesterday's Same-Hour Congestion"", ""feature_value"": 94.6, ""shap_value"": 1.92, ""impact"": 1.92}, {""feature_key"": ""hour_sin"", ""feature_name"": ""Time of Day (Peak Window)"", ""feature_value"": -0.87, ""shap_value"": 1.65, ""impact"": 1.65}]","[{""feature_key"": ""lag_3"", ""feature_name"": ""Short-term Congestion (3h ago)"", ""feature_value"": 98.5, ""shap_value"": -0.44, ""impact"": -0.44}, {""feature_key"": ""dow_sin"", ""feature_name"": ""Weekly Schedule Cycle"", ""feature_value"": 0.43, ""shap_value"": -0.37, ""impact"": -0.37}, {""feature_key"": ""weather_transit_surge"", ""feature_name"": ""Rainfall Transit Inflow Surge"", ""feature_value"": 0.0, ""shap_value"": -0.28, ""impact"": -0.28}, {""feature_key"": ""lag_trips_24"", ""feature_name"": ""Yesterday's Scheduled Transit Trips"", ""feature_value"": 16.0, ""shap_value"": -0.26, ""impact"": -0.26}, {""feature_key"": ""roll_mean_6h"", ""feature_name"": ""6-Hour Moving Congestion Trend"", ""feature_value"": 88.0, ""shap_value"": -0.22, ""impact"": -0.22}]",60.24
2953,MAA_PHOENIX_VELACHERY,2026-09-24T21:00:00,2026-09-23T20:00:00,25,72.0,HIGH,27.7,Sunny & Warm,6,"[{""feature_key"": ""lag_168"", ""feature_name"": ""Same Time Last Week Congestion"", ""feature_value"": 77.9, ""shap_value"": 12.93, ""impact"": 12.93}, {""feature_key"": ""lag_1"", ""feature_name"": ""Recent Congestion (1h ago)"", ""feature_value"": 95.7, ""shap_value"": 3.1, ""impact"": 3.1}, {""feature_key"": ""lag_foot_24"", ""feature_name"": ""Yesterday's Foot-Traffic"", ""feature_value"": 7520.0, ""shap_value"": 2.07, ""impact"": 2.07}, {""feature_key"": ""temp_c"", ""feature_name"": ""Ambient Temperature"", ""feature_value"": 27.7, ""shap_value"": 1.39, ""impact"": 1.39}, {""feature_key"": ""lag_foot_1"", ""feature_name"": ""Recent Foot-Traffic (1h ago)"", ""feature_value"": 9570.0, ""shap_value"": 0.46, ""impact"": 0.46}]","[{""feature_key"": ""transit_pressure_ratio"", ""feature_name"": ""Transit Demand-to-Supply Ratio"", ""feature_value"": 10.58, ""shap_value"": -2.06, ""impact"": -2.06}, {""feature_key"": ""hour_sin"", ""feature_name"": ""Time of Day (Peak Window)"", ""feature_value"": -0.71, ""shap_value"": -1.22, ""impact"": -1.22}, {""feature_key"": ""hour_cos"", ""feature_name"": ""Time of Day (Diurnal Cycle)"", ""feature_value"": 0.71, ""shap_value"": -1.15, ""impact"": -1.15}, {""feature_key"": ""lag_3"", ""feature_name"": ""Short-term Congestion (3h ago)"", ""feature_value"": 98.2, ""shap_value"": -1.03, ""impact"": -1.03}, {""feature_key"": ""scheduled_trips"", ""feature_name"": ""Transit Dispatch Frequency"", ""feature_value"": 6.0, ""shap_value"": -0.97, ""impact"": -0.97}]",60.24
2954,MAA_PHOENIX_VELACHERY,2026-09-24T22:00:00,2026-09-23T20:00:00,26,50.9,MODERATE,27.6,Sunny & Warm,6,"[{""feature_key"": ""lag_foot_24"", ""feature_name"": ""Yesterday's Foot-Traffic"", ""feature_value"": 4940.0, ""shap_value"": 2.45, ""impact"": 2.45}, {""feature_key"": ""lag_1"", ""feature_name"": ""Recent Congestion (1h ago)"", ""feature_value"": 72.0, ""shap_value"": 2.28, ""impact"": 2.28}, {""feature_key"": ""temp_c"", ""feature_name"": ""Ambient Temperature"", ""feature_value"": 27.6, ""shap_value"": 0.71, ""impact"": 0.71}, {""feature_key"": ""lag_foot_1"", ""feature_name"": ""Recent Foot-Traffic (1h ago)"", ""feature_value"": 7200.0, ""shap_value"": 0.46, ""impact"": 0.46}, {""feature_key"": ""lag_trips_24"", ""feature_name"": ""Yesterday's Scheduled Transit Trips"", ""feature_value"": 6.0, ""shap_value"": 0.28, ""impact"": 0.28}]","[{""feature_key"": ""lag_168"", ""feature_name"": ""Same Time Last Week Congestion"", ""feature_value"": 54.2, ""shap_value"": -4.35, ""impact"": -4.35}, {""feature_key"": ""hour_cos"", ""feature_name"": ""Time of Day (Diurnal Cycle)"", ""feature_value"": 0.87, ""shap_value"": -3.18, ""impact"": -3.18}, {""feature_key"": ""lag_24"", ""feature_name"": ""Yesterday's Same-Hour Congestion"", ""feature_value"": 49.4, ""shap_value"": -1.6, ""impact"": -1.6}, {""feature_key"": ""transit_pressure_ratio"", ""feature_name"": ""Transit Demand-to-Supply Ratio"", ""feature_value"": 10.56, ""shap_value"": -1.33, ""impact"": -1.33}, {""feature_key"": ""hour_sin"", ""feature_name"": ""Time of Day (Peak Window)"", ""feature_value"": -0.5, ""shap_value"": -1.11, ""impact"": -1.11}]",60.24
2955,MAA_PHOENIX_VELACHERY,2026-09-24T23:00:00,2026-09-23T20:00:00,27,28.9,LOW,28.6,Sunny & Warm,6,"[{""feature_key"": ""temp_c"", ""feature_name"": ""Ambient Temperature"", ""feature_value"": 28.6, ""shap_value"": 0.61, ""impact"": 0.61}, {""feature_key"": ""lag_foot_24"", ""feature_name"": ""Yesterday's Foot-Traffic"", ""feature_value"": 2590.0, ""shap_value"": 0.35, ""impact"": 0.35}, {""feature_key"": ""lag_foot_1"", ""feature_name"": ""Recent Foot-Traffic (1h ago)"", ""feature_value"": 5090.0, ""shap_value"": 0.34, ""impact"": 0.34}, {""feature_key"": ""lag_trips_24"", ""feature_name"": ""Yesterday's Scheduled Transit Trips"", ""feature_value"": 6.0, ""shap_value"": 0.24, ""impact"": 0.24}, {""feature_key"": ""dow_cos"", ""feature_name"": ""Day of Week Alignment"", ""feature_value"": -0.9, ""shap_value"": 0.09, ""impact"": 0.09}]","[{""feature_key"": ""lag_168"", ""feature_name"": ""Same Time Last Week Congestion"", ""feature_value"": 27.9, ""shap_value"": -22.6, ""impact"": -22.6}, {""feature_key"": ""hour_cos"", ""feature_name"": ""Time of Day (Diurnal Cycle)"", ""feature_value"": 0.97, ""shap_value"": -2.52, ""impact"": -2.52}, {""feature_key"": ""lag_24"", ""feature_name"": ""Yesterday's Same-Hour Congestion"", ""feature_value"": 25.9, ""shap_value"": -1.66, ""impact"": -1.66}, {""feature_key"": ""hour_sin"", ""feature_name"": ""Time of Day (Peak Window)"", ""feature_value"": -0.26, ""shap_value"": -1.21, ""impact"": -1.21}, {""feature_key"": ""lag_1"", ""feature_name"": ""Recent Congestion (1h ago)"", ""feature_value"": 50.9, ""shap_value"": -1.19, ""impact"": -1.19}]",60.24
2956,MAA_PHOENIX_VELACHERY,2026-09-25T00:00:00,2026-09-23T20:00:00,28,20.3,LOW,27.0,Humid / Overcast,8,"[{""feature_key"": ""lag_trips_24"", ""feature_name"": ""Yesterday's Scheduled Transit Trips"", ""feature_value"": 8.0, ""shap_value"": 0.25, ""impact"": 0.25}, {""feature_key"": ""capacity_baseline"", ""feature_name"": ""Station Theoretical Capacity"", ""feature_value"": 10000.0, ""shap_value"": 0.18, ""impact"": 0.18}, {""feature_key"": ""dow_cos"", ""feature_name"": ""Day of Week Alignment"", ""feature_value"": -0.9, ""shap_value"": 0.09, ""impact"": 0.09}, {""feature_key"": ""temp_c"", ""feature_name"": ""Ambient Temperature"", ""feature_value"": 27.0, ""shap_value"": 0.09, ""impact"": 0.09}, {""feature_key"": ""tourist_weight"", ""feature_name"": ""Tourist Landmark Dominance"", ""feature_value"": 0.85, ""shap_value"": 0.06, ""impact"": 0.06}]","[{""feature_key"": ""lag_168"", ""feature_name"": ""Same Time Last Week Congestion"", ""feature_value"": 17.2, ""shap_value"": -28.79, ""impact"": -28.79}, {""feature_key"": ""lag_1"", ""feature_name"": ""Recent Congestion (1h ago)"", ""feature_value"": 28.9, ""shap_value"": -2.78, ""impact"": -2.78}, {""feature_key"": ""hour_cos"", ""feature_name"": ""Time of Day (Diurnal Cycle)"", ""feature_value"": 1.0, ""shap_value"": -2.38, ""impact"": -2.38}, {""feature_key"": ""lag_24"", ""feature_name"": ""Yesterday's Same-Hour Congestion"", ""feature_value"": 17.6, ""shap_value"": -2.07, ""impact"": -2.07}, {""feature_key"": ""hour_sin"", ""feature_name"": ""Time of Day (Peak Window)"", ""feature_value"": 0.0, ""shap_value"": -1.07, ""impact"": -1.07}]",60.24
2957,MAA_PHOENIX_VELACHERY,2026-09-25T01:00:00,2026-09-23T20:00:00,29,21.4,LOW,25.2,Humid / Overcast,8,"[{""feature_key"": ""lag_trips_24"", ""feature_name"": ""Yesterday's Scheduled Transit Trips"", ""feature_value"": 8.0, ""shap_value"": 0.26, ""impact"": 0.26}, {""feature_key"": ""capacity_baseline"", ""feature_name"": ""Station Theoretical Capacity"", ""feature_value"": 10000.0, ""shap_value"": 0.21, ""impact"": 0.21}, {""feature_key"": ""lag_3"", ""feature_name"": ""Short-term Congestion (3h ago)"", ""feature_value"": 50.9, ""shap_value"": 0.11, ""impact"": 0.11}, {""feature_key"": ""roll_mean_6h"", ""feature_name"": ""6-Hour Moving Congestion Trend"", ""feature_value"": 60.95, ""shap_value"": 0.11, ""impact"": 0.11}, {""feature_key"": ""dow_cos"", ""feature_name"": ""Day of Week Alignment"", ""feature_value"": -0.9, ""shap_value"": 0.08, ""impact"": 0.08}]","[{""feature_key"": ""lag_168"", ""feature_name"": ""Same Time Last Week Congestion"", ""feature_value"": 19.6, ""shap_value"": -27.42, ""impact"": -27.42}, {""feature_key"": ""lag_1"", ""feature_name"": ""Recent Congestion (1h ago)"", ""feature_value"": 20.3, ""shap_value"": -2.84, ""impact"": -2.84}, {""feature_key"": ""hour_cos"", ""feature_name"": ""Time of Day (Diurnal Cycle)"", ""feature_value"": 0.97, ""shap_value"": -2.16, ""impact"": -2.16}, {""feature_key"": ""lag_24"", ""feature_name"": ""Yesterday's Same-Hour Congestion"", ""feature_value"": 18.8, ""shap_value"": -2.08, ""impact"": -2.08}, {""feature_key"": ""lag_foot_1"", ""feature_name"": ""Recent Foot-Traffic (1h ago)"", ""feature_value"": 2030.0, ""shap_value"": -1.37, ""impact"": -1.37}]",60.24
2958,MAA_PHOENIX_VELACHERY,2026-09-25T02:00:00,2026-09-23T20:00:00,30,26.4,LOW,25.6,Humid / Overcast,8,"[{""feature_key"": ""lag_foot_24"", ""feature_name"": ""Yesterday's Foot-Traffic"", ""feature_value"": 2050.0, ""shap_value"": 0.48, ""impact"": 0.48}, {""feature_key"": ""lag_trips_24"", ""feature_name"": ""Yesterday's Scheduled Transit Trips"", ""feature_value"": 8.0, ""shap_value"": 0.27, ""impact"": 0.27}, {""feature_key"": ""lag_3"", ""feature_name"": ""Short-term Congestion (3h ago)"", ""feature_value"": 28.9, ""shap_value"": 0.21, ""impact"": 0.21}, {""feature_key"": ""roll_mean_6h"", ""feature_name"": ""6-Hour Moving Congestion Trend"", ""feature_value"": 48.2, ""shap_value"": 0.11, ""impact"": 0.11}, {""feature_key"": ""temp_c"", ""feature_name"": ""Ambient Temperature"", ""feature_value"": 25.6, ""shap_value"": 0.08, ""impact"": 0.08}]","[{""feature_key"": ""lag_168"", ""feature_name"": ""Same Time Last Week Congestion"", ""feature_value"": 27.1, ""shap_value"": -22.7, ""impact"": -22.7}, {""feature_key"": ""lag_1"", ""feature_name"": ""Recent Congestion (1h ago)"", ""feature_value"": 21.4, ""shap_value"": -2.95, ""impact"": -2.95}, {""feature_key"": ""lag_24"", ""feature_name"": ""Yesterday's Same-Hour Congestion"", ""feature_value"": 20.5, ""shap_value"": -2.71, ""impact"": -2.71}, {""feature_key"": ""hour_cos"", ""feature_name"": ""Time of Day (Diurnal Cycle)"", ""feature_value"": 0.87, ""shap_value"": -1.79, ""impact"": -1.79}, {""feature_key"": ""lag_foot_1"", ""feature_name"": ""Recent Foot-Traffic (1h ago)"", ""feature_value"": 2140.0, ""shap_value"": -1.35, ""impact"": -1.35}]",60.24
2959,MAA_PHOENIX_VELACHERY,2026-09-25T03:00:00,2026-09-23T20:00:00,31,31.5,LOW,24.9,Humid / Overcast,8,"[{""feature_key"": ""lag_foot_24"", ""feature_name"": ""Yesterday's Foot-Traffic"", ""feature_value"": 3060.0, ""shap_value"": 0.67, ""impact"": 0.67}, {""feature_key"": ""lag_trips_24"", ""feature_name"": ""Yesterday's Scheduled Transit Trips"", ""feature_value"": 8.0, ""shap_value"": 0.3, ""impact"": 0.3}, {""feature_key"": ""lag_3"", ""feature_name"": ""Short-term Congestion (3h ago)"", ""feature_value"": 20.3, ""shap_value"": 0.24, ""impact"": 0.24}, {""feature_key"": ""roll_mean_6h"", ""feature_name"": ""6-Hour Moving Congestion Trend"", ""feature_value"": 36.65, ""shap_value"": 0.18, ""impact"": 0.18}, {""feature_key"": ""temp_c"", ""feature_name"": ""Ambient Temperature"", ""feature_value"": 24.9, ""shap_value"": 0.09, ""impact"": 0.09}]","[{""feature_key"": ""lag_168"", ""feature_name"": ""Same Time Last Week Congestion"", ""feature_value"": 30.3, ""shap_value"": -19.93, ""impact"": -19.93}, {""feature_key"": ""lag_1"", ""feature_name"": ""Recent Congestion (1h ago)"", ""feature_value"": 26.4, ""shap_value"": -2.76, ""impact"": -2.76}, {""feature_key"": ""hour_cos"", ""feature_name"": ""Time of Day (Diurnal Cycle)"", ""feature_value"": 0.71, ""shap_value"": -1.51, ""impact"": -1.51}, {""feature_key"": ""lag_24"", ""feature_name"": ""Yesterday's Same-Hour Congestion"", ""feature_value"": 30.6, ""shap_value"": -1.34, ""impact"": -1.34}, {""feature_key"": ""lag_foot_1"", ""feature_name"": ""Recent Foot-Traffic (1h ago)"", ""feature_value"": 2640.0, ""shap_value"": -1.08, ""impact"": -1.08}]",60.24
2960,MAA_PHOENIX_VELACHERY,2026-09-25T04:00:00,2026-09-23T20:00:00,32,33.8,LOW,26.4,Sunny & Warm,8,"[{""feature_key"": ""lag_foot_24"", ""feature_name"": ""Yesterday's Foot-Traffic"", ""feature_value"": 3279.0, ""shap_value"": 1.05, ""impact"": 1.05}, {""feature_key"": ""roll_mean_6h"", ""feature_name"": ""6-Hour Moving Congestion Trend"", ""feature_value"": 29.9, ""shap_value"": 0.33, ""impact"": 0.33}, {""feature_key"": ""lag_trips_24"", ""feature_name"": ""Yesterday's Scheduled Transit Trips"", ""feature_value"": 8.0, ""shap_value"": 0.31, ""impact"": 0.31}, {""feature_key"": ""lag_3"", ""feature_name"": ""Short-term Congestion (3h ago)"", ""feature_value"": 21.4, ""shap_value"": 0.21, ""impact"": 0.21}, {""feature_key"": ""temp_c"", ""feature_name"": ""Ambient Temperature"", ""feature_value"": 26.4, ""shap_value"": 0.11, ""impact"": 0.11}]","[{""feature_key"": ""lag_168"", ""feature_name"": ""Same Time Last Week Congestion"", ""feature_value"": 32.4, ""shap_value"": -18.57, ""impact"": -18.57}, {""feature_key"": ""lag_1"", ""feature_name"": ""Recent Congestion (1h ago)"", ""feature_value"": 31.5, ""shap_value"": -2.91, ""impact"": -2.91}, {""feature_key"": ""lag_24"", ""feature_name"": ""Yesterday's Same-Hour Congestion"", ""feature_value"": 32.8, ""shap_value"": -1.21, ""impact"": -1.21}, {""feature_key"": ""hour_cos"", ""feature_name"": ""Time of Day (Diurnal Cycle)"", ""feature_value"": 0.5, ""shap_value"": -1.18, ""impact"": -1.18}, {""feature_key"": ""lag_foot_1"", ""feature_name"": ""Recent Foot-Traffic (1h ago)"", ""feature_value"": 3150.0, ""shap_value"": -1.09, ""impact"": -1.09}]",60.24
2961,MAA_PHOENIX_VELACHERY,2026-09-25T05:00:00,2026-09-23T20:00:00,33,58.4,MODERATE,27.4,Monsoon Downpour,6,"[{""feature_key"": ""precip_mm"", ""feature_name"": ""Rainfall Intensity"", ""feature_value"": 7.81, ""shap_value"": 3.77, ""impact"": 3.77}, {""feature_key"": ""lag_foot_24"", ""feature_name"": ""Yesterday's Foot-Traffic"", ""feature_value"": 4550.0, ""shap_value"": 3.53, ""impact"": 3.53}, {""feature_key"": ""weather_transit_surge"", ""feature_name"": ""Rainfall Transit Inflow Surge"", ""feature_value"": 1.04, ""shap_value"": 1.91, ""impact"": 1.91}, {""feature_key"": ""weather_tourism_suppression"", ""feature_name"": ""Weather Tourist Dampening Index"", ""feature_value"": 1.53, ""shap_value"": 1.08, ""impact"": 1.08}, {""feature_key"": ""hour_sin"", ""feature_name"": ""Time of Day (Peak Window)"", ""feature_value"": 0.97, ""shap_value"": 0.94, ""impact"": 0.94}]","[{""feature_key"": ""lag_168"", ""feature_name"": ""Same Time Last Week Congestion"", ""feature_value"": 39.8, ""shap_value"": -7.5, ""impact"": -7.5}, {""feature_key"": ""lag_1"", ""feature_name"": ""Recent Congestion (1h ago)"", ""feature_value"": 33.8, ""shap_value"": -3.55, ""impact"": -3.55}, {""feature_key"": ""lag_24"", ""feature_name"": ""Yesterday's Same-Hour Congestion"", ""feature_value"": 45.5, ""shap_value"": -1.05, ""impact"": -1.05}, {""feature_key"": ""transit_pressure_ratio"", ""feature_name"": ""Transit Demand-to-Supply Ratio"", ""feature_value"": 10.68, ""shap_value"": -1.01, ""impact"": -1.01}, {""feature_key"": ""lag_foot_1"", ""feature_name"": ""Recent Foot-Traffic (1h ago)"", ""feature_value"": 3379.0, ""shap_value"": -0.75, ""impact"": -0.75}]",60.24
2962,MAA_PHOENIX_VELACHERY,2026-09-25T06:00:00,2026-09-23T20:00:00,34,71.6,HIGH,28.5,Monsoon Downpour,6,"[{""feature_key"": ""weather_transit_surge"", ""feature_name"": ""Rainfall Transit Inflow Surge"", ""feature_value"": 1.04, ""shap_value"": 3.43, ""impact"": 3.43}, {""feature_key"": ""lag_foot_24"", ""feature_name"": ""Yesterday's Foot-Traffic"", ""feature_value"": 6090.0, ""shap_value"": 2.62, ""impact"": 2.62}, {""feature_key"": ""precip_mm"", ""feature_name"": ""Rainfall Intensity"", ""feature_value"": 6.03, ""shap_value"": 2.3, ""impact"": 2.3}, {""feature_key"": ""temp_c"", ""feature_name"": ""Ambient Temperature"", ""feature_value"": 28.5, ""shap_value"": 1.11, ""impact"": 1.11}, {""feature_key"": ""lag_foot_1"", ""feature_name"": ""Recent Foot-Traffic (1h ago)"", ""feature_value"": 5840.0, ""shap_value"": 0.83, ""impact"": 0.83}]","[{""feature_key"": ""lag_1"", ""feature_name"": ""Recent Congestion (1h ago)"", ""feature_value"": 58.4, ""shap_value"": -1.25, ""impact"": -1.25}, {""feature_key"": ""transit_pressure_ratio"", ""feature_name"": ""Transit Demand-to-Supply Ratio"", ""feature_value"": 10.77, ""shap_value"": -1.03, ""impact"": -1.03}, {""feature_key"": ""scheduled_trips"", ""feature_name"": ""Transit Dispatch Frequency"", ""feature_value"": 6.0, ""shap_value"": -0.63, ""impact"": -0.63}, {""feature_key"": ""roll_mean_3h"", ""feature_name"": ""3-Hour Moving Congestion Trend"", ""feature_value"": 41.23, ""shap_value"": -0.37, ""impact"": -0.37}, {""feature_key"": ""lag_24"", ""feature_name"": ""Yesterday's Same-Hour Congestion"", ""feature_value"": 60.9, ""shap_value"": -0.22, ""impact"": -0.22}]",60.24
2963,MAA_PHOENIX_VELACHERY,2026-09-25T07:00:00,2026-09-23T20:00:00,35,87.1,SEVERE,29.1,Monsoon Downpour,6,"[{""feature_key"": ""lag_168"", ""feature_name"": ""Same Time Last Week Congestion"", ""feature_value"": 87.9, ""shap_value"": 17.17, ""impact"": 17.17}, {""feature_key"": ""lag_foot_24"", ""feature_name"": ""Yesterday's Foot-Traffic"", ""feature_value"": 8480.0, ""shap_value"": 2.25, ""impact"": 2.25}, {""feature_key"": ""weather_transit_surge"", ""feature_name"": ""Rainfall Transit Inflow Surge"", ""feature_value"": 1.04, ""shap_value"": 2.11, ""impact"": 2.11}, {""feature_key"": ""lag_24"", ""feature_name"": ""Yesterday's Same-Hour Congestion"", ""feature_value"": 84.8, ""shap_value"": 1.52, ""impact"": 1.52}, {""feature_key"": ""hour_cos"", ""feature_name"": ""Time of Day (Diurnal Cycle)"", ""feature_value"": -0.26, ""shap_value"": 1.5, ""impact"": 1.5}]","[{""feature_key"": ""transit_pressure_ratio"", ""feature_name"": ""Transit Demand-to-Supply Ratio"", ""feature_value"": 10.85, ""shap_value"": -2.39, ""impact"": -2.39}, {""feature_key"": ""scheduled_trips"", ""feature_name"": ""Transit Dispatch Frequency"", ""feature_value"": 6.0, ""shap_value"": -0.76, ""impact"": -0.76}, {""feature_key"": ""roll_mean_3h"", ""feature_name"": ""3-Hour Moving Congestion Trend"", ""feature_value"": 54.6, ""shap_value"": -0.09, ""impact"": -0.09}, {""feature_key"": ""lag_trips_1"", ""feature_name"": ""Recent Transit Trips Count"", ""feature_value"": 6.0, ""shap_value"": -0.07, ""impact"": -0.07}, {""feature_key"": ""humidity_pct"", ""feature_name"": ""Marine Layer / Humidity"", ""feature_value"": 75.0, ""shap_value"": -0.06, ""impact"": -0.06}]",60.24
2964,MAA_PHOENIX_VELACHERY,2026-09-25T08:00:00,2026-09-23T20:00:00,36,93.8,SEVERE,30.8,Monsoon Downpour,16,"[{""feature_key"": ""lag_168"", ""feature_name"": ""Same Time Last Week Congestion"", ""feature_value"": 75.5, ""shap_value"": 14.03, ""impact"": 14.03}, {""feature_key"": ""weather_transit_surge"", ""feature_name"": ""Rainfall Transit Inflow Surge"", ""feature_value"": 1.04, ""shap_value"": 5.09, ""impact"": 5.09}, {""feature_key"": ""lag_foot_24"", ""feature_name"": ""Yesterday's Foot-Traffic"", ""feature_value"": 8720.0, ""shap_value"": 2.66, ""impact"": 2.66}, {""feature_key"": ""lag_1"", ""feature_name"": ""Recent Congestion (1h ago)"", ""feature_value"": 87.1, ""shap_value"": 2.6, ""impact"": 2.6}, {""feature_key"": ""lag_24"", ""feature_name"": ""Yesterday's Same-Hour Congestion"", ""feature_value"": 87.2, ""shap_value"": 1.83, ""impact"": 1.83}]","[{""feature_key"": ""lag_trips_24"", ""feature_name"": ""Yesterday's Scheduled Transit Trips"", ""feature_value"": 16.0, ""shap_value"": -0.29, ""impact"": -0.29}, {""feature_key"": ""transit_weight"", ""feature_name"": ""Transit Commuter Dominance"", ""feature_value"": 0.65, ""shap_value"": -0.19, ""impact"": -0.19}, {""feature_key"": ""lag_trips_1"", ""feature_name"": ""Recent Transit Trips Count"", ""feature_value"": 6.0, ""shap_value"": -0.12, ""impact"": -0.12}, {""feature_key"": ""humidity_pct"", ""feature_name"": ""Marine Layer / Humidity"", ""feature_value"": 80.0, ""shap_value"": -0.11, ""impact"": -0.11}, {""feature_key"": ""dow_sin"", ""feature_name"": ""Weekly Schedule Cycle"", ""feature_value"": -0.43, ""shap_value"": -0.06, ""impact"": -0.06}]",60.24
2965,MAA_PHOENIX_VELACHERY,2026-09-25T09:00:00,2026-09-23T20:00:00,37,93.9,SEVERE,31.7,Monsoon Downpour,16,"[{""feature_key"": ""lag_168"", ""feature_name"": ""Same Time Last Week Congestion"", ""feature_value"": 77.2, ""shap_value"": 14.79, ""impact"": 14.79}, {""feature_key"": ""weather_transit_surge"", ""feature_name"": ""Rainfall Transit Inflow Surge"", ""feature_value"": 1.04, ""shap_value"": 4.6, ""impact"": 4.6}, {""feature_key"": ""lag_1"", ""feature_name"": ""Recent Congestion (1h ago)"", ""feature_value"": 93.8, ""shap_value"": 3.0, ""impact"": 3.0}, {""feature_key"": ""lag_foot_24"", ""feature_name"": ""Yesterday's Foot-Traffic"", ""feature_value"": 9150.0, ""shap_value"": 2.59, ""impact"": 2.59}, {""feature_key"": ""lag_24"", ""feature_name"": ""Yesterday's Same-Hour Congestion"", ""feature_value"": 91.5, ""shap_value"": 2.03, ""impact"": 2.03}]","[{""feature_key"": ""lag_trips_24"", ""feature_name"": ""Yesterday's Scheduled Transit Trips"", ""feature_value"": 16.0, ""shap_value"": -0.27, ""impact"": -0.27}, {""feature_key"": ""humidity_pct"", ""feature_name"": ""Marine Layer / Humidity"", ""feature_value"": 77.0, ""shap_value"": -0.06, ""impact"": -0.06}, {""feature_key"": ""dow_sin"", ""feature_name"": ""Weekly Schedule Cycle"", ""feature_value"": -0.43, ""shap_value"": -0.05, ""impact"": -0.05}, {""feature_key"": ""transit_weight"", ""feature_name"": ""Transit Commuter Dominance"", ""feature_value"": 0.65, ""shap_value"": -0.05, ""impact"": -0.05}, {""feature_key"": ""dow_cos"", ""feature_name"": ""Day of Week Alignment"", ""feature_value"": -0.9, ""shap_value"": -0.03, ""impact"": -0.03}]",60.24
2966,MAA_PHOENIX_VELACHERY,2026-09-25T10:00:00,2026-09-23T20:00:00,38,89.8,SEVERE,31.3,Monsoon Downpour,16,"[{""feature_key"": ""lag_168"", ""feature_name"": ""Same Time Last Week Congestion"", ""feature_value"": 78.1, ""shap_value"": 14.75, ""impact"": 14.75}, {""feature_key"": ""weather_transit_surge"", ""feature_name"": ""Rainfall Transit Inflow Surge"", ""feature_value"": 1.04, ""shap_value"": 4.33, ""impact"": 4.33}, {""feature_key"": ""lag_1"", ""feature_name"": ""Recent Congestion (1h ago)"", ""feature_value"": 93.9, ""shap_value"": 3.3, ""impact"": 3.3}, {""feature_key"": ""lag_foot_24"", ""feature_name"": ""Yesterday's Foot-Traffic"", ""feature_value"": 8390.0, ""shap_value"": 2.48, ""impact"": 2.48}, {""feature_key"": ""lag_24"", ""feature_name"": ""Yesterday's Same-Hour Congestion"", ""feature_value"": 83.9, ""shap_value"": 1.26, ""impact"": 1.26}]","[{""feature_key"": ""lag_3"", ""feature_name"": ""Short-term Congestion (3h ago)"", ""feature_value"": 87.1, ""shap_value"": -0.5, ""impact"": -0.5}, {""feature_key"": ""hour_cos"", ""feature_name"": ""Time of Day (Diurnal Cycle)"", ""feature_value"": -0.87, ""shap_value"": -0.45, ""impact"": -0.45}, {""feature_key"": ""lag_trips_24"", ""feature_name"": ""Yesterday's Scheduled Transit Trips"", ""feature_value"": 16.0, ""shap_value"": -0.27, ""impact"": -0.27}, {""feature_key"": ""dow_sin"", ""feature_name"": ""Weekly Schedule Cycle"", ""feature_value"": -0.43, ""shap_value"": -0.21, ""impact"": -0.21}, {""feature_key"": ""transit_weight"", ""feature_name"": ""Transit Commuter Dominance"", ""feature_value"": 0.65, ""shap_value"": -0.19, ""impact"": -0.19}]",60.24
2967,MAA_PHOENIX_VELACHERY,2026-09-25T11:00:00,2026-09-23T20:00:00,39,63.0,HIGH,33.2,Sunny & Warm,10,"[{""feature_key"": ""lag_1"", ""feature_name"": ""Recent Congestion (1h ago)"", ""feature_value"": 89.8, ""shap_value"": 3.03, ""impact"": 3.03}, {""feature_key"": ""lag_foot_24"", ""feature_name"": ""Yesterday's Foot-Traffic"", ""feature_value"": 6890.0, ""shap_value"": 2.5, ""impact"": 2.5}, {""feature_key"": ""lag_168"", ""feature_name"": ""Same Time Last Week Congestion"", ""feature_value"": 59.2, ""shap_value"": 0.9, ""impact"": 0.9}, {""feature_key"": ""lag_foot_1"", ""feature_name"": ""Recent Foot-Traffic (1h ago)"", ""feature_value"": 8980.0, ""shap_value"": 0.78, ""impact"": 0.78}, {""feature_key"": ""lag_24"", ""feature_name"": ""Yesterday's Same-Hour Congestion"", ""feature_value"": 68.9, ""shap_value"": 0.66, ""impact"": 0.66}]","[{""feature_key"": ""hour_cos"", ""feature_name"": ""Time of Day (Diurnal Cycle)"", ""feature_value"": -0.97, ""shap_value"": -1.54, ""impact"": -1.54}, {""feature_key"": ""hour_sin"", ""feature_name"": ""Time of Day (Peak Window)"", ""feature_value"": 0.26, ""shap_value"": -1.49, ""impact"": -1.49}, {""feature_key"": ""scheduled_trips"", ""feature_name"": ""Transit Dispatch Frequency"", ""feature_value"": 10.0, ""shap_value"": -0.66, ""impact"": -0.66}, {""feature_key"": ""weather_transit_surge"", ""feature_name"": ""Rainfall Transit Inflow Surge"", ""feature_value"": 0.0, ""shap_value"": -0.63, ""impact"": -0.63}, {""feature_key"": ""lag_3"", ""feature_name"": ""Short-term Congestion (3h ago)"", ""feature_value"": 93.8, ""shap_value"": -0.59, ""impact"": -0.59}]",60.24
2968,MAA_PHOENIX_VELACHERY,2026-09-25T12:00:00,2026-09-23T20:00:00,40,56.0,MODERATE,34.1,Sunny & Warm,10,"[{""feature_key"": ""lag_foot_24"", ""feature_name"": ""Yesterday's Foot-Traffic"", ""feature_value"": 5379.0, ""shap_value"": 2.46, ""impact"": 2.46}, {""feature_key"": ""lag_foot_1"", ""feature_name"": ""Recent Foot-Traffic (1h ago)"", ""feature_value"": 6300.0, ""shap_value"": 0.62, ""impact"": 0.62}, {""feature_key"": ""temp_c"", ""feature_name"": ""Ambient Temperature"", ""feature_value"": 34.1, ""shap_value"": 0.36, ""impact"": 0.36}, {""feature_key"": ""humidity_pct"", ""feature_name"": ""Marine Layer / Humidity"", ""feature_value"": 63.0, ""shap_value"": 0.21, ""impact"": 0.21}, {""feature_key"": ""feels_like_c"", ""feature_name"": ""Apparent Feels-Like Temperature"", ""feature_value"": 33.4, ""shap_value"": 0.16, ""impact"": 0.16}]","[{""feature_key"": ""hour_sin"", ""feature_name"": ""Time of Day (Peak Window)"", ""feature_value"": 0.0, ""shap_value"": -1.72, ""impact"": -1.72}, {""feature_key"": ""hour_cos"", ""feature_name"": ""Time of Day (Diurnal Cycle)"", ""feature_value"": -1.0, ""shap_value"": -1.13, ""impact"": -1.13}, {""feature_key"": ""lag_3"", ""feature_name"": ""Short-term Congestion (3h ago)"", ""feature_value"": 93.9, ""shap_value"": -0.83, ""impact"": -0.83}, {""feature_key"": ""lag_168"", ""feature_name"": ""Same Time Last Week Congestion"", ""feature_value"": 54.9, ""shap_value"": -0.78, ""impact"": -0.78}, {""feature_key"": ""lag_1"", ""feature_name"": ""Recent Congestion (1h ago)"", ""feature_value"": 63.0, ""shap_value"": -0.74, ""impact"": -0.74}]",60.24
2969,MAA_PHOENIX_VELACHERY,2026-09-25T13:00:00,2026-09-23T20:00:00,41,57.3,MODERATE,34.0,Sunny & Warm,10,"[{""feature_key"": ""lag_foot_24"", ""feature_name"": ""Yesterday's Foot-Traffic"", ""feature_value"": 5290.0, ""shap_value"": 2.66, ""impact"": 2.66}, {""feature_key"": ""lag_168"", ""feature_name"": ""Same Time Last Week Congestion"", ""feature_value"": 58.5, ""shap_value"": 1.49, ""impact"": 1.49}, {""feature_key"": ""lag_foot_1"", ""feature_name"": ""Recent Foot-Traffic (1h ago)"", ""feature_value"": 5600.0, ""shap_value"": 0.65, ""impact"": 0.65}, {""feature_key"": ""temp_c"", ""feature_name"": ""Ambient Temperature"", ""feature_value"": 34.0, ""shap_value"": 0.36, ""impact"": 0.36}, {""feature_key"": ""humidity_pct"", ""feature_name"": ""Marine Layer / Humidity"", ""feature_value"": 57.0, ""shap_value"": 0.33, ""impact"": 0.33}]","[{""feature_key"": ""hour_sin"", ""feature_name"": ""Time of Day (Peak Window)"", ""feature_value"": -0.26, ""shap_value"": -1.74, ""impact"": -1.74}, {""feature_key"": ""lag_1"", ""feature_name"": ""Recent Congestion (1h ago)"", ""feature_value"": 56.0, ""shap_value"": -1.5, ""impact"": -1.5}, {""feature_key"": ""lag_24"", ""feature_name"": ""Yesterday's Same-Hour Congestion"", ""feature_value"": 52.9, ""shap_value"": -1.27, ""impact"": -1.27}, {""feature_key"": ""hour_cos"", ""feature_name"": ""Time of Day (Diurnal Cycle)"", ""feature_value"": -0.97, ""shap_value"": -0.99, ""impact"": -0.99}, {""feature_key"": ""lag_3"", ""feature_name"": ""Short-term Congestion (3h ago)"", ""feature_value"": 89.8, ""shap_value"": -0.74, ""impact"": -0.74}]",60.24
2970,MAA_PHOENIX_VELACHERY,2026-09-25T14:00:00,2026-09-23T20:00:00,42,69.1,HIGH,33.6,Monsoon Downpour,10,"[{""feature_key"": ""lag_168"", ""feature_name"": ""Same Time Last Week Congestion"", ""feature_value"": 58.5, ""shap_value"": 3.2, ""impact"": 3.2}, {""feature_key"": ""weather_transit_surge"", ""feature_name"": ""Rainfall Transit Inflow Surge"", ""feature_value"": 1.04, ""shap_value"": 3.08, ""impact"": 3.08}, {""feature_key"": ""lag_foot_24"", ""feature_name"": ""Yesterday's Foot-Traffic"", ""feature_value"": 6320.0, ""shap_value"": 2.35, ""impact"": 2.35}, {""feature_key"": ""precip_mm"", ""feature_name"": ""Rainfall Intensity"", ""feature_value"": 6.56, ""shap_value"": 1.89, ""impact"": 1.89}, {""feature_key"": ""lag_foot_1"", ""feature_name"": ""Recent Foot-Traffic (1h ago)"", ""feature_value"": 5729.0, ""shap_value"": 0.59, ""impact"": 0.59}]","[{""feature_key"": ""lag_1"", ""feature_name"": ""Recent Congestion (1h ago)"", ""feature_value"": 57.3, ""shap_value"": -1.48, ""impact"": -1.48}, {""feature_key"": ""hour_sin"", ""feature_name"": ""Time of Day (Peak Window)"", ""feature_value"": -0.5, ""shap_value"": -1.08, ""impact"": -1.08}, {""feature_key"": ""transit_pressure_ratio"", ""feature_name"": ""Transit Demand-to-Supply Ratio"", ""feature_value"": 6.58, ""shap_value"": -0.37, ""impact"": -0.37}, {""feature_key"": ""scheduled_trips"", ""feature_name"": ""Transit Dispatch Frequency"", ""feature_value"": 10.0, ""shap_value"": -0.36, ""impact"": -0.36}, {""feature_key"": ""dow_sin"", ""feature_name"": ""Weekly Schedule Cycle"", ""feature_value"": -0.43, ""shap_value"": -0.31, ""impact"": -0.31}]",60.24
2971,MAA_PHOENIX_VELACHERY,2026-09-25T15:00:00,2026-09-23T20:00:00,43,75.4,HIGH,34.1,Monsoon Downpour,10,"[{""feature_key"": ""lag_168"", ""feature_name"": ""Same Time Last Week Congestion"", ""feature_value"": 78.4, ""shap_value"": 12.21, ""impact"": 12.21}, {""feature_key"": ""lag_foot_24"", ""feature_name"": ""Yesterday's Foot-Traffic"", ""feature_value"": 7440.0, ""shap_value"": 2.05, ""impact"": 2.05}, {""feature_key"": ""weather_transit_surge"", ""feature_name"": ""Rainfall Transit Inflow Surge"", ""feature_value"": 1.04, ""shap_value"": 1.15, ""impact"": 1.15}, {""feature_key"": ""hour_cos"", ""feature_name"": ""Time of Day (Diurnal Cycle)"", ""feature_value"": -0.71, ""shap_value"": 0.97, ""impact"": 0.97}, {""feature_key"": ""lag_3"", ""feature_name"": ""Short-term Congestion (3h ago)"", ""feature_value"": 56.0, ""shap_value"": 0.91, ""impact"": 0.91}]","[{""feature_key"": ""hour_sin"", ""feature_name"": ""Time of Day (Peak Window)"", ""feature_value"": -0.71, ""shap_value"": -1.43, ""impact"": -1.43}, {""feature_key"": ""dow_sin"", ""feature_name"": ""Weekly Schedule Cycle"", ""feature_value"": -0.43, ""shap_value"": -0.92, ""impact"": -0.92}, {""feature_key"": ""precip_mm"", ""feature_name"": ""Rainfall Intensity"", ""feature_value"": 7.63, ""shap_value"": -0.7, ""impact"": -0.7}, {""feature_key"": ""transit_pressure_ratio"", ""feature_name"": ""Transit Demand-to-Supply Ratio"", ""feature_value"": 6.61, ""shap_value"": -0.67, ""impact"": -0.67}, {""feature_key"": ""scheduled_trips"", ""feature_name"": ""Transit Dispatch Frequency"", ""feature_value"": 10.0, ""shap_value"": -0.41, ""impact"": -0.41}]",60.24
2972,MAA_PHOENIX_VELACHERY,2026-09-25T16:00:00,2026-09-23T20:00:00,44,89.4,SEVERE,33.2,Monsoon Downpour,10,"[{""feature_key"": ""lag_168"", ""feature_name"": ""Same Time Last Week Congestion"", ""feature_value"": 98.5, ""shap_value"": 23.15, ""impact"": 23.15}, {""feature_key"": ""lag_foot_24"", ""feature_name"": ""Yesterday's Foot-Traffic"", ""feature_value"": 9580.0, ""shap_value"": 2.19, ""impact"": 2.19}, {""feature_key"": ""lag_24"", ""feature_name"": ""Yesterday's Same-Hour Congestion"", ""feature_value"": 95.8, ""shap_value"": 1.58, ""impact"": 1.58}, {""feature_key"": ""hour_cos"", ""feature_name"": ""Time of Day (Diurnal Cycle)"", ""feature_value"": -0.5, ""shap_value"": 1.36, ""impact"": 1.36}, {""feature_key"": ""weather_transit_surge"", ""feature_name"": ""Rainfall Transit Inflow Surge"", ""feature_value"": 1.04, ""shap_value"": 0.88, ""impact"": 0.88}]","[{""feature_key"": ""precip_mm"", ""feature_name"": ""Rainfall Intensity"", ""feature_value"": 8.45, ""shap_value"": -1.39, ""impact"": -1.39}, {""feature_key"": ""scheduled_trips"", ""feature_name"": ""Transit Dispatch Frequency"", ""feature_value"": 10.0, ""shap_value"": -0.67, ""impact"": -0.67}, {""feature_key"": ""transit_pressure_ratio"", ""feature_name"": ""Transit Demand-to-Supply Ratio"", ""feature_value"": 6.61, ""shap_value"": -0.63, ""impact"": -0.63}, {""feature_key"": ""weather_tourism_suppression"", ""feature_name"": ""Weather Tourist Dampening Index"", ""feature_value"": 1.53, ""shap_value"": -0.43, ""impact"": -0.43}, {""feature_key"": ""dow_sin"", ""feature_name"": ""Weekly Schedule Cycle"", ""feature_value"": -0.43, ""shap_value"": -0.23, ""impact"": -0.23}]",60.24
2973,MAA_PHOENIX_VELACHERY,2026-09-25T17:00:00,2026-09-23T20:00:00,45,98.3,SEVERE,33.7,Thunderstorm / Rain,16,"[{""feature_key"": ""lag_168"", ""feature_name"": ""Same Time Last Week Congestion"", ""feature_value"": 98.5, ""shap_value"": 23.97, ""impact"": 23.97}, {""feature_key"": ""lag_foot_24"", ""feature_name"": ""Yesterday's Foot-Traffic"", ""feature_value"": 9850.0, ""shap_value"": 2.47, ""impact"": 2.47}, {""feature_key"": ""lag_24"", ""feature_name"": ""Yesterday's Same-Hour Congestion"", ""feature_value"": 98.5, ""shap_value"": 2.32, ""impact"": 2.32}, {""feature_key"": ""lag_1"", ""feature_name"": ""Recent Congestion (1h ago)"", ""feature_value"": 89.4, ""shap_value"": 1.97, ""impact"": 1.97}, {""feature_key"": ""hour_sin"", ""feature_name"": ""Time of Day (Peak Window)"", ""feature_value"": -0.97, ""shap_value"": 1.64, ""impact"": 1.64}]","[{""feature_key"": ""dow_sin"", ""feature_name"": ""Weekly Schedule Cycle"", ""feature_value"": -0.43, ""shap_value"": -0.29, ""impact"": -0.29}, {""feature_key"": ""lag_trips_24"", ""feature_name"": ""Yesterday's Scheduled Transit Trips"", ""feature_value"": 16.0, ""shap_value"": -0.19, ""impact"": -0.19}, {""feature_key"": ""transit_weight"", ""feature_name"": ""Transit Commuter Dominance"", ""feature_value"": 0.65, ""shap_value"": -0.06, ""impact"": -0.06}, {""feature_key"": ""feels_like_c"", ""feature_name"": ""Apparent Feels-Like Temperature"", ""feature_value"": 32.1, ""shap_value"": -0.04, ""impact"": -0.04}, {""feature_key"": ""is_weekend"", ""feature_name"": ""Weekend Tourist Surge"", ""feature_value"": 0.0, ""shap_value"": -0.03, ""impact"": -0.03}]",60.24
2974,MAA_PHOENIX_VELACHERY,2026-09-25T18:00:00,2026-09-23T20:00:00,46,98.1,SEVERE,32.6,Monsoon Downpour,16,"[{""feature_key"": ""lag_168"", ""feature_name"": ""Same Time Last Week Congestion"", ""feature_value"": 98.5, ""shap_value"": 23.85, ""impact"": 23.85}, {""feature_key"": ""lag_foot_24"", ""feature_name"": ""Yesterday's Foot-Traffic"", ""feature_value"": 9820.0, ""shap_value"": 2.48, ""impact"": 2.48}, {""feature_key"": ""lag_1"", ""feature_name"": ""Recent Congestion (1h ago)"", ""feature_value"": 98.3, ""shap_value"": 2.29, ""impact"": 2.29}, {""feature_key"": ""lag_24"", ""feature_name"": ""Yesterday's Same-Hour Congestion"", ""feature_value"": 98.2, ""shap_value"": 2.29, ""impact"": 2.29}, {""feature_key"": ""hour_sin"", ""feature_name"": ""Time of Day (Peak Window)"", ""feature_value"": -1.0, ""shap_value"": 1.66, ""impact"": 1.66}]","[{""feature_key"": ""dow_sin"", ""feature_name"": ""Weekly Schedule Cycle"", ""feature_value"": -0.43, ""shap_value"": -0.29, ""impact"": -0.29}, {""feature_key"": ""lag_trips_24"", ""feature_name"": ""Yesterday's Scheduled Transit Trips"", ""feature_value"": 16.0, ""shap_value"": -0.21, ""impact"": -0.21}, {""feature_key"": ""transit_weight"", ""feature_name"": ""Transit Commuter Dominance"", ""feature_value"": 0.65, ""shap_value"": -0.05, ""impact"": -0.05}, {""feature_key"": ""lag_3"", ""feature_name"": ""Short-term Congestion (3h ago)"", ""feature_value"": 75.4, ""shap_value"": -0.04, ""impact"": -0.04}, {""feature_key"": ""roll_mean_6h"", ""feature_name"": ""6-Hour Moving Congestion Trend"", ""feature_value"": 74.25, ""shap_value"": -0.04, ""impact"": -0.04}]",60.24
2975,MAA_PHOENIX_VELACHERY,2026-09-25T19:00:00,2026-09-23T20:00:00,47,97.9,SEVERE,31.3,Monsoon Downpour,16,"[{""feature_key"": ""lag_168"", ""feature_name"": ""Same Time Last Week Congestion"", ""feature_value"": 98.5, ""shap_value"": 23.97, ""impact"": 23.97}, {""feature_key"": ""lag_1"", ""feature_name"": ""Recent Congestion (1h ago)"", ""feature_value"": 98.1, ""shap_value"": 2.83, ""impact"": 2.83}, {""feature_key"": ""lag_foot_24"", ""feature_name"": ""Yesterday's Foot-Traffic"", ""feature_value"": 9790.0, ""shap_value"": 2.46, ""impact"": 2.46}, {""feature_key"": ""lag_24"", ""feature_name"": ""Yesterday's Same-Hour Congestion"", ""feature_value"": 97.9, ""shap_value"": 2.35, ""impact"": 2.35}, {""feature_key"": ""hour_sin"", ""feature_name"": ""Time of Day (Peak Window)"", ""feature_value"": -0.97, ""shap_value"": 1.57, ""impact"": 1.57}]","[{""feature_key"": ""dow_sin"", ""feature_name"": ""Weekly Schedule Cycle"", ""feature_value"": -0.43, ""shap_value"": -0.3, ""impact"": -0.3}, {""feature_key"": ""lag_3"", ""feature_name"": ""Short-term Congestion (3h ago)"", ""feature_value"": 89.4, ""shap_value"": -0.27, ""impact"": -0.27}, {""feature_key"": ""roll_mean_6h"", ""feature_name"": ""6-Hour Moving Congestion Trend"", ""feature_value"": 81.27, ""shap_value"": -0.26, ""impact"": -0.26}, {""feature_key"": ""lag_trips_24"", ""feature_name"": ""Yesterday's Scheduled Transit Trips"", ""feature_value"": 16.0, ""shap_value"": -0.2, ""impact"": -0.2}, {""feature_key"": ""feels_like_c"", ""feature_name"": ""Apparent Feels-Like Temperature"", ""feature_value"": 30.9, ""shap_value"": -0.06, ""impact"": -0.06}]",60.24
2976,MAA_PHOENIX_VELACHERY,2026-09-25T20:00:00,2026-09-23T20:00:00,48,95.4,SEVERE,30.0,Thunderstorm / Rain,16,"[{""feature_key"": ""lag_168"", ""feature_name"": ""Same Time Last Week Congestion"", ""feature_value"": 97.4, ""shap_value"": 22.64, ""impact"": 22.64}, {""feature_key"": ""lag_1"", ""feature_name"": ""Recent Congestion (1h ago)"", ""feature_value"": 97.9, ""shap_value"": 2.55, ""impact"": 2.55}, {""feature_key"": ""lag_foot_24"", ""feature_name"": ""Yesterday's Foot-Traffic"", ""feature_value"": 9570.0, ""shap_value"": 2.37, ""impact"": 2.37}, {""feature_key"": ""lag_24"", ""feature_name"": ""Yesterday's Same-Hour Congestion"", ""feature_value"": 95.7, ""shap_value"": 1.74, ""impact"": 1.74}, {""feature_key"": ""precip_mm"", ""feature_name"": ""Rainfall Intensity"", ""feature_value"": 4.05, ""shap_value"": 1.64, ""impact"": 1.64}]","[{""feature_key"": ""lag_3"", ""feature_name"": ""Short-term Congestion (3h ago)"", ""feature_value"": 98.3, ""shap_value"": -0.39, ""impact"": -0.39}, {""feature_key"": ""dow_sin"", ""feature_name"": ""Weekly Schedule Cycle"", ""feature_value"": -0.43, ""shap_value"": -0.36, ""impact"": -0.36}, {""feature_key"": ""lag_trips_24"", ""feature_name"": ""Yesterday's Scheduled Transit Trips"", ""feature_value"": 16.0, ""shap_value"": -0.27, ""impact"": -0.27}, {""feature_key"": ""roll_mean_6h"", ""feature_name"": ""6-Hour Moving Congestion Trend"", ""feature_value"": 88.03, ""shap_value"": -0.23, ""impact"": -0.23}, {""feature_key"": ""hour_cos"", ""feature_name"": ""Time of Day (Diurnal Cycle)"", ""feature_value"": 0.5, ""shap_value"": -0.1, ""impact"": -0.1}]",60.24
